year,era_citation,pdf_url,legal_outcome,monetary_outcome,paired,disagrees
2010,AA 473/10,https://determinations.era.govt.nz/assets/elawpdf/2010/0021c65182/aa-473_10.pdf,employee_win,employee_win,yes,no
2010,CA 57/10,https://determinations.era.govt.nz/assets/elawpdf/2010/00a0aa916c/ca-57_10.pdf,employee_win,employee_win,yes,no
2010,CA 13/10,https://determinations.era.govt.nz/assets/elawpdf/2010/029ff33268/ca-13_10.pdf,employee_win,employer_win,yes,yes
2010,WA 201/10,https://determinations.era.govt.nz/assets/elawpdf/2010/0350713d31/wa-201_10.pdf,employee_win,employee_win,yes,no
2010,CA 175/10,https://determinations.era.govt.nz/assets/elawpdf/2010/03b5f67e6f/ca-175_10.pdf,employer_win,employee_win,yes,yes
2010,AA 36/10,https://determinations.era.govt.nz/assets/elawpdf/2010/04495cf19c/aa-36_10.pdf,employer_win,employee_win,yes,yes
2010,AA 310/10,https://determinations.era.govt.nz/assets/elawpdf/2010/057bec1448/aa-310_10.pdf,employee_win,employer_win,yes,yes
2010,AA 465/10,https://determinations.era.govt.nz/assets/elawpdf/2010/05e92abdc4/aa-465_10.pdf,employee_win,employee_win,yes,no
2010,AA 422/10,https://determinations.era.govt.nz/assets/elawpdf/2010/07186c492d/aa-422_10.pdf,employee_win,employer_win,yes,yes
2010,CA 162/10,https://determinations.era.govt.nz/assets/elawpdf/2010/08558757ea/ca-162_10.pdf,employer_win,employer_win,yes,no
2010,AA 41/10,https://determinations.era.govt.nz/assets/elawpdf/2010/091e4a682d/aa-41_10.pdf,employer_win,employer_win,yes,no
2010,CA 44/10,https://determinations.era.govt.nz/assets/elawpdf/2010/0ab30eb733/ca-44_10.pdf,employee_win,employer_win,yes,yes
2010,CA 218/10,https://determinations.era.govt.nz/assets/elawpdf/2010/0bbc994ffe/ca-218_10.pdf,employee_win,employee_win,yes,no
2010,CA 236/10,https://determinations.era.govt.nz/assets/elawpdf/2010/0bdc8f9cfa/ca-236_10.pdf,employee_win,employee_win,yes,no
2010,CA 143/10,https://determinations.era.govt.nz/assets/elawpdf/2010/0c39457e0b/ca-143_10.pdf,employee_win,employee_win,yes,no
2010,AA 82/10,https://determinations.era.govt.nz/assets/elawpdf/2010/0cae20172b/aa-82_10.pdf,employer_win,employer_win,yes,no
2010,AA 251/10,https://determinations.era.govt.nz/assets/elawpdf/2010/0d10cf81c0/aa-251_10.pdf,employee_win,employer_win,yes,yes
2010,AA 87/10,https://determinations.era.govt.nz/assets/elawpdf/2010/0d9ad2fd5a/aa-87_10.pdf,employee_win,employee_win,yes,no
2010,AA 273/10,https://determinations.era.govt.nz/assets/elawpdf/2010/0d9e39e918/aa-273_10.pdf,employee_win,employee_win,yes,no
2010,CA 73/10,https://determinations.era.govt.nz/assets/elawpdf/2010/0e1c537338/ca-73_10.pdf,employer_win,employer_win,yes,no
2010,AA 215/10,https://determinations.era.govt.nz/assets/elawpdf/2010/0f9804f619/aa-215_10.pdf,employee_win,employer_win,yes,yes
2010,AA 169/10,https://determinations.era.govt.nz/assets/elawpdf/2010/0fa3b095bd/aa-169_10.pdf,employer_win,employee_win,yes,yes
2010,AA 19/10,https://determinations.era.govt.nz/assets/elawpdf/2010/0ffe53c0bd/aa-19_10.pdf,employer_win,employer_win,yes,no
2010,AA 146/10,https://determinations.era.govt.nz/assets/elawpdf/2010/10194df985/aa-146_10.pdf,employer_win,employer_win,yes,no
2010,CA 26/10,https://determinations.era.govt.nz/assets/elawpdf/2010/10e9a2d020/ca-26_10.pdf,employee_win,employee_win,yes,no
2010,AA 497/10,https://determinations.era.govt.nz/assets/elawpdf/2010/1176471c07/aa-497_10.pdf,employee_win,employee_win,yes,no
2010,AA 414/10,https://determinations.era.govt.nz/assets/elawpdf/2010/11a6375aaa/aa-414_10.pdf,employee_win,employee_win,yes,no
2010,WA 199/10,https://determinations.era.govt.nz/assets/elawpdf/2010/123fdbbe93/wa-199_10.pdf,employee_win,employee_win,yes,no
2010,AA 418/10,https://determinations.era.govt.nz/assets/elawpdf/2010/12ad436ac4/aa-418_10.pdf,employee_win,employer_win,yes,yes
2010,CA 102/10,https://determinations.era.govt.nz/assets/elawpdf/2010/13fcec2aed/ca-102_10.pdf,employer_win,employer_win,yes,no
2010,AA 192/10,https://determinations.era.govt.nz/assets/elawpdf/2010/167aa5007b/aa-192_10.pdf,employee_win,employer_win,yes,yes
2010,WA 160/10,https://determinations.era.govt.nz/assets/elawpdf/2010/17ff48f4ae/wa-160_10.pdf,employer_win,employer_win,yes,no
2010,AA 495/10,https://determinations.era.govt.nz/assets/elawpdf/2010/192501f8b1/aa-495_10.pdf,employee_win,employee_win,yes,no
2010,CA 5A/10,https://determinations.era.govt.nz/assets/elawpdf/2010/19c0470e40/ca-5a_10.pdf,employer_win,employer_win,yes,no
2010,CA 16/10,https://determinations.era.govt.nz/assets/elawpdf/2010/1a32218838/ca-16_10.pdf,employee_win,employee_win,yes,no
2010,AA 475/10,https://determinations.era.govt.nz/assets/elawpdf/2010/1ccbddf996/aa-475_10.pdf,employee_win,employee_win,yes,no
2010,AA 460/10,https://determinations.era.govt.nz/assets/elawpdf/2010/1da47a1b58/aa-460_10.pdf,employer_win,employer_win,yes,no
2010,WA 120/10,https://determinations.era.govt.nz/assets/elawpdf/2010/1e8d97c535/wa-120_10.pdf,employer_win,employer_win,yes,no
2010,CA 189/10,https://determinations.era.govt.nz/assets/elawpdf/2010/1ecea436d8/ca-189_10.pdf,employee_win,employee_win,yes,no
2010,AA 38/10,https://determinations.era.govt.nz/assets/elawpdf/2010/1f5a297e27/aa-38_10.pdf,employee_win,employee_win,yes,no
2010,CA 42/10,https://determinations.era.govt.nz/assets/elawpdf/2010/1f8e96d533/ca-42_10.pdf,employee_win,employee_win,yes,no
2010,AA 172A/10,https://determinations.era.govt.nz/assets/elawpdf/2010/20330e240f/aa-172a_10.pdf,employer_win,employer_win,yes,no
2010,AA 299/10,https://determinations.era.govt.nz/assets/elawpdf/2010/20c006869a/aa-299_10.pdf,employer_win,employer_win,yes,no
2010,AA 368/10,https://determinations.era.govt.nz/assets/elawpdf/2010/214758bb43/aa-368_10.pdf,employer_win,employer_win,yes,no
2010,AA 433/10,https://determinations.era.govt.nz/assets/elawpdf/2010/21ee2a2145/aa-433_10.pdf,employer_win,employer_win,yes,no
2010,WA 122/10,https://determinations.era.govt.nz/assets/elawpdf/2010/2289b0c800/wa-122_10.pdf,employee_win,employer_win,yes,yes
2010,AA 325/10,https://determinations.era.govt.nz/assets/elawpdf/2010/22f14a97db/aa-325_10.pdf,employee_win,employee_win,yes,no
2010,CA 211/10,https://determinations.era.govt.nz/assets/elawpdf/2010/24d0752c5d/ca-211_10.pdf,employer_win,employer_win,yes,no
2010,CA 168/10,https://determinations.era.govt.nz/assets/elawpdf/2010/2515450c8f/ca-168_10.pdf,employer_win,employer_win,yes,no
2010,AA 428/10,https://determinations.era.govt.nz/assets/elawpdf/2010/2572218e8e/aa-428_10.pdf,employee_win,employer_win,yes,yes
2010,CA 88/10,https://determinations.era.govt.nz/assets/elawpdf/2010/27a76c3285/ca-88_10.pdf,employee_win,employee_win,yes,no
2010,WA 164/10,https://determinations.era.govt.nz/assets/elawpdf/2010/2874e35e54/wa-164_10.pdf,employee_win,employer_win,yes,yes
2010,AA 160/10,https://determinations.era.govt.nz/assets/elawpdf/2010/2955556039/aa-160_10.pdf,employee_win,employee_win,yes,no
2010,CA 160/10,https://determinations.era.govt.nz/assets/elawpdf/2010/2ba9e7b676/ca-160_10.pdf,employee_win,employee_win,yes,no
2010,AA 242/10,https://determinations.era.govt.nz/assets/elawpdf/2010/2bb2a12dd5/aa-242_10.pdf,employee_win,employee_win,yes,no
2010,AA 403/10,https://determinations.era.govt.nz/assets/elawpdf/2010/2cb3af093f/aa-403_10.pdf,employee_win,employee_win,yes,no
2010,CA 104/10,https://determinations.era.govt.nz/assets/elawpdf/2010/2d09df2615/ca-104_10.pdf,employer_win,employer_win,yes,no
2010,CA 11A/10,https://determinations.era.govt.nz/assets/elawpdf/2010/2e327558de/ca-11a_10.pdf,employee_win,employee_win,yes,no
2010,WA 206/10,https://determinations.era.govt.nz/assets/elawpdf/2010/2ecbf5cd22/wa-206_10.pdf,employer_win,employee_win,yes,yes
2010,AA 509/10,https://determinations.era.govt.nz/assets/elawpdf/2010/2f02d3c95a/aa-509_10.pdf,employer_win,employer_win,yes,no
2010,AA 164/10,https://determinations.era.govt.nz/assets/elawpdf/2010/2f031e18b9/aa-164_10.pdf,employer_win,employer_win,yes,no
2010,CA 231/10,https://determinations.era.govt.nz/assets/elawpdf/2010/2f310b711d/ca-231_10.pdf,employer_win,employee_win,yes,yes
2010,CA 83/10,https://determinations.era.govt.nz/assets/elawpdf/2010/2f990e7712/ca-83_10.pdf,employee_win,employer_win,yes,yes
2010,AA 347/10,https://determinations.era.govt.nz/assets/elawpdf/2010/3004fda7a0/aa-347_10.pdf,employer_win,employee_win,yes,yes
2010,WA 150/10,https://determinations.era.govt.nz/assets/elawpdf/2010/319f635081/wa-150_10.pdf,employer_win,employer_win,yes,no
2010,CA 230/10,https://determinations.era.govt.nz/assets/elawpdf/2010/31c814410d/ca-230_10.pdf,employee_win,employer_win,yes,yes
2010,WA 121/10,https://determinations.era.govt.nz/assets/elawpdf/2010/31c9bfc9dd/wa-121_10.pdf,employee_win,employee_win,yes,no
2010,AA 253/10,https://determinations.era.govt.nz/assets/elawpdf/2010/3362454b32/aa-253_10.pdf,employer_win,employer_win,yes,no
2010,CA 94/10,https://determinations.era.govt.nz/assets/elawpdf/2010/3437bd7b54/ca-94_10.pdf,employee_win,employee_win,yes,no
2010,AA 233/10,https://determinations.era.govt.nz/assets/elawpdf/2010/3536156a97/aa-233_10.pdf,employee_win,employee_win,yes,no
2010,AA 46/10,https://determinations.era.govt.nz/assets/elawpdf/2010/357f762595/aa-46_10.pdf,employee_win,employee_win,yes,no
2010,CA 79/10,https://determinations.era.govt.nz/assets/elawpdf/2010/361cf544a2/ca-79_10.pdf,employer_win,employee_win,yes,yes
2010,AA 125A/10,https://determinations.era.govt.nz/assets/elawpdf/2010/36242c5813/aa-125a_10.pdf,employer_win,employer_win,yes,no
2010,CA 153/10,https://determinations.era.govt.nz/assets/elawpdf/2010/3658c5237f/ca-153_10.pdf,employer_win,employer_win,yes,no
2010,CA 222/10,https://determinations.era.govt.nz/assets/elawpdf/2010/372c4be70d/ca-222_10.pdf,employer_win,employer_win,yes,no
2010,AA 270/10,https://determinations.era.govt.nz/assets/elawpdf/2010/37b3072eae/aa-270_10.pdf,employer_win,employer_win,yes,no
2010,AA 235/10,https://determinations.era.govt.nz/assets/elawpdf/2010/393b9f4509/aa-235_10.pdf,employee_win,employee_win,yes,no
2010,WA 3/10,https://determinations.era.govt.nz/assets/elawpdf/2010/3956f2ea14/wa-3_10.pdf,employer_win,employer_win,yes,no
2010,AA 494/10,https://determinations.era.govt.nz/assets/elawpdf/2010/39ce4f3990/aa-494_10.pdf,employee_win,employee_win,yes,no
2010,WA 81B/10,https://determinations.era.govt.nz/assets/elawpdf/2010/3b71ce4935/wa-81b_10.pdf,employee_win,employee_win,yes,no
2010,WA 77/10,https://determinations.era.govt.nz/assets/elawpdf/2010/3c7c0d2b84/wa-77_10.pdf,employee_win,employee_win,yes,no
2010,AA 426/10,https://determinations.era.govt.nz/assets/elawpdf/2010/3d507342bc/aa-426_10.pdf,employee_win,employee_win,yes,no
2010,AA 71/10,https://determinations.era.govt.nz/assets/elawpdf/2010/3d9d0af552/aa-71_10.pdf,employee_win,employee_win,yes,no
2010,CA 223/10,https://determinations.era.govt.nz/assets/elawpdf/2010/3e0b4b6565/ca-223_10.pdf,employer_win,employer_win,yes,no
2010,CA 176/10,https://determinations.era.govt.nz/assets/elawpdf/2010/3e7e78dc1f/ca-176_10.pdf,employer_win,employee_win,yes,yes
2010,AA 528/10,https://determinations.era.govt.nz/assets/elawpdf/2010/3f38b9bbb4/aa-528_10.pdf,employee_win,employer_win,yes,yes
2010,CA 4/10,https://determinations.era.govt.nz/assets/elawpdf/2010/3f3a776477/ca-4_10.pdf,employee_win,employee_win,yes,no
2010,CA 108/10,https://determinations.era.govt.nz/assets/elawpdf/2010/408fb1be00/ca-108_10.pdf,employee_win,employee_win,yes,no
2010,AA 305/10,https://determinations.era.govt.nz/assets/elawpdf/2010/4093cf7b9e/aa-305_10.pdf,employee_win,employee_win,yes,no
2010,CA 51/10,https://determinations.era.govt.nz/assets/elawpdf/2010/40ace210d5/ca-51_10.pdf,employer_win,employer_win,yes,no
2010,CA 14/10,https://determinations.era.govt.nz/assets/elawpdf/2010/40f6a09008/ca-14_10.pdf,employee_win,employee_win,yes,no
2010,CA 33/10,https://determinations.era.govt.nz/assets/elawpdf/2010/4129853fdc/ca-33_10.pdf,employer_win,employee_win,yes,yes
2010,CA 148/10,https://determinations.era.govt.nz/assets/elawpdf/2010/4300116b88/ca-148_10.pdf,employee_win,employer_win,yes,yes
2010,AA 527/10,https://determinations.era.govt.nz/assets/elawpdf/2010/432b926cda/aa-527_10.pdf,employee_win,employer_win,yes,yes
2010,AA 345/10,https://determinations.era.govt.nz/assets/elawpdf/2010/437abe89e3/aa-345_10.pdf,employer_win,employer_win,yes,no
2010,AA 477/10,https://determinations.era.govt.nz/assets/elawpdf/2010/4540c3649b/aa-477_10.pdf,employee_win,employee_win,yes,no
2010,AA 26/10,https://determinations.era.govt.nz/assets/elawpdf/2010/4636fbc068/aa-26_10.pdf,employer_win,employee_win,yes,yes
2010,CA 21/10,https://determinations.era.govt.nz/assets/elawpdf/2010/463b947b32/ca-21_10.pdf,employer_win,employer_win,yes,no
2010,WA 173/10,https://determinations.era.govt.nz/assets/elawpdf/2010/469c21d5d8/wa-173_10.pdf,employee_win,employee_win,yes,no
2010,AA 412/10,https://determinations.era.govt.nz/assets/elawpdf/2010/4773df01c7/aa-412_10.pdf,employee_win,employee_win,yes,no
2010,AA 149/10,https://determinations.era.govt.nz/assets/elawpdf/2010/478257d708/aa-149_10.pdf,employer_win,employer_win,yes,no
2010,AA 24/10,https://determinations.era.govt.nz/assets/elawpdf/2010/47ca31a47c/aa-24_10.pdf,employee_win,employee_win,yes,no
2010,CA 71/10,https://determinations.era.govt.nz/assets/elawpdf/2010/483ac9c5be/ca-71_10.pdf,employer_win,employee_win,yes,yes
2010,CA 43/10,https://determinations.era.govt.nz/assets/elawpdf/2010/486792fd8d/ca-43_10.pdf,employee_win,employee_win,yes,no
2010,AA 95/10,https://determinations.era.govt.nz/assets/elawpdf/2010/49038a26f9/aa-95_10.pdf,employer_win,employer_win,yes,no
2010,CA 170/10,https://determinations.era.govt.nz/assets/elawpdf/2010/4964bfe2e5/ca-170_10.pdf,employee_win,employer_win,yes,yes
2010,WA 75/10,https://determinations.era.govt.nz/assets/elawpdf/2010/4a762a2b1e/wa-75_10.pdf,employee_win,employer_win,yes,yes
2010,AA 184/10,https://determinations.era.govt.nz/assets/elawpdf/2010/4b3659b1a9/aa-184_10.pdf,employee_win,employer_win,yes,yes
2010,AA 170/10,https://determinations.era.govt.nz/assets/elawpdf/2010/4c284dd6fa/aa-170_10.pdf,employer_win,employee_win,yes,yes
2010,AA 374/10,https://determinations.era.govt.nz/assets/elawpdf/2010/4c3e481990/aa-374_10.pdf,employer_win,employer_win,yes,no
2010,AA 510/10,https://determinations.era.govt.nz/assets/elawpdf/2010/4d8f49b74c/aa-510_10.pdf,employee_win,employee_win,yes,no
2010,AA 377/10,https://determinations.era.govt.nz/assets/elawpdf/2010/4dedf93783/aa-377_10.pdf,employee_win,employee_win,yes,no
2010,CA 8/10,https://determinations.era.govt.nz/assets/elawpdf/2010/4dfd46e290/ca-8_10.pdf,employee_win,employee_win,yes,no
2010,AA 459/10,https://determinations.era.govt.nz/assets/elawpdf/2010/4ee17ce20b/aa-459_10.pdf,employee_win,employee_win,yes,no
2010,AA 298/10,https://determinations.era.govt.nz/assets/elawpdf/2010/4ee95022c2/aa-298_10.pdf,employer_win,employer_win,yes,no
2010,CA 193/10,https://determinations.era.govt.nz/assets/elawpdf/2010/4f1b62568e/ca-193_10.pdf,employee_win,employee_win,yes,no
2010,AA 309/10,https://determinations.era.govt.nz/assets/elawpdf/2010/4f6130109d/aa-309_10.pdf,employer_win,employer_win,yes,no
2010,CA 67/10,https://determinations.era.govt.nz/assets/elawpdf/2010/506e3860c6/ca-67_10.pdf,employer_win,employer_win,yes,no
2010,WA 136/10,https://determinations.era.govt.nz/assets/elawpdf/2010/508f9db2cd/wa-136_10.pdf,employee_win,employee_win,yes,no
2010,WA 23/10,https://determinations.era.govt.nz/assets/elawpdf/2010/50fd84659c/wa-23_10.pdf,employer_win,employer_win,yes,no
2010,AA 110/10,https://determinations.era.govt.nz/assets/elawpdf/2010/516a07e6f9/aa-110_10.pdf,employer_win,employer_win,yes,no
2010,CA 34/10,https://determinations.era.govt.nz/assets/elawpdf/2010/516ea9157e/ca-34_10.pdf,employee_win,employer_win,yes,yes
2010,CA 103/10,https://determinations.era.govt.nz/assets/elawpdf/2010/519597ad66/ca-103_10.pdf,employee_win,employee_win,yes,no
2010,AA 106/10,https://determinations.era.govt.nz/assets/elawpdf/2010/51b36f7b2c/aa-106_10.pdf,employer_win,employer_win,yes,no
2010,AA 201/10,https://determinations.era.govt.nz/assets/elawpdf/2010/52231daa32/aa-201_10.pdf,employer_win,employer_win,yes,no
2010,CA 147/10,https://determinations.era.govt.nz/assets/elawpdf/2010/53097ab383/ca-147_10.pdf,employer_win,employer_win,yes,no
2010,WA 83/10,https://determinations.era.govt.nz/assets/elawpdf/2010/5338525b1a/wa-83_10.pdf,employee_win,employee_win,yes,no
2010,WA 73/10,https://determinations.era.govt.nz/assets/elawpdf/2010/544155f8c0/wa-73_10.pdf,employee_win,employer_win,yes,yes
2010,AA 306/10,https://determinations.era.govt.nz/assets/elawpdf/2010/56e1ebdcfd/aa-306_10.pdf,employee_win,employee_win,yes,no
2010,WA 40/10,https://determinations.era.govt.nz/assets/elawpdf/2010/577cf22ed2/wa-40_10.pdf,employee_win,employee_win,yes,no
2010,AA 456/10,https://determinations.era.govt.nz/assets/elawpdf/2010/57e8f34f2b/aa-456_10.pdf,employee_win,employee_win,yes,no
2010,AA 421/10,https://determinations.era.govt.nz/assets/elawpdf/2010/5a1ba6f874/aa-421_10.pdf,employer_win,employer_win,yes,no
2010,AA 288/10,https://determinations.era.govt.nz/assets/elawpdf/2010/5c9f966074/aa-288_10.pdf,employer_win,employer_win,yes,no
2010,CA 6B/10,https://determinations.era.govt.nz/assets/elawpdf/2010/5cbbb0b781/ca-6b_10.pdf,employee_win,employee_win,yes,no
2010,WA 127/10,https://determinations.era.govt.nz/assets/elawpdf/2010/5d6dc8b5ad/wa-127_10.pdf,employer_win,employee_win,yes,yes
2010,AA 304/10,https://determinations.era.govt.nz/assets/elawpdf/2010/5d9dab4f12/aa-304_10.pdf,employee_win,employee_win,yes,no
2010,CA 36/10,https://determinations.era.govt.nz/assets/elawpdf/2010/5dc9f8e17b/ca-36_10.pdf,employer_win,employer_win,yes,no
2010,WA 113/10,https://determinations.era.govt.nz/assets/elawpdf/2010/5dcc47ea95/wa-113_10.pdf,employee_win,employee_win,yes,no
2010,AA 402/10,https://determinations.era.govt.nz/assets/elawpdf/2010/5e7ff3750c/aa-402_10.pdf,employer_win,employer_win,yes,no
2010,AA 262/10,https://determinations.era.govt.nz/assets/elawpdf/2010/5f20b12e06/aa-262_10.pdf,employee_win,employer_win,yes,yes
2010,CA 63/10,https://determinations.era.govt.nz/assets/elawpdf/2010/5f5628e16b/ca-63_10.pdf,employee_win,employer_win,yes,yes
2010,AA 9A/10,https://determinations.era.govt.nz/assets/elawpdf/2010/62a67267ad/aa-9a_10.pdf,employee_win,employee_win,yes,no
2010,CA 37/10,https://determinations.era.govt.nz/assets/elawpdf/2010/6380bddcb3/ca-37_10.pdf,employer_win,employee_win,yes,yes
2010,AA 382/10,https://determinations.era.govt.nz/assets/elawpdf/2010/647392403b/aa-382_10.pdf,employer_win,employee_win,yes,yes
2010,AA 111/10,https://determinations.era.govt.nz/assets/elawpdf/2010/652e4fc6a4/aa-111_10.pdf,employee_win,employee_win,yes,no
2010,AA 328/10,https://determinations.era.govt.nz/assets/elawpdf/2010/653e5bb979/aa-328_10.pdf,employer_win,employer_win,yes,no
2010,CA 197/10,https://determinations.era.govt.nz/assets/elawpdf/2010/660decb32f/ca-197_10.pdf,employer_win,employer_win,yes,no
2010,AA 205/10,https://determinations.era.govt.nz/assets/elawpdf/2010/66ef9ead76/aa-205_10.pdf,employee_win,employer_win,yes,yes
2010,AA 179/10,https://determinations.era.govt.nz/assets/elawpdf/2010/6737ed1c88/aa-179_10.pdf,employer_win,employer_win,yes,no
2010,AA 102/10,https://determinations.era.govt.nz/assets/elawpdf/2010/6775d21c54/aa-102_10.pdf,employer_win,employer_win,yes,no
2010,AA 373/10,https://determinations.era.govt.nz/assets/elawpdf/2010/67d01c8218/aa-373_10.pdf,employer_win,employer_win,yes,no
2010,WA 167/10,https://determinations.era.govt.nz/assets/elawpdf/2010/688b107281/wa-167_10.pdf,employee_win,employee_win,yes,no
2010,AA 150/10,https://determinations.era.govt.nz/assets/elawpdf/2010/693129aec3/aa-150_10.pdf,employer_win,employer_win,yes,no
2010,WA 104/10,https://determinations.era.govt.nz/assets/elawpdf/2010/69b127167b/wa-104_10.pdf,employer_win,employer_win,yes,no
2010,AA 415/10,https://determinations.era.govt.nz/assets/elawpdf/2010/6aa32aa6f5/aa-415_10.pdf,employee_win,employee_win,yes,no
2010,AA 462/10,https://determinations.era.govt.nz/assets/elawpdf/2010/6aee800b6b/aa-462_10.pdf,employee_win,employer_win,yes,yes
2010,AA 387/10,https://determinations.era.govt.nz/assets/elawpdf/2010/6d204a1d5f/aa-387_10.pdf,employee_win,employee_win,yes,no
2010,AA 265/10,https://determinations.era.govt.nz/assets/elawpdf/2010/6d3bf30d6f/aa-265_10.pdf,employee_win,employer_win,yes,yes
2010,AA 331/10,https://determinations.era.govt.nz/assets/elawpdf/2010/6d4329125b/aa-331_10.pdf,employee_win,employer_win,yes,yes
2010,WA 34/10,https://determinations.era.govt.nz/assets/elawpdf/2010/6e9770edd1/wa-34_10.pdf,employee_win,employee_win,yes,no
2010,AA 491/10,https://determinations.era.govt.nz/assets/elawpdf/2010/6ede05e855/aa-491_10.pdf,employee_win,employer_win,yes,yes
2010,AA 44/10,https://determinations.era.govt.nz/assets/elawpdf/2010/6f7352540a/aa-44_10.pdf,employer_win,employer_win,yes,no
2010,CA 174/10,https://determinations.era.govt.nz/assets/elawpdf/2010/702ca470e2/ca-174_10.pdf,employer_win,employer_win,yes,no
2010,AA 409/10,https://determinations.era.govt.nz/assets/elawpdf/2010/706d55beb0/aa-409_10.pdf,employer_win,employer_win,yes,no
2010,WA 87/10,https://determinations.era.govt.nz/assets/elawpdf/2010/70f44e2f15/wa-87_10.pdf,employee_win,employee_win,yes,no
2010,AA 471/10,https://determinations.era.govt.nz/assets/elawpdf/2010/7167c8a728/aa-471_10.pdf,employee_win,employee_win,yes,no
2010,AA 250/10,https://determinations.era.govt.nz/assets/elawpdf/2010/71b6886a13/aa-250_10.pdf,employee_win,employee_win,yes,no
2010,AA 351/10,https://determinations.era.govt.nz/assets/elawpdf/2010/7241947f18/aa-351_10.pdf,employer_win,employer_win,yes,no
2010,CA 97/10,https://determinations.era.govt.nz/assets/elawpdf/2010/728a11bd24/ca-97_10.pdf,employee_win,employer_win,yes,yes
2010,CA 77/10,https://determinations.era.govt.nz/assets/elawpdf/2010/728fc5f820/ca-77_10.pdf,employer_win,employer_win,yes,no
2010,WA 158/10,https://determinations.era.govt.nz/assets/elawpdf/2010/72fc4357d7/wa-158_10.pdf,employer_win,employee_win,yes,yes
2010,AA 123/10,https://determinations.era.govt.nz/assets/elawpdf/2010/73ff17ab55/aa-123_10.pdf,employee_win,employee_win,yes,no
2010,AA 60/10,https://determinations.era.govt.nz/assets/elawpdf/2010/7406c82b87/aa-60_10.pdf,employer_win,employer_win,yes,no
2010,AA 302/10,https://determinations.era.govt.nz/assets/elawpdf/2010/75c32d2e99/aa-302_10.pdf,employer_win,employee_win,yes,yes
2010,CA 152/10,https://determinations.era.govt.nz/assets/elawpdf/2010/762569be9a/ca-152_10.pdf,employee_win,employer_win,yes,yes
2010,CA 166/10,https://determinations.era.govt.nz/assets/elawpdf/2010/7793e18c88/ca-166_10.pdf,employee_win,employer_win,yes,yes
2010,AA 176/10,https://determinations.era.govt.nz/assets/elawpdf/2010/77afd14bc5/aa-176_10.pdf,employer_win,employer_win,yes,no
2010,AA 481/10,https://determinations.era.govt.nz/assets/elawpdf/2010/78027af97f/aa-481_10.pdf,employer_win,employer_win,yes,no
2010,CA 171/10,https://determinations.era.govt.nz/assets/elawpdf/2010/78eb315e1b/ca-171_10.pdf,employee_win,employee_win,yes,no
2010,CA 128/10,https://determinations.era.govt.nz/assets/elawpdf/2010/7af95f725e/ca-128_10.pdf,employee_win,employee_win,yes,no
2010,CA 105/10,https://determinations.era.govt.nz/assets/elawpdf/2010/7b9388f53e/ca-105_10.pdf,employee_win,employee_win,yes,no
2010,CA 167/10,https://determinations.era.govt.nz/assets/elawpdf/2010/7bc572fe8a/ca-167_10.pdf,employer_win,employer_win,yes,no
2010,AA 2/10,https://determinations.era.govt.nz/assets/elawpdf/2010/7bdb10ae0c/aa-2_10.pdf,employee_win,employer_win,yes,yes
2010,AA 381/10,https://determinations.era.govt.nz/assets/elawpdf/2010/7d2f1d93a3/aa-381_10.pdf,employer_win,employer_win,yes,no
2010,AA 405/10,https://determinations.era.govt.nz/assets/elawpdf/2010/7d460461e9/aa-405_10.pdf,employee_win,employee_win,yes,no
2010,AA 376/10,https://determinations.era.govt.nz/assets/elawpdf/2010/7dd690142d/aa-376_10.pdf,employer_win,employee_win,yes,yes
2010,CA 188/10,https://determinations.era.govt.nz/assets/elawpdf/2010/7dde501382/ca-188_10.pdf,employee_win,employee_win,yes,no
2010,WA 92/10,https://determinations.era.govt.nz/assets/elawpdf/2010/80674a2d99/wa-92_10.pdf,employer_win,employer_win,yes,no
2010,WA 198/10,https://determinations.era.govt.nz/assets/elawpdf/2010/81c1fad875/wa-198_10.pdf,employee_win,employer_win,yes,yes
2010,AA 39/10,https://determinations.era.govt.nz/assets/elawpdf/2010/830edf6be2/aa-39_10.pdf,employee_win,employee_win,yes,no
2010,WA 178/10,https://determinations.era.govt.nz/assets/elawpdf/2010/83e570b5a6/wa-178_10.pdf,employee_win,employer_win,yes,yes
2010,AA 21/10,https://determinations.era.govt.nz/assets/elawpdf/2010/843568b7bd/aa-21_10.pdf,employer_win,employer_win,yes,no
2010,AA 234/10,https://determinations.era.govt.nz/assets/elawpdf/2010/855ae48fd3/aa-234_10.pdf,employee_win,employee_win,yes,no
2010,AA 89/10,https://determinations.era.govt.nz/assets/elawpdf/2010/856ca66b9b/aa-89_10.pdf,employer_win,employer_win,yes,no
2010,AA 136/10,https://determinations.era.govt.nz/assets/elawpdf/2010/872e681ae7/aa-136_10.pdf,employee_win,employee_win,yes,no
2010,AA 358/10,https://determinations.era.govt.nz/assets/elawpdf/2010/87e446b9a6/aa-358_10.pdf,employer_win,employer_win,yes,no
2010,AA 229/10,https://determinations.era.govt.nz/assets/elawpdf/2010/88091780a5/aa-229_10.pdf,employer_win,employee_win,yes,yes
2010,WA 112/10,https://determinations.era.govt.nz/assets/elawpdf/2010/88ac708be7/wa-112_10.pdf,employee_win,employee_win,yes,no
2010,AA 257/10,https://determinations.era.govt.nz/assets/elawpdf/2010/88ffa275dd/aa-257_10.pdf,employer_win,employer_win,yes,no
2010,CA 180/10,https://determinations.era.govt.nz/assets/elawpdf/2010/898fea2922/ca-180_10.pdf,employee_win,employee_win,yes,no
2010,AA 275/10,https://determinations.era.govt.nz/assets/elawpdf/2010/8b6a9b2edc/aa-275_10.pdf,employee_win,employer_win,yes,yes
2010,AA 61/10,https://determinations.era.govt.nz/assets/elawpdf/2010/8c2be56d58/aa-61_10.pdf,employer_win,employer_win,yes,no
2010,AA 56/10,https://determinations.era.govt.nz/assets/elawpdf/2010/8cd53502b9/aa-56_10.pdf,employee_win,employee_win,yes,no
2010,AA 181/10,https://determinations.era.govt.nz/assets/elawpdf/2010/8d3b0d315e/aa-181_10.pdf,employer_win,employer_win,yes,no
2010,AA 168/10,https://determinations.era.govt.nz/assets/elawpdf/2010/8d69c523f4/aa-168_10.pdf,employee_win,employee_win,yes,no
2010,WA 76/10,https://determinations.era.govt.nz/assets/elawpdf/2010/8e23bd1f06/wa-76_10.pdf,employee_win,employee_win,yes,no
2010,AA 125/10,https://determinations.era.govt.nz/assets/elawpdf/2010/8e76533dc8/aa-125_10.pdf,employee_win,employee_win,yes,no
2010,CA 101/10,https://determinations.era.govt.nz/assets/elawpdf/2010/8e9480a91b/ca-101_10.pdf,employer_win,employee_win,yes,yes
2010,AA 206/10,https://determinations.era.govt.nz/assets/elawpdf/2010/91ed151085/aa-206_10.pdf,employer_win,employer_win,yes,no
2010,CA 238/10,https://determinations.era.govt.nz/assets/elawpdf/2010/9245b6d36a/ca-238_10.pdf,employee_win,employee_win,yes,no
2010,AA 282/10,https://determinations.era.govt.nz/assets/elawpdf/2010/934bc76d16/aa-282_10.pdf,employee_win,employee_win,yes,no
2010,AA 361/10,https://determinations.era.govt.nz/assets/elawpdf/2010/9362165e99/aa-361_10.pdf,employer_win,employee_win,yes,yes
2010,WA 2/10,https://determinations.era.govt.nz/assets/elawpdf/2010/93ee5c3cd2/wa-2_10.pdf,employer_win,employer_win,yes,no
2010,AA 406/10,https://determinations.era.govt.nz/assets/elawpdf/2010/94a4d72757/aa-406_10.pdf,employee_win,employer_win,yes,yes
2010,AA 508/10,https://determinations.era.govt.nz/assets/elawpdf/2010/951a662be4/aa-508_10.pdf,employer_win,employer_win,yes,no
2010,AA 353/10,https://determinations.era.govt.nz/assets/elawpdf/2010/95b61e59a9/aa-353_10.pdf,employer_win,employer_win,yes,no
2010,AA 419/10,https://determinations.era.govt.nz/assets/elawpdf/2010/95b8defb7a/aa-419_10.pdf,employer_win,employer_win,yes,no
2010,WA 157/10,https://determinations.era.govt.nz/assets/elawpdf/2010/964692620c/wa-157_10.pdf,employer_win,employer_win,yes,no
2010,AA 287/10,https://determinations.era.govt.nz/assets/elawpdf/2010/96d97f35d2/aa-287_10.pdf,employer_win,employer_win,yes,no
2010,CA 140/10,https://determinations.era.govt.nz/assets/elawpdf/2010/97903dd4be/ca-140_10.pdf,employer_win,employee_win,yes,yes
2010,AA 464/10,https://determinations.era.govt.nz/assets/elawpdf/2010/97f26937d9/aa-464_10.pdf,employee_win,employee_win,yes,no
2010,AA 155/10,https://determinations.era.govt.nz/assets/elawpdf/2010/9812afd0a1/aa-155_10.pdf,employer_win,employer_win,yes,no
2010,AA 251A/10,https://determinations.era.govt.nz/assets/elawpdf/2010/983d136b1a/aa-251a_10.pdf,employee_win,employee_win,yes,no
2010,WA 124/10,https://determinations.era.govt.nz/assets/elawpdf/2010/9957e06e61/wa-124_10.pdf,employee_win,employee_win,yes,no
2010,AA 13/10,https://determinations.era.govt.nz/assets/elawpdf/2010/9a53c661b7/aa-13_10.pdf,employee_win,employer_win,yes,yes
2010,CA 31/10,https://determinations.era.govt.nz/assets/elawpdf/2010/9c58005796/ca-31_10.pdf,employee_win,employee_win,yes,no
2010,CA 68/10,https://determinations.era.govt.nz/assets/elawpdf/2010/9cb84e9825/ca-68_10.pdf,employee_win,employee_win,yes,no
2010,AA 408/10,https://determinations.era.govt.nz/assets/elawpdf/2010/9d22354c30/aa-408_10.pdf,employer_win,employer_win,yes,no
2010,AA 457/10,https://determinations.era.govt.nz/assets/elawpdf/2010/9dce50c2f8/aa-457_10.pdf,employee_win,employee_win,yes,no
2010,AA 249/10,https://determinations.era.govt.nz/assets/elawpdf/2010/9f95123e96/aa-249_10.pdf,employee_win,employee_win,yes,no
2010,AA 395/10,https://determinations.era.govt.nz/assets/elawpdf/2010/a034dd21fa/aa-395_10.pdf,employee_win,employee_win,yes,no
2010,WA 140/10,https://determinations.era.govt.nz/assets/elawpdf/2010/a0b1d109b1/wa-140_10.pdf,employee_win,employee_win,yes,no
2010,AA 472/10,https://determinations.era.govt.nz/assets/elawpdf/2010/a1bfedcb16/aa-472_10.pdf,employer_win,employer_win,yes,no
2010,CA 145/10,https://determinations.era.govt.nz/assets/elawpdf/2010/a276b0a848/ca-145_10.pdf,employer_win,employer_win,yes,no
2010,AA 137/10,https://determinations.era.govt.nz/assets/elawpdf/2010/a332f538b9/aa-137_10.pdf,employee_win,employee_win,yes,no
2010,WA 123/10,https://determinations.era.govt.nz/assets/elawpdf/2010/a3c002a197/wa-123_10.pdf,employee_win,employee_win,yes,no
2010,AA 152A/10,https://determinations.era.govt.nz/assets/elawpdf/2010/a42040c700/aa-152a_10.pdf,employee_win,employee_win,yes,no
2010,WA 17/10,https://determinations.era.govt.nz/assets/elawpdf/2010/a43c565119/wa-17_10.pdf,employer_win,employer_win,yes,no
2010,AA 359/10,https://determinations.era.govt.nz/assets/elawpdf/2010/a493f18a54/aa-359_10.pdf,employer_win,employer_win,yes,no
2010,AA 503/10,https://determinations.era.govt.nz/assets/elawpdf/2010/a4982e9f34/aa-503_10.pdf,employer_win,employee_win,yes,yes
2010,CA 29/10,https://determinations.era.govt.nz/assets/elawpdf/2010/a543054b4f/ca-29_10.pdf,employee_win,employee_win,yes,no
2010,CA 135/10,https://determinations.era.govt.nz/assets/elawpdf/2010/a60d107a89/ca-135_10.pdf,employee_win,employee_win,yes,no
2010,CA 52/10,https://determinations.era.govt.nz/assets/elawpdf/2010/a649ead323/ca-52_10.pdf,employer_win,employer_win,yes,no
2010,AA 189/10,https://determinations.era.govt.nz/assets/elawpdf/2010/a7ac8901a6/aa-189_10.pdf,employee_win,employer_win,yes,yes
2010,AA 479/10,https://determinations.era.govt.nz/assets/elawpdf/2010/a7e99dda01/aa-479_10.pdf,employee_win,employee_win,yes,no
2010,AA 213/10,https://determinations.era.govt.nz/assets/elawpdf/2010/a7f616c5c7/aa-213_10.pdf,employer_win,employee_win,yes,yes
2010,AA 114/10,https://determinations.era.govt.nz/assets/elawpdf/2010/a8af34f2c4/aa-114_10.pdf,employer_win,employer_win,yes,no
2010,AA 216/10,https://determinations.era.govt.nz/assets/elawpdf/2010/a8c1a25798/aa-216_10.pdf,employee_win,employee_win,yes,no
2010,AA 511/10,https://determinations.era.govt.nz/assets/elawpdf/2010/a8c8c376de/aa-511_10.pdf,employee_win,employee_win,yes,no
2010,AA 466/10,https://determinations.era.govt.nz/assets/elawpdf/2010/a9f7fdc22d/aa-466_10.pdf,employee_win,employee_win,yes,no
2010,WA 25/10,https://determinations.era.govt.nz/assets/elawpdf/2010/ac8bee7d66/wa-25_10.pdf,employee_win,employee_win,yes,no
2010,WA 181/10,https://determinations.era.govt.nz/assets/elawpdf/2010/ad196aa706/wa-181_10.pdf,employee_win,employee_win,yes,no
2010,AA 375/10,https://determinations.era.govt.nz/assets/elawpdf/2010/aed309ec68/aa-375_10.pdf,employer_win,employer_win,yes,no
2010,CA 53/10,https://determinations.era.govt.nz/assets/elawpdf/2010/aee0f8468c/ca-53_10.pdf,employer_win,employer_win,yes,no
2010,AA 4/10,https://determinations.era.govt.nz/assets/elawpdf/2010/af2a35f51c/aa-4_10.pdf,employee_win,employer_win,yes,yes
2010,AA 296/10,https://determinations.era.govt.nz/assets/elawpdf/2010/afe542f2f8/aa-296_10.pdf,employee_win,employee_win,yes,no
2010,CA 219/10,https://determinations.era.govt.nz/assets/elawpdf/2010/b1d53e352d/ca-219_10.pdf,employer_win,employer_win,yes,no
2010,AA 380/10,https://determinations.era.govt.nz/assets/elawpdf/2010/b1f5c6526e/aa-380_10.pdf,employee_win,employee_win,yes,no
2010,AA 75/10,https://determinations.era.govt.nz/assets/elawpdf/2010/b3117aef41/aa-75_10.pdf,employee_win,employee_win,yes,no
2010,AA 258/10,https://determinations.era.govt.nz/assets/elawpdf/2010/b348270d1d/aa-258_10.pdf,employer_win,employer_win,yes,no
2010,AA 80/10,https://determinations.era.govt.nz/assets/elawpdf/2010/b36a0d1195/aa-80_10.pdf,employee_win,employee_win,yes,no
2010,AA 313/10,https://determinations.era.govt.nz/assets/elawpdf/2010/b36bfd58b1/aa-313_10.pdf,employer_win,employer_win,yes,no
2010,AA 83/10,https://determinations.era.govt.nz/assets/elawpdf/2010/b3ee7125e3/aa-83_10.pdf,employer_win,employer_win,yes,no
2010,WA 84/10,https://determinations.era.govt.nz/assets/elawpdf/2010/b4eaf8d5a4/wa-84_10.pdf,employer_win,employer_win,yes,no
2010,AA 355/10,https://determinations.era.govt.nz/assets/elawpdf/2010/b67b5df3a3/aa-355_10.pdf,employer_win,employer_win,yes,no
2010,CA 164/10,https://determinations.era.govt.nz/assets/elawpdf/2010/b748e51162/ca-164_10.pdf,employee_win,employee_win,yes,no
2010,CA 49/10,https://determinations.era.govt.nz/assets/elawpdf/2010/b8ad25435e/ca-49_10.pdf,employee_win,employee_win,yes,no
2010,AA 188/10,https://determinations.era.govt.nz/assets/elawpdf/2010/b8b1bcabde/aa-188_10.pdf,employer_win,employer_win,yes,no
2010,AA 144/10,https://determinations.era.govt.nz/assets/elawpdf/2010/b8c54171a9/aa-144_10.pdf,employee_win,employee_win,yes,no
2010,CA 85/10,https://determinations.era.govt.nz/assets/elawpdf/2010/b95c9d68d1/ca-85_10.pdf,employee_win,employee_win,yes,no
2010,AA 166/10,https://determinations.era.govt.nz/assets/elawpdf/2010/b9b0766877/aa-166_10.pdf,employer_win,employer_win,yes,no
2010,CA 46/10,https://determinations.era.govt.nz/assets/elawpdf/2010/ba4f0d31b6/ca-46_10.pdf,employee_win,employee_win,yes,no
2010,AA 174/10,https://determinations.era.govt.nz/assets/elawpdf/2010/baa18ce8fd/aa-174_10.pdf,employee_win,employer_win,yes,yes
2010,CA 229/10,https://determinations.era.govt.nz/assets/elawpdf/2010/bb255a4948/ca-229_10.pdf,employee_win,employee_win,yes,no
2010,AA 505/10,https://determinations.era.govt.nz/assets/elawpdf/2010/bb40503d14/aa-505_10.pdf,employee_win,employee_win,yes,no
2010,AA 212/10,https://determinations.era.govt.nz/assets/elawpdf/2010/bbc1b1a12e/aa-212_10.pdf,employer_win,employer_win,yes,no
2010,AA 323/10,https://determinations.era.govt.nz/assets/elawpdf/2010/bbe72df26d/aa-323_10.pdf,employee_win,employee_win,yes,no
2010,CA 226/10,https://determinations.era.govt.nz/assets/elawpdf/2010/bd682b8d3a/ca-226_10.pdf,employee_win,employee_win,yes,no
2010,AA 202/10,https://determinations.era.govt.nz/assets/elawpdf/2010/bdecfd6e82/aa-202_10.pdf,employer_win,employer_win,yes,no
2010,AA 398/10,https://determinations.era.govt.nz/assets/elawpdf/2010/bf278156c8/aa-398_10.pdf,employee_win,employer_win,yes,yes
2010,CA 139/10,https://determinations.era.govt.nz/assets/elawpdf/2010/c112988104/ca-139_10.pdf,employee_win,employee_win,yes,no
2010,CA 127/10,https://determinations.era.govt.nz/assets/elawpdf/2010/c2396801e5/ca-127_10.pdf,employer_win,employer_win,yes,no
2010,AA 362/10,https://determinations.era.govt.nz/assets/elawpdf/2010/c4a687a246/aa-362_10.pdf,employee_win,employer_win,yes,yes
2010,CA 89/10,https://determinations.era.govt.nz/assets/elawpdf/2010/c6cb3a9bf0/ca-89_10.pdf,employer_win,employer_win,yes,no
2010,AA 512/10,https://determinations.era.govt.nz/assets/elawpdf/2010/c7406994cf/aa-512_10.pdf,employer_win,employee_win,yes,yes
2010,AA 333/10,https://determinations.era.govt.nz/assets/elawpdf/2010/c7671b41d2/aa-333_10.pdf,employer_win,employee_win,yes,yes
2010,AA 469/10,https://determinations.era.govt.nz/assets/elawpdf/2010/c7bcb3643b/aa-469_10.pdf,employer_win,employer_win,yes,no
2010,WA 101/10,https://determinations.era.govt.nz/assets/elawpdf/2010/c82768ea53/wa-101_10.pdf,employee_win,employee_win,yes,no
2010,AA 478/10,https://determinations.era.govt.nz/assets/elawpdf/2010/c8a69c8661/aa-478_10.pdf,employee_win,employee_win,yes,no
2010,AA 65/10,https://determinations.era.govt.nz/assets/elawpdf/2010/c9b0237e9e/aa-65_10.pdf,employer_win,employer_win,yes,no
2010,CA 181/10,https://determinations.era.govt.nz/assets/elawpdf/2010/c9c38a917f/ca-181_10.pdf,employee_win,employer_win,yes,yes
2010,CA 3/10,https://determinations.era.govt.nz/assets/elawpdf/2010/cacee47cb2/ca-3_10.pdf,employee_win,employee_win,yes,no
2010,AA 524/10,https://determinations.era.govt.nz/assets/elawpdf/2010/cae669e748/aa-524_10.pdf,employee_win,employer_win,yes,yes
2010,AA 268/10,https://determinations.era.govt.nz/assets/elawpdf/2010/cafe126a17/aa-268_10.pdf,employer_win,employer_win,yes,no
2010,AA 391/10,https://determinations.era.govt.nz/assets/elawpdf/2010/cc2b4b02ea/aa-391_10.pdf,employer_win,employer_win,yes,no
2010,CA 41/10,https://determinations.era.govt.nz/assets/elawpdf/2010/ce956dd77a/ca-41_10.pdf,employee_win,employer_win,yes,yes
2010,CA 155/10,https://determinations.era.govt.nz/assets/elawpdf/2010/cede5827c8/ca-155_10.pdf,employee_win,employer_win,yes,yes
2010,AA 297/10,https://determinations.era.govt.nz/assets/elawpdf/2010/d07b0cc65d/aa-297_10.pdf,employee_win,employee_win,yes,no
2010,AA 218/10,https://determinations.era.govt.nz/assets/elawpdf/2010/d2a03d0112/aa-218_10.pdf,employer_win,employer_win,yes,no
2010,AA 386/10,https://determinations.era.govt.nz/assets/elawpdf/2010/d3cde87b46/aa-386_10.pdf,employee_win,employee_win,yes,no
2010,AA 239/10,https://determinations.era.govt.nz/assets/elawpdf/2010/d4d19fd9db/aa-239_10.pdf,employee_win,employer_win,yes,yes
2010,AA 142/10,https://determinations.era.govt.nz/assets/elawpdf/2010/d7c456c758/aa-142_10.pdf,employee_win,employee_win,yes,no
2010,WA 96/10,https://determinations.era.govt.nz/assets/elawpdf/2010/db6b41a997/wa-96_10.pdf,employee_win,employee_win,yes,no
2010,AA 109/10,https://determinations.era.govt.nz/assets/elawpdf/2010/dbae9ce180/aa-109_10.pdf,employee_win,employee_win,yes,no
2010,WA 128/10,https://determinations.era.govt.nz/assets/elawpdf/2010/dd4162699f/wa-128_10.pdf,employer_win,employer_win,yes,no
2010,AA 483/10,https://determinations.era.govt.nz/assets/elawpdf/2010/dda7d864f6/aa-483_10.pdf,employer_win,employee_win,yes,yes
2010,AA 246/10,https://determinations.era.govt.nz/assets/elawpdf/2010/ddff496e00/aa-246_10.pdf,employer_win,employer_win,yes,no
2010,CA 126/10,https://determinations.era.govt.nz/assets/elawpdf/2010/de7a4614bf/ca-126_10.pdf,employer_win,employer_win,yes,no
2010,CA 225/10,https://determinations.era.govt.nz/assets/elawpdf/2010/ded367dadc/ca-225_10.pdf,employer_win,employer_win,yes,no
2010,WA 195/10,https://determinations.era.govt.nz/assets/elawpdf/2010/deea16358e/wa-195_10.pdf,employee_win,employer_win,yes,yes
2010,CA 239/10,https://determinations.era.govt.nz/assets/elawpdf/2010/df404358c1/ca-239_10.pdf,employee_win,employer_win,yes,yes
2010,CA 237/10,https://determinations.era.govt.nz/assets/elawpdf/2010/e1694931c2/ca-237_10.pdf,employer_win,employer_win,yes,no
2010,CA 125/10,https://determinations.era.govt.nz/assets/elawpdf/2010/e2795d7923/ca-125_10.pdf,employer_win,employer_win,yes,no
2010,CA 179/10,https://determinations.era.govt.nz/assets/elawpdf/2010/e2d051a4ae/ca-179_10.pdf,employee_win,employee_win,yes,no
2010,CA 28/10,https://determinations.era.govt.nz/assets/elawpdf/2010/e37921ad97/ca-28_10.pdf,employer_win,employer_win,yes,no
2010,AA 121/10,https://determinations.era.govt.nz/assets/elawpdf/2010/e41068eea7/aa-121_10.pdf,employer_win,employer_win,yes,no
2010,CA 22/10,https://determinations.era.govt.nz/assets/elawpdf/2010/e413507192/ca-22_10.pdf,employer_win,employer_win,yes,no
2010,WA 44/10,https://determinations.era.govt.nz/assets/elawpdf/2010/e46adca51a/wa-44_10.pdf,employee_win,employee_win,yes,no
2010,WA 10/10,https://determinations.era.govt.nz/assets/elawpdf/2010/e4eaad5998/wa-10_10.pdf,employee_win,employee_win,yes,no
2010,AA 6/10,https://determinations.era.govt.nz/assets/elawpdf/2010/e56b54a11f/aa-6_10.pdf,employee_win,employer_win,yes,yes
2010,CA 112/10,https://determinations.era.govt.nz/assets/elawpdf/2010/e5a9b63b12/ca-112_10.pdf,employer_win,employer_win,yes,no
2010,AA 69/10,https://determinations.era.govt.nz/assets/elawpdf/2010/e89f94f4a5/aa-69_10.pdf,employee_win,employee_win,yes,no
2010,WA 37/10,https://determinations.era.govt.nz/assets/elawpdf/2010/e9a35c6132/wa-37_10.pdf,employer_win,employee_win,yes,yes
2010,CA 210/10,https://determinations.era.govt.nz/assets/elawpdf/2010/e9e6f3f24f/ca-210_10.pdf,employee_win,employee_win,yes,no
2010,AA 11/10,https://determinations.era.govt.nz/assets/elawpdf/2010/ea6dc77cbd/aa-11_10.pdf,employee_win,employer_win,yes,yes
2010,AA 145/10,https://determinations.era.govt.nz/assets/elawpdf/2010/eab7526629/aa-145_10.pdf,employer_win,employee_win,yes,yes
2010,CA 64/10,https://determinations.era.govt.nz/assets/elawpdf/2010/eac11cc087/ca-64_10.pdf,employer_win,employer_win,yes,no
2010,WA 6/10,https://determinations.era.govt.nz/assets/elawpdf/2010/ed90d8181f/wa-6_10.pdf,employee_win,employee_win,yes,no
2010,WA 179/10,https://determinations.era.govt.nz/assets/elawpdf/2010/ede1c8821f/wa-179_10.pdf,employee_win,employee_win,yes,no
2010,AA 271/10,https://determinations.era.govt.nz/assets/elawpdf/2010/ee18b7230d/aa-271_10.pdf,employer_win,employee_win,yes,yes
2010,AA 223/10,https://determinations.era.govt.nz/assets/elawpdf/2010/ee21568c99/aa-223_10.pdf,employee_win,employee_win,yes,no
2010,AA 482/10,https://determinations.era.govt.nz/assets/elawpdf/2010/eec10190b6/aa-482_10.pdf,employer_win,employer_win,yes,no
2010,AA 410/10,https://determinations.era.govt.nz/assets/elawpdf/2010/ef1231f992/aa-410_10.pdf,employer_win,employee_win,yes,yes
2010,AA 54/10,https://determinations.era.govt.nz/assets/elawpdf/2010/ef75aa0343/aa-54_10.pdf,employer_win,employer_win,yes,no
2010,AA 39A/10,https://determinations.era.govt.nz/assets/elawpdf/2010/efac9abf5c/aa-39a_10.pdf,employee_win,employer_win,yes,yes
2010,CA 91/10,https://determinations.era.govt.nz/assets/elawpdf/2010/f2f03c21c0/ca-91_10.pdf,employee_win,employee_win,yes,no
2010,CA 116/10,https://determinations.era.govt.nz/assets/elawpdf/2010/f4556eabf6/ca-116_10.pdf,employer_win,employer_win,yes,no
2010,AA 12/10,https://determinations.era.govt.nz/assets/elawpdf/2010/f464ae706a/aa-12_10.pdf,employer_win,employee_win,yes,yes
2010,AA 244/10,https://determinations.era.govt.nz/assets/elawpdf/2010/f46c2e6979/aa-244_10.pdf,employer_win,employer_win,yes,no
2010,AA 228/10,https://determinations.era.govt.nz/assets/elawpdf/2010/f4c9bfcb36/aa-228_10.pdf,employee_win,employee_win,yes,no
2010,AA 339/10,https://determinations.era.govt.nz/assets/elawpdf/2010/f5327261ac/aa-339_10.pdf,employer_win,employee_win,yes,yes
2010,WA 169/10,https://determinations.era.govt.nz/assets/elawpdf/2010/f58a0f18fb/wa-169_10.pdf,employee_win,employee_win,yes,no
2010,AA 330/10,https://determinations.era.govt.nz/assets/elawpdf/2010/f6373ec07c/aa-330_10.pdf,employee_win,employee_win,yes,no
2010,AA 107/10,https://determinations.era.govt.nz/assets/elawpdf/2010/f6d22e3a15/aa-107_10.pdf,employee_win,employee_win,yes,no
2010,CA 119/10,https://determinations.era.govt.nz/assets/elawpdf/2010/f759d12ff3/ca-119_10.pdf,employer_win,employer_win,yes,no
2010,AA 411/10,https://determinations.era.govt.nz/assets/elawpdf/2010/f83c8d0226/aa-411_10.pdf,employee_win,employee_win,yes,no
2010,AA 40/10,https://determinations.era.govt.nz/assets/elawpdf/2010/f90b1dcbec/aa-40_10.pdf,employee_win,employee_win,yes,no
2010,WA 78/10,https://determinations.era.govt.nz/assets/elawpdf/2010/fa7563b7db/wa-78_10.pdf,employee_win,employee_win,yes,no
2010,CA 234/10,https://determinations.era.govt.nz/assets/elawpdf/2010/fa7bdcad6e/ca-234_10.pdf,employer_win,employee_win,yes,yes
2010,AA 57A/10,https://determinations.era.govt.nz/assets/elawpdf/2010/fac3fc52ae/aa-57a_10.pdf,employer_win,employer_win,yes,no
2010,CA 204/10,https://determinations.era.govt.nz/assets/elawpdf/2010/fb62d13a2d/ca-204_10.pdf,employer_win,employee_win,yes,yes
2010,CA 76/10,https://determinations.era.govt.nz/assets/elawpdf/2010/fb931c6211/ca-76_10.pdf,employer_win,employee_win,yes,yes
2010,AA 429/10,https://determinations.era.govt.nz/assets/elawpdf/2010/fbfbf7a761/aa-429_10.pdf,employee_win,employer_win,yes,yes
2010,WA 166/10,https://determinations.era.govt.nz/assets/elawpdf/2010/fd9431b7bc/wa-166_10.pdf,employer_win,employee_win,yes,yes
2010,WA 145/10,https://determinations.era.govt.nz/assets/elawpdf/2010/ff07c38dcc/wa-145_10.pdf,employee_win,employee_win,yes,no
2011,2011 NZERA Auckland 539,https://determinations.era.govt.nz/assets/elawpdf/2011/002eb8dd53/2011_NZERA_Auckland_539.pdf,employer_win,employer_win,yes,no
2011,2011 NZERA Christchurch 24,https://determinations.era.govt.nz/assets/elawpdf/2011/0043d2296c/2011_NZERA_Christchurch_24.pdf,employee_win,employee_win,yes,no
2011,2011 NZERA Auckland 160,https://determinations.era.govt.nz/assets/elawpdf/2011/007a9a959c/2011_NZERA_Auckland_160.pdf,employee_win,employer_win,yes,yes
2011,2011 NZERA Christchurch 133,https://determinations.era.govt.nz/assets/elawpdf/2011/00f2f315db/2011_NZERA_Christchurch_133.pdf,employee_win,employee_win,yes,no
2011,2011 NZERA Christchurch 70,https://determinations.era.govt.nz/assets/elawpdf/2011/017e0ef0fc/2011_NZERA_Christchurch_70.pdf,employee_win,employee_win,yes,no
2011,2011 NZERA Wellington 29,https://determinations.era.govt.nz/assets/elawpdf/2011/01f39bc2c2/2011_NZERA_Wellington_29.pdf,employee_win,employee_win,yes,no
2011,2011 NZERA Wellington 192,https://determinations.era.govt.nz/assets/elawpdf/2011/02737c6d89/2011_NZERA_Wellington_192.pdf,employer_win,employee_win,yes,yes
2011,2011 NZERA Christchurch 20,https://determinations.era.govt.nz/assets/elawpdf/2011/036110cce5/2011_NZERA_Christchurch_20.pdf,employer_win,employer_win,yes,no
2011,2011 NZERA Christchurch 137,https://determinations.era.govt.nz/assets/elawpdf/2011/037f8c5a05/2011_NZERA_Christchurch_137.pdf,employee_win,employer_win,yes,yes
2011,2011 NZERA Christchurch 69,https://determinations.era.govt.nz/assets/elawpdf/2011/03e13e5f03/2011_NZERA_Christchurch_69.pdf,employee_win,employee_win,yes,no
2011,2011 NZERA Christchurch 98,https://determinations.era.govt.nz/assets/elawpdf/2011/064daf5e17/2011_NZERA_Christchurch_98.pdf,employer_win,employer_win,yes,no
2011,2011 NZERA Auckland 254,https://determinations.era.govt.nz/assets/elawpdf/2011/07b5205c63/2011_NZERA_Auckland_254.pdf,employee_win,employee_win,yes,no
2011,2011 NZERA Auckland 92,https://determinations.era.govt.nz/assets/elawpdf/2011/0804a38979/2011_NZERA_Auckland_92.pdf,employer_win,employer_win,yes,no
2011,2011 NZERA Auckland 274,https://determinations.era.govt.nz/assets/elawpdf/2011/0896e24cf5/2011_NZERA_Auckland_274.pdf,employer_win,employee_win,yes,yes
2011,2011 NZERA Wellington 157,https://determinations.era.govt.nz/assets/elawpdf/2011/0c99c15095/2011_NZERA_Wellington_157.pdf,employer_win,employee_win,yes,yes
2011,2011 NZERA Auckland 3,https://determinations.era.govt.nz/assets/elawpdf/2011/0e55355f7e/2011_NZERA_Auckland_3.pdf,employer_win,employer_win,yes,no
2011,2011 NZERA Auckland 184,https://determinations.era.govt.nz/assets/elawpdf/2011/0f19d47174/2011_NZERA_Auckland_184.pdf,employee_win,employer_win,yes,yes
2011,2011 NZERA Wellington 66,https://determinations.era.govt.nz/assets/elawpdf/2011/0fb3ce2751/2011_NZERA_Wellington_66.pdf,employee_win,employer_win,yes,yes
2011,2011 NZERA Auckland 183,https://determinations.era.govt.nz/assets/elawpdf/2011/1104cc0e4d/2011_NZERA_Auckland_183.pdf,employer_win,employer_win,yes,no
2011,2011 NZERA Auckland 4,https://determinations.era.govt.nz/assets/elawpdf/2011/111fec31a7/2011_NZERA_Auckland_4.pdf,employer_win,employer_win,yes,no
2011,2011 NZERA Christchurch 92,https://determinations.era.govt.nz/assets/elawpdf/2011/11a55d63b3/2011_NZERA_Christchurch_92.pdf,employer_win,employer_win,yes,no
2011,2011 NZERA Auckland 318,https://determinations.era.govt.nz/assets/elawpdf/2011/11b37aa14d/2011_NZERA_Auckland_318.pdf,employer_win,employee_win,yes,yes
2011,2011 NZERA Auckland 506,https://determinations.era.govt.nz/assets/elawpdf/2011/12dfd0dcd1/2011_NZERA_Auckland_506.pdf,employer_win,employer_win,yes,no
2011,2011 NZERA Auckland 384,https://determinations.era.govt.nz/assets/elawpdf/2011/14dff7c96d/2011_NZERA_Auckland_384.pdf,employee_win,employee_win,yes,no
2011,2011 NZERA Wellington 68,https://determinations.era.govt.nz/assets/elawpdf/2011/156a79d49e/2011_NZERA_Wellington_68.pdf,employer_win,employer_win,yes,no
2011,2011 NZERA Christchurch 188,https://determinations.era.govt.nz/assets/elawpdf/2011/1594bb44e1/2011_NZERA_Christchurch_188.pdf,employer_win,employer_win,yes,no
2011,2011 NZERA Wellington 169,https://determinations.era.govt.nz/assets/elawpdf/2011/160cc389f8/2011_NZERA_Wellington_169.pdf,employer_win,employee_win,yes,yes
2011,2011 NZERA Christchurch 22,https://determinations.era.govt.nz/assets/elawpdf/2011/1630a8465f/2011_NZERA_Christchurch_22.pdf,employer_win,employer_win,yes,no
2011,2011 NZERA Wellington 110,https://determinations.era.govt.nz/assets/elawpdf/2011/166da0c30e/2011_NZERA_Wellington_110.pdf,employee_win,employee_win,yes,no
2011,2011 NZERA Christchurch 1,https://determinations.era.govt.nz/assets/elawpdf/2011/180540e95e/2011_NZERA_Christchurch_1.pdf,employer_win,employer_win,yes,no
2011,2011 NZERA Wellington 13,https://determinations.era.govt.nz/assets/elawpdf/2011/1851429d1d/2011_NZERA_Wellington_13.pdf,employer_win,employer_win,yes,no
2011,2011 NZERA Auckland 444,https://determinations.era.govt.nz/assets/elawpdf/2011/1a9a792774/2011_NZERA_Auckland_444.pdf,employee_win,employee_win,yes,no
2011,2011 NZERA Christchurch 145,https://determinations.era.govt.nz/assets/elawpdf/2011/1ac6c2a06e/2011_NZERA_Christchurch_145.pdf,employer_win,employer_win,yes,no
2011,2011 NZERA Auckland 234,https://determinations.era.govt.nz/assets/elawpdf/2011/1b4c71900a/2011_NZERA_Auckland_234.pdf,employer_win,employer_win,yes,no
2011,2011 NZERA Christchurch 66,https://determinations.era.govt.nz/assets/elawpdf/2011/1bd08f3e98/2011_NZERA_Christchurch_66.pdf,employee_win,employee_win,yes,no
2011,2011 NZERA Auckland 64,https://determinations.era.govt.nz/assets/elawpdf/2011/1da82d3eb7/2011_NZERA_Auckland_64.pdf,employee_win,employee_win,yes,no
2011,2011 NZERA Wellington 38,https://determinations.era.govt.nz/assets/elawpdf/2011/1db5178623/2011_NZERA_Wellington_38.pdf,employer_win,employer_win,yes,no
2011,2011 NZERA Auckland 493,https://determinations.era.govt.nz/assets/elawpdf/2011/1df0b7f97d/2011_NZERA_Auckland_493.pdf,employee_win,employee_win,yes,no
2011,2011 NZERA Wellington 198,https://determinations.era.govt.nz/assets/elawpdf/2011/2047dc6c97/2011_NZERA_Wellington_198.pdf,employer_win,employer_win,yes,no
2011,2011 NZERA Auckland 373,https://determinations.era.govt.nz/assets/elawpdf/2011/25a2a40f28/2011_NZERA_Auckland_373.pdf,employee_win,employee_win,yes,no
2011,2011 NZERA Christchurch 56,https://determinations.era.govt.nz/assets/elawpdf/2011/25f6fab6e0/2011_NZERA_Christchurch_56.pdf,employee_win,employee_win,yes,no
2011,2011 NZERA Auckland 179,https://determinations.era.govt.nz/assets/elawpdf/2011/262ccc12f7/2011_NZERA_Auckland_179.pdf,employee_win,employee_win,yes,no
2011,2011 NZERA Wellington 197,https://determinations.era.govt.nz/assets/elawpdf/2011/28585e11a8/2011_NZERA_Wellington_197.pdf,employer_win,employer_win,yes,no
2011,2011 NZERA Christchurch 15,https://determinations.era.govt.nz/assets/elawpdf/2011/28cbf81682/2011_NZERA_Christchurch_15.pdf,employee_win,employer_win,yes,yes
2011,2011 NZERA Auckland 13,https://determinations.era.govt.nz/assets/elawpdf/2011/29175cabc7/2011_NZERA_Auckland_13.pdf,employer_win,employer_win,yes,no
2011,2011 NZERA Christchurch 130,https://determinations.era.govt.nz/assets/elawpdf/2011/294877b139/2011_NZERA_Christchurch_130.pdf,employee_win,employee_win,yes,no
2011,2011 NZERA Auckland 319,https://determinations.era.govt.nz/assets/elawpdf/2011/2a7343b64b/2011_NZERA_Auckland_319.pdf,employer_win,employer_win,yes,no
2011,2011 NZERA Wellington 26,https://determinations.era.govt.nz/assets/elawpdf/2011/2aef476dcf/2011_NZERA_Wellington_26.pdf,employee_win,employee_win,yes,no
2011,2011 NZERA Auckland 27,https://determinations.era.govt.nz/assets/elawpdf/2011/2bf4d02f9a/2011_NZERA_Auckland_27.pdf,employee_win,employee_win,yes,no
2011,2011 NZERA Auckland 552,https://determinations.era.govt.nz/assets/elawpdf/2011/2c8e5e2987/2011_NZERA_Auckland_552.pdf,employer_win,employer_win,yes,no
2011,2011 NZERA Wellington 62,https://determinations.era.govt.nz/assets/elawpdf/2011/2cfd8bfb1a/2011_NZERA_Wellington_62.pdf,employee_win,employee_win,yes,no
2011,2011 NZERA Auckland 368,https://determinations.era.govt.nz/assets/elawpdf/2011/2d64d6f0ed/2011_NZERA_Auckland_368.pdf,employer_win,employer_win,yes,no
2011,2011 NZERA Christchurch 165,https://determinations.era.govt.nz/assets/elawpdf/2011/2e666557ce/2011_NZERA_Christchurch_165.pdf,employee_win,employee_win,yes,no
2011,2011 NZERA Auckland 388,https://determinations.era.govt.nz/assets/elawpdf/2011/2ee8381dcd/2011_NZERA_Auckland_388.pdf,employer_win,employer_win,yes,no
2011,2011 NZERA Auckland 445,https://determinations.era.govt.nz/assets/elawpdf/2011/30e0a4aa2f/2011_NZERA_Auckland_445.pdf,employee_win,employee_win,yes,no
2011,2011 NZERA Christchurch 164,https://determinations.era.govt.nz/assets/elawpdf/2011/32b15b371e/2011_NZERA_Christchurch_164.pdf,employer_win,employer_win,yes,no
2011,2011 NZERA Christchurch 51,https://determinations.era.govt.nz/assets/elawpdf/2011/32e392c1ab/2011_NZERA_Christchurch_51.pdf,employee_win,employee_win,yes,no
2011,2011 NZERA Wellington 5,https://determinations.era.govt.nz/assets/elawpdf/2011/3326715a9a/2011_NZERA_Wellington_5.pdf,employer_win,employer_win,yes,no
2011,2011 NZERA Auckland 332,https://determinations.era.govt.nz/assets/elawpdf/2011/336f23e34d/2011_NZERA_Auckland_332.pdf,employee_win,employee_win,yes,no
2011,2011 NZERA Auckland 45,https://determinations.era.govt.nz/assets/elawpdf/2011/342ca6ae7f/2011_NZERA_Auckland_45.pdf,employer_win,employer_win,yes,no
2011,2011 NZERA Auckland 153,https://determinations.era.govt.nz/assets/elawpdf/2011/347c947361/2011_NZERA_Auckland_153.pdf,employer_win,employee_win,yes,yes
2011,2011 NZERA Christchurch 195,https://determinations.era.govt.nz/assets/elawpdf/2011/3623b01c00/2011_NZERA_Christchurch_195.pdf,employee_win,employer_win,yes,yes
2011,2011 NZERA Wellington 116,https://determinations.era.govt.nz/assets/elawpdf/2011/37a170ddb9/2011_NZERA_Wellington_116.pdf,employer_win,employer_win,yes,no
2011,2011 NZERA Auckland 9,https://determinations.era.govt.nz/assets/elawpdf/2011/3902118cec/2011_NZERA_Auckland_9.pdf,employer_win,employee_win,yes,yes
2011,2011 NZERA Auckland 52,https://determinations.era.govt.nz/assets/elawpdf/2011/396fde05ce/2011_NZERA_Auckland_52.pdf,employer_win,employer_win,yes,no
2011,2011 NZERA Wellington 111,https://determinations.era.govt.nz/assets/elawpdf/2011/39c3c368a5/2011_NZERA_Wellington_111.pdf,employee_win,employee_win,yes,no
2011,2011 NZERA Auckland 157,https://determinations.era.govt.nz/assets/elawpdf/2011/3ad301723f/2011_NZERA_Auckland_157.pdf,employee_win,employee_win,yes,no
2011,2011 NZERA Auckland 101,https://determinations.era.govt.nz/assets/elawpdf/2011/3b529ea210/2011_NZERA_Auckland_101.pdf,employee_win,employee_win,yes,no
2011,2011 NZERA Auckland 534,https://determinations.era.govt.nz/assets/elawpdf/2011/3b6efd7b50/2011_NZERA_Auckland_534.pdf,employer_win,employer_win,yes,no
2011,2011 NZERA Auckland 320,https://determinations.era.govt.nz/assets/elawpdf/2011/3c35e7a791/2011_NZERA_Auckland_320.pdf,employee_win,employer_win,yes,yes
2011,2011 NZERA Wellington 196,https://determinations.era.govt.nz/assets/elawpdf/2011/3c7a4126ba/2011_NZERA_Wellington_196.pdf,employer_win,employer_win,yes,no
2011,2011 NZERA Auckland 499,https://determinations.era.govt.nz/assets/elawpdf/2011/3f230d8cc7/2011_NZERA_Auckland_499.pdf,employer_win,employer_win,yes,no
2011,2011 NZERA Auckland 328,https://determinations.era.govt.nz/assets/elawpdf/2011/42616d0643/2011_NZERA_Auckland_328.pdf,employer_win,employee_win,yes,yes
2011,2011 NZERA Auckland 268,https://determinations.era.govt.nz/assets/elawpdf/2011/4319227aa2/2011_NZERA_Auckland_268.pdf,employee_win,employee_win,yes,no
2011,2011 NZERA Auckland 497,https://determinations.era.govt.nz/assets/elawpdf/2011/448d3d61d6/2011_NZERA_Auckland_497.pdf,employee_win,employer_win,yes,yes
2011,2011 NZERA Auckland 370,https://determinations.era.govt.nz/assets/elawpdf/2011/44cb3c80aa/2011_NZERA_Auckland_370.pdf,employee_win,employee_win,yes,no
2011,2011 NZERA Auckland 245,https://determinations.era.govt.nz/assets/elawpdf/2011/48497fbc1f/2011_NZERA_Auckland_245.pdf,employee_win,employee_win,yes,no
2011,2011 NZERA Auckland 131,https://determinations.era.govt.nz/assets/elawpdf/2011/49c8391721/2011_NZERA_Auckland_131.pdf,employee_win,employee_win,yes,no
2011,2011 NZERA Auckland 366,https://determinations.era.govt.nz/assets/elawpdf/2011/4de8eff6ae/2011_NZERA_Auckland_366.pdf,employee_win,employee_win,yes,no
2011,2011 NZERA Auckland 149,https://determinations.era.govt.nz/assets/elawpdf/2011/51f9814098/2011_NZERA_Auckland_149.pdf,employer_win,employer_win,yes,no
2011,2011 NZERA Christchurch 76,https://determinations.era.govt.nz/assets/elawpdf/2011/522bb04036/2011_NZERA_Christchurch_76.pdf,employee_win,employee_win,yes,no
2011,2011 NZERA Wellington 153,https://determinations.era.govt.nz/assets/elawpdf/2011/52abfb645f/2011_NZERA_Wellington_153.pdf,employee_win,employee_win,yes,no
2011,2011 NZERA Auckland 143,https://determinations.era.govt.nz/assets/elawpdf/2011/545fc17fa8/2011_NZERA_Auckland_143.pdf,employee_win,employee_win,yes,no
2011,2011 NZERA Auckland 281,https://determinations.era.govt.nz/assets/elawpdf/2011/55dfc6e530/2011_NZERA_Auckland_281.pdf,employer_win,employee_win,yes,yes
2011,2011 NZERA Christchurch 178,https://determinations.era.govt.nz/assets/elawpdf/2011/56f4899458/2011_NZERA_Christchurch_178.pdf,employee_win,employer_win,yes,yes
2011,2011 NZERA Auckland 449,https://determinations.era.govt.nz/assets/elawpdf/2011/57a66406ca/2011_NZERA_Auckland_449.pdf,employer_win,employer_win,yes,no
2011,2011 NZERA Auckland 533,https://determinations.era.govt.nz/assets/elawpdf/2011/587dc0dada/2011_NZERA_Auckland_533.pdf,employee_win,employee_win,yes,no
2011,2011 NZERA Wellington 206,https://determinations.era.govt.nz/assets/elawpdf/2011/59ad8cd81f/2011_NZERA_Wellington_206.pdf,employer_win,employer_win,yes,no
2011,2011 NZERA Auckland 48,https://determinations.era.govt.nz/assets/elawpdf/2011/5c248b2654/2011_NZERA_Auckland_48.pdf,employee_win,employee_win,yes,no
2011,2011 NZERA Christchurch 73,https://determinations.era.govt.nz/assets/elawpdf/2011/5d837592b0/2011_NZERA_Christchurch_73.pdf,employer_win,employer_win,yes,no
2011,2011 NZERA Christchurch 14,https://determinations.era.govt.nz/assets/elawpdf/2011/5dec6e6c73/2011_NZERA_Christchurch_14.pdf,employer_win,employer_win,yes,no
2011,2011 NZERA Wellington 205,https://determinations.era.govt.nz/assets/elawpdf/2011/5e882f8083/2011_NZERA_Wellington_205.pdf,employee_win,employer_win,yes,yes
2011,2011 NZERA Auckland 406,https://determinations.era.govt.nz/assets/elawpdf/2011/5ed9c16348/2011_NZERA_Auckland_406.pdf,employee_win,employee_win,yes,no
2011,2011 NZERA Auckland 60,https://determinations.era.govt.nz/assets/elawpdf/2011/5f0c756c97/2011_NZERA_Auckland_60.pdf,employee_win,employee_win,yes,no
2011,2011 NZERA Auckland 386,https://determinations.era.govt.nz/assets/elawpdf/2011/5f9196024f/2011_NZERA_Auckland_386.pdf,employee_win,employee_win,yes,no
2011,2011 NZERA Christchurch 160,https://determinations.era.govt.nz/assets/elawpdf/2011/622dbef63c/2011_NZERA_Christchurch_160.pdf,employer_win,employer_win,yes,no
2011,2011 NZERA Christchurch 111,https://determinations.era.govt.nz/assets/elawpdf/2011/62a06a77dc/2011_NZERA_Christchurch_111.pdf,employer_win,employer_win,yes,no
2011,2011 NZERA Auckland 289,https://determinations.era.govt.nz/assets/elawpdf/2011/6341fe1362/2011_NZERA_Auckland_289.pdf,employer_win,employer_win,yes,no
2011,2011 NZERA Wellington 8,https://determinations.era.govt.nz/assets/elawpdf/2011/64197cbbb5/2011_NZERA_Wellington_8.pdf,employer_win,employer_win,yes,no
2011,2011 NZERA Auckland 331,https://determinations.era.govt.nz/assets/elawpdf/2011/641feb8a41/2011_NZERA_Auckland_331.pdf,employer_win,employer_win,yes,no
2011,2011 NZERA Auckland 279,https://determinations.era.govt.nz/assets/elawpdf/2011/64248fa5ff/2011_NZERA_Auckland_279.pdf,employee_win,employee_win,yes,no
2011,2011 NZERA Auckland 496,https://determinations.era.govt.nz/assets/elawpdf/2011/646aa0e429/2011_NZERA_Auckland_496.pdf,employee_win,employee_win,yes,no
2011,2011 NZERA Auckland 342,https://determinations.era.govt.nz/assets/elawpdf/2011/64a112c072/2011_NZERA_Auckland_342.pdf,employee_win,employee_win,yes,no
2011,2011 NZERA Auckland 94,https://determinations.era.govt.nz/assets/elawpdf/2011/65198d8314/2011_NZERA_Auckland_94.pdf,employee_win,employee_win,yes,no
2011,2011 NZERA Wellington 37,https://determinations.era.govt.nz/assets/elawpdf/2011/65730a371e/2011_NZERA_Wellington_37.pdf,employer_win,employer_win,yes,no
2011,2011 NZERA Auckland 198,https://determinations.era.govt.nz/assets/elawpdf/2011/6934b324b7/2011_NZERA_Auckland_198.pdf,employer_win,employer_win,yes,no
2011,2011 NZERA Wellington 106,https://determinations.era.govt.nz/assets/elawpdf/2011/6a7672163d/2011_NZERA_Wellington_106.pdf,employer_win,employee_win,yes,yes
2011,2011 NZERA Wellington 118,https://determinations.era.govt.nz/assets/elawpdf/2011/6abb83a5ef/2011_NZERA_Wellington_118.pdf,employer_win,employer_win,yes,no
2011,2011 NZERA Auckland 229,https://determinations.era.govt.nz/assets/elawpdf/2011/6b46eb16e8/2011_NZERA_Auckland_229.pdf,employer_win,employee_win,yes,yes
2011,2011 NZERA Christchurch 155,https://determinations.era.govt.nz/assets/elawpdf/2011/6cedb230dd/2011_NZERA_Christchurch_155.pdf,employee_win,employee_win,yes,no
2011,2011 NZERA Christchurch 116,https://determinations.era.govt.nz/assets/elawpdf/2011/6d60d492de/2011_NZERA_Christchurch_116.pdf,employee_win,employee_win,yes,no
2011,2011 NZERA Wellington 32,https://determinations.era.govt.nz/assets/elawpdf/2011/70c3543928/2011_NZERA_Wellington_32.pdf,employer_win,employer_win,yes,no
2011,2011 NZERA Auckland 443,https://determinations.era.govt.nz/assets/elawpdf/2011/715b9069ec/2011_NZERA_Auckland_443.pdf,employee_win,employee_win,yes,no
2011,2011 NZERA Auckland 408,https://determinations.era.govt.nz/assets/elawpdf/2011/71a5998f1a/2011_NZERA_Auckland_408.pdf,employee_win,employer_win,yes,yes
2011,2011 NZERA Auckland 451,https://determinations.era.govt.nz/assets/elawpdf/2011/725bb5ba64/2011_NZERA_Auckland_451.pdf,employee_win,employee_win,yes,no
2011,2011 NZERA Christchurch 197,https://determinations.era.govt.nz/assets/elawpdf/2011/73e27cfec2/2011_NZERA_Christchurch_197.pdf,employee_win,employer_win,yes,yes
2011,2011 NZERA Auckland 296,https://determinations.era.govt.nz/assets/elawpdf/2011/74cdc2d56b/2011_NZERA_Auckland_296.pdf,employer_win,employer_win,yes,no
2011,2011 NZERA Auckland 6,https://determinations.era.govt.nz/assets/elawpdf/2011/75bb2bc7c1/2011_NZERA_Auckland_6.pdf,employer_win,employee_win,yes,yes
2011,2011 NZERA Auckland 304,https://determinations.era.govt.nz/assets/elawpdf/2011/75e6d36073/2011_NZERA_Auckland_304.pdf,employer_win,employee_win,yes,yes
2011,2011 NZERA Christchurch 18,https://determinations.era.govt.nz/assets/elawpdf/2011/7643dae919/2011_NZERA_Christchurch_18.pdf,employer_win,employer_win,yes,no
2011,2011 NZERA Auckland 523,https://determinations.era.govt.nz/assets/elawpdf/2011/767bb1be93/2011_NZERA_Auckland_523.pdf,employer_win,employer_win,yes,no
2011,2011 NZERA Auckland 439,https://determinations.era.govt.nz/assets/elawpdf/2011/76b3d76d54/2011_NZERA_Auckland_439.pdf,employer_win,employer_win,yes,no
2011,2011 NZERA Auckland 392,https://determinations.era.govt.nz/assets/elawpdf/2011/76c03eb022/2011_NZERA_Auckland_392.pdf,employee_win,employee_win,yes,no
2011,2011 NZERA Christchurch 28,https://determinations.era.govt.nz/assets/elawpdf/2011/76ca143780/2011_NZERA_Christchurch_28.pdf,employer_win,employer_win,yes,no
2011,2011 NZERA Auckland 219,https://determinations.era.govt.nz/assets/elawpdf/2011/76ff666ce7/2011_NZERA_Auckland_219.pdf,employer_win,employer_win,yes,no
2011,2011 NZERA Auckland 415,https://determinations.era.govt.nz/assets/elawpdf/2011/7769669726/2011_NZERA_Auckland_415.pdf,employee_win,employee_win,yes,no
2011,2011 NZERA Wellington 125,https://determinations.era.govt.nz/assets/elawpdf/2011/78395a943b/2011_NZERA_Wellington_125.pdf,employer_win,employer_win,yes,no
2011,2011 NZERA Auckland 170,https://determinations.era.govt.nz/assets/elawpdf/2011/7899f32eea/2011_NZERA_Auckland_170.pdf,employer_win,employer_win,yes,no
2011,2011 NZERA Auckland 193,https://determinations.era.govt.nz/assets/elawpdf/2011/79e57ac52d/2011_NZERA_Auckland_193.pdf,employee_win,employee_win,yes,no
2011,2011 NZERA Christchurch 108,https://determinations.era.govt.nz/assets/elawpdf/2011/7ac6f011e6/2011_NZERA_Christchurch_108.pdf,employer_win,employee_win,yes,yes
2011,2011 NZERA Wellington 117,https://determinations.era.govt.nz/assets/elawpdf/2011/7c59cbee7d/2011_NZERA_Wellington_117.pdf,employer_win,employer_win,yes,no
2011,2011 NZERA Wellington 170,https://determinations.era.govt.nz/assets/elawpdf/2011/802ccaf3dc/2011_NZERA_Wellington_170.pdf,employer_win,employee_win,yes,yes
2011,2011 NZERA Auckland 232,https://determinations.era.govt.nz/assets/elawpdf/2011/856f34bfcd/2011_NZERA_Auckland_232.pdf,employee_win,employer_win,yes,yes
2011,2011 NZERA Auckland 419,https://determinations.era.govt.nz/assets/elawpdf/2011/862a7954a8/2011_NZERA_Auckland_419.pdf,employer_win,employer_win,yes,no
2011,2011 NZERA Auckland 214,https://determinations.era.govt.nz/assets/elawpdf/2011/86600a8d80/2011_NZERA_Auckland_214.pdf,employer_win,employer_win,yes,no
2011,2011 NZERA Auckland 230,https://determinations.era.govt.nz/assets/elawpdf/2011/87ca0a2636/2011_NZERA_Auckland_230.pdf,employer_win,employer_win,yes,no
2011,2011 NZERA Auckland 350,https://determinations.era.govt.nz/assets/elawpdf/2011/87d6716f28/2011_NZERA_Auckland_350.pdf,employee_win,employee_win,yes,no
2011,2011 NZERA Auckland 394,https://determinations.era.govt.nz/assets/elawpdf/2011/87ff1d5dd8/2011_NZERA_Auckland_394.pdf,employee_win,employee_win,yes,no
2011,2011 NZERA Auckland 399,https://determinations.era.govt.nz/assets/elawpdf/2011/88719a029c/2011_NZERA_Auckland_399.pdf,employee_win,employee_win,yes,no
2011,2011 NZERA Auckland 484,https://determinations.era.govt.nz/assets/elawpdf/2011/89324f3215/2011_NZERA_Auckland_484.pdf,employer_win,employer_win,yes,no
2011,2011 NZERA Auckland 507,https://determinations.era.govt.nz/assets/elawpdf/2011/8936e806e7/2011_NZERA_Auckland_507.pdf,employer_win,employee_win,yes,yes
2011,2011 NZERA Auckland 102,https://determinations.era.govt.nz/assets/elawpdf/2011/8b4e8c7271/2011_NZERA_Auckland_102.pdf,employer_win,employer_win,yes,no
2011,2011 NZERA Christchurch 113,https://determinations.era.govt.nz/assets/elawpdf/2011/8bfd7afbb6/2011_NZERA_Christchurch_113.pdf,employee_win,employee_win,yes,no
2011,2011 NZERA Auckland 17,https://determinations.era.govt.nz/assets/elawpdf/2011/8c8e790eba/2011_NZERA_Auckland_17.pdf,employee_win,employee_win,yes,no
2011,2011 NZERA Christchurch 127,https://determinations.era.govt.nz/assets/elawpdf/2011/8c8fe92b99/2011_NZERA_Christchurch_127.pdf,employee_win,employee_win,yes,no
2011,2011 NZERA Auckland 427,https://determinations.era.govt.nz/assets/elawpdf/2011/8ca5c036a2/2011_NZERA_Auckland_427.pdf,employee_win,employer_win,yes,yes
2011,2011 NZERA Auckland 438,https://determinations.era.govt.nz/assets/elawpdf/2011/8d74211bc9/2011_NZERA_Auckland_438.pdf,employee_win,employee_win,yes,no
2011,2011 NZERA Wellington 25,https://determinations.era.govt.nz/assets/elawpdf/2011/8e1cad0536/2011_NZERA_Wellington_25.pdf,employer_win,employer_win,yes,no
2011,2011 NZERA Auckland 380,https://determinations.era.govt.nz/assets/elawpdf/2011/8eb4c0681e/2011_NZERA_Auckland_380.pdf,employee_win,employer_win,yes,yes
2011,2011 NZERA Auckland 262,https://determinations.era.govt.nz/assets/elawpdf/2011/8ec097d0be/2011_NZERA_Auckland_262.pdf,employee_win,employer_win,yes,yes
2011,2011 NZERA Auckland 171,https://determinations.era.govt.nz/assets/elawpdf/2011/8f2ddb532b/2011_NZERA_Auckland_171.pdf,employer_win,employer_win,yes,no
2011,2011 NZERA Auckland 93,https://determinations.era.govt.nz/assets/elawpdf/2011/918dc23064/2011_NZERA_Auckland_93.pdf,employee_win,employer_win,yes,yes
2011,2011 NZERA Wellington 154,https://determinations.era.govt.nz/assets/elawpdf/2011/92184a9441/2011_NZERA_Wellington_154.pdf,employer_win,employee_win,yes,yes
2011,2011 NZERA Auckland 25,https://determinations.era.govt.nz/assets/elawpdf/2011/9299fd7f31/2011_NZERA_Auckland_25.pdf,employee_win,employer_win,yes,yes
2011,2011 NZERA Wellington 179,https://determinations.era.govt.nz/assets/elawpdf/2011/9327d2e63e/2011_NZERA_Wellington_179.pdf,employee_win,employee_win,yes,no
2011,2011 NZERA Auckland 154,https://determinations.era.govt.nz/assets/elawpdf/2011/93326a4237/2011_NZERA_Auckland_154.pdf,employee_win,employee_win,yes,no
2011,2011 NZERA Auckland 456,https://determinations.era.govt.nz/assets/elawpdf/2011/9447f61d1f/2011_NZERA_Auckland_456.pdf,employee_win,employee_win,yes,no
2011,2011 NZERA Auckland 395,https://determinations.era.govt.nz/assets/elawpdf/2011/95d3f3d965/2011_NZERA_Auckland_395.pdf,employee_win,employer_win,yes,yes
2011,2011 NZERA Auckland 330,https://determinations.era.govt.nz/assets/elawpdf/2011/96650ee100/2011_NZERA_Auckland_330.pdf,employer_win,employer_win,yes,no
2011,2011 NZERA Wellington 164,https://determinations.era.govt.nz/assets/elawpdf/2011/97f76cc65e/2011_NZERA_Wellington_164.pdf,employer_win,employee_win,yes,yes
2011,2011 NZERA Auckland 140,https://determinations.era.govt.nz/assets/elawpdf/2011/9876ccf2ef/2011_NZERA_Auckland_140.pdf,employee_win,employee_win,yes,no
2011,2011 NZERA Christchurch 204,https://determinations.era.govt.nz/assets/elawpdf/2011/98b64f7bc9/2011_NZERA_Christchurch_204.pdf,employee_win,employee_win,yes,no
2011,2011 NZERA Christchurch 173,https://determinations.era.govt.nz/assets/elawpdf/2011/9955e16088/2011_NZERA_Christchurch_173.pdf,employer_win,employer_win,yes,no
2011,2011 NZERA Auckland 211,https://determinations.era.govt.nz/assets/elawpdf/2011/99cea4c9e9/2011_NZERA_Auckland_211.pdf,employer_win,employer_win,yes,no
2011,2011 NZERA Wellington 145,https://determinations.era.govt.nz/assets/elawpdf/2011/9b715300b5/2011_NZERA_Wellington_145.pdf,employer_win,employer_win,yes,no
2011,2011 NZERA Christchurch 27,https://determinations.era.govt.nz/assets/elawpdf/2011/9b807c7e3d/2011_NZERA_Christchurch_27.pdf,employer_win,employer_win,yes,no
2011,2011 NZERA Wellington 44,https://determinations.era.govt.nz/assets/elawpdf/2011/9d13d0adf5/2011_NZERA_Wellington_44.pdf,employee_win,employer_win,yes,yes
2011,2011 NZERA Wellington 11,https://determinations.era.govt.nz/assets/elawpdf/2011/9d27a3d781/2011_NZERA_Wellington_11.pdf,employer_win,employee_win,yes,yes
2011,2011 NZERA Christchurch 7,https://determinations.era.govt.nz/assets/elawpdf/2011/9f3fd47fc7/2011_NZERA_Christchurch_7.pdf,employer_win,employee_win,yes,yes
2011,2011 NZERA Auckland 16,https://determinations.era.govt.nz/assets/elawpdf/2011/a1690f156a/2011_NZERA_Auckland_16.pdf,employer_win,employer_win,yes,no
2011,2011 NZERA Auckland 103,https://determinations.era.govt.nz/assets/elawpdf/2011/a1951082e0/2011_NZERA_Auckland_103.pdf,employer_win,employer_win,yes,no
2011,2011 NZERA Auckland 98,https://determinations.era.govt.nz/assets/elawpdf/2011/a2bfb82468/2011_NZERA_Auckland_98.pdf,employee_win,employee_win,yes,no
2011,2011 NZERA Christchurch 106,https://determinations.era.govt.nz/assets/elawpdf/2011/a60e53c181/2011_NZERA_Christchurch_106.pdf,employee_win,employee_win,yes,no
2011,2011 NZERA Auckland 271,https://determinations.era.govt.nz/assets/elawpdf/2011/a6e15caaa8/2011_NZERA_Auckland_271.pdf,employer_win,employer_win,yes,no
2011,2011 NZERA Auckland 104,https://determinations.era.govt.nz/assets/elawpdf/2011/a72c890718/2011_NZERA_Auckland_104.pdf,employee_win,employee_win,yes,no
2011,2011 NZERA Auckland 14,https://determinations.era.govt.nz/assets/elawpdf/2011/a910c36927/2011_NZERA_Auckland_14.pdf,employer_win,employer_win,yes,no
2011,2011 NZERA Christchurch 9,https://determinations.era.govt.nz/assets/elawpdf/2011/aa4627a036/2011_NZERA_Christchurch_9.pdf,employee_win,employer_win,yes,yes
2011,2011 NZERA Auckland 80,https://determinations.era.govt.nz/assets/elawpdf/2011/aa79b67eb3/2011_NZERA_Auckland_80.pdf,employee_win,employee_win,yes,no
2011,2011 NZERA Auckland 463,https://determinations.era.govt.nz/assets/elawpdf/2011/ab330f3dc4/2011_NZERA_Auckland_463.pdf,employer_win,employer_win,yes,no
2011,2011 NZERA Auckland 195,https://determinations.era.govt.nz/assets/elawpdf/2011/ab33b3152a/2011_NZERA_Auckland_195.pdf,employer_win,employer_win,yes,no
2011,2011 NZERA Christchurch 31,https://determinations.era.govt.nz/assets/elawpdf/2011/ad327f2f88/2011_NZERA_Christchurch_31.pdf,employee_win,employee_win,yes,no
2011,2011 NZERA Auckland 220,https://determinations.era.govt.nz/assets/elawpdf/2011/ad61fbeda2/2011_NZERA_Auckland_220.pdf,employee_win,employee_win,yes,no
2011,2011 NZERA Christchurch 58,https://determinations.era.govt.nz/assets/elawpdf/2011/ae1f319f63/2011_NZERA_Christchurch_58.pdf,employee_win,employee_win,yes,no
2011,2011 NZERA Christchurch 81,https://determinations.era.govt.nz/assets/elawpdf/2011/ae4b8dd9d9/2011_NZERA_Christchurch_81.pdf,employee_win,employer_win,yes,yes
2011,2011 NZERA Auckland 498,https://determinations.era.govt.nz/assets/elawpdf/2011/aefb1e7bb1/2011_NZERA_Auckland_498.pdf,employee_win,employee_win,yes,no
2011,2011 NZERA Christchurch 48,https://determinations.era.govt.nz/assets/elawpdf/2011/b0611d586a/2011_NZERA_Christchurch_48.pdf,employer_win,employer_win,yes,no
2011,2011 NZERA Christchurch 189,https://determinations.era.govt.nz/assets/elawpdf/2011/b089e94829/2011_NZERA_Christchurch_189.pdf,employer_win,employer_win,yes,no
2011,2011 NZERA Auckland 421,https://determinations.era.govt.nz/assets/elawpdf/2011/b1afdc333c/2011_NZERA_Auckland_421.pdf,employer_win,employer_win,yes,no
2011,2011 NZERA Christchurch 185,https://determinations.era.govt.nz/assets/elawpdf/2011/b1cddedc86/2011_NZERA_Christchurch_185.pdf,employer_win,employer_win,yes,no
2011,2011 NZERA Wellington 55,https://determinations.era.govt.nz/assets/elawpdf/2011/b1f19b7847/2011_NZERA_Wellington_55.pdf,employee_win,employee_win,yes,no
2011,2011 NZERA Christchurch 32,https://determinations.era.govt.nz/assets/elawpdf/2011/b29181f4f6/2011_NZERA_Christchurch_32.pdf,employer_win,employer_win,yes,no
2011,2011 NZERA Auckland 468,https://determinations.era.govt.nz/assets/elawpdf/2011/b2b5b2a735/2011_NZERA_Auckland_468.pdf,employee_win,employee_win,yes,no
2011,2011 NZERA Christchurch 78,https://determinations.era.govt.nz/assets/elawpdf/2011/b39760fd8c/2011_NZERA_Christchurch_78.pdf,employer_win,employee_win,yes,yes
2011,2011 NZERA Auckland 225,https://determinations.era.govt.nz/assets/elawpdf/2011/b75ab2a403/2011_NZERA_Auckland_225.pdf,employee_win,employer_win,yes,yes
2011,2011 NZERA Christchurch 75,https://determinations.era.govt.nz/assets/elawpdf/2011/b7fa638736/2011_NZERA_Christchurch_75.pdf,employee_win,employee_win,yes,no
2011,2011 NZERA Wellington 199,https://determinations.era.govt.nz/assets/elawpdf/2011/b8940f2e44/2011_NZERA_Wellington_199.pdf,employer_win,employee_win,yes,yes
2011,2011 NZERA Auckland 387,https://determinations.era.govt.nz/assets/elawpdf/2011/b998782105/2011_NZERA_Auckland_387.pdf,employer_win,employer_win,yes,no
2011,2011 NZERA Auckland 363,https://determinations.era.govt.nz/assets/elawpdf/2011/b9c2e4a93e/2011_NZERA_Auckland_363.pdf,employee_win,employee_win,yes,no
2011,2011 NZERA Auckland 348,https://determinations.era.govt.nz/assets/elawpdf/2011/b9e1693228/2011_NZERA_Auckland_348.pdf,employer_win,employer_win,yes,no
2011,2011 NZERA Christchurch 143,https://determinations.era.govt.nz/assets/elawpdf/2011/baa00c239e/2011_NZERA_Christchurch_143.pdf,employer_win,employer_win,yes,no
2011,2011 NZERA Christchurch 132,https://determinations.era.govt.nz/assets/elawpdf/2011/bac4bf2390/2011_NZERA_Christchurch_132.pdf,employer_win,employee_win,yes,yes
2011,2011 NZERA Wellington 19,https://determinations.era.govt.nz/assets/elawpdf/2011/bae0bfe53e/2011_NZERA_Wellington_19.pdf,employee_win,employee_win,yes,no
2011,2011 NZERA Christchurch 119,https://determinations.era.govt.nz/assets/elawpdf/2011/bb5156b3d8/2011_NZERA_Christchurch_119.pdf,employee_win,employee_win,yes,no
2011,2011 NZERA Wellington 48,https://determinations.era.govt.nz/assets/elawpdf/2011/bb557e46bf/2011_NZERA_Wellington_48.pdf,employee_win,employee_win,yes,no
2011,2011 NZERA Auckland 152,https://determinations.era.govt.nz/assets/elawpdf/2011/bc9dcf32da/2011_NZERA_Auckland_152.pdf,employee_win,employee_win,yes,no
2011,2011 NZERA Auckland 343,https://determinations.era.govt.nz/assets/elawpdf/2011/bd4528efde/2011_NZERA_Auckland_343.pdf,employer_win,employer_win,yes,no
2011,2011 NZERA Wellington 185,https://determinations.era.govt.nz/assets/elawpdf/2011/bedd5f682d/2011_NZERA_Wellington_185.pdf,employer_win,employee_win,yes,yes
2011,2011 NZERA Christchurch 200,https://determinations.era.govt.nz/assets/elawpdf/2011/bf29d656f1/2011_NZERA_Christchurch_200.pdf,employee_win,employee_win,yes,no
2011,2011 NZERA Auckland 276,https://determinations.era.govt.nz/assets/elawpdf/2011/bf29e3358f/2011_NZERA_Auckland_276.pdf,employer_win,employer_win,yes,no
2011,2011 NZERA Christchurch 154,https://determinations.era.govt.nz/assets/elawpdf/2011/bf874b9aa5/2011_NZERA_Christchurch_154.pdf,employee_win,employer_win,yes,yes
2011,2011 NZERA Auckland 241,https://determinations.era.govt.nz/assets/elawpdf/2011/c01ff4333b/2011_NZERA_Auckland_241.pdf,employee_win,employee_win,yes,no
2011,2011 NZERA Christchurch 181,https://determinations.era.govt.nz/assets/elawpdf/2011/c084fcf81c/2011_NZERA_Christchurch_181.pdf,employee_win,employer_win,yes,yes
2011,2011 NZERA Auckland 5,https://determinations.era.govt.nz/assets/elawpdf/2011/c155d27c0f/2011_NZERA_Auckland_5.pdf,employee_win,employer_win,yes,yes
2011,2011 NZERA Auckland 185,https://determinations.era.govt.nz/assets/elawpdf/2011/c4087174ba/2011_NZERA_Auckland_185.pdf,employee_win,employee_win,yes,no
2011,2011 NZERA Auckland 18,https://determinations.era.govt.nz/assets/elawpdf/2011/c47fadbd3d/2011_NZERA_Auckland_18.pdf,employee_win,employer_win,yes,yes
2011,2011 NZERA Auckland 86,https://determinations.era.govt.nz/assets/elawpdf/2011/c5a94917a7/2011_NZERA_Auckland_86.pdf,employer_win,employer_win,yes,no
2011,2011 NZERA Auckland 437,https://determinations.era.govt.nz/assets/elawpdf/2011/c6147af707/2011_NZERA_Auckland_437.pdf,employer_win,employee_win,yes,yes
2011,2011 NZERA Auckland 47,https://determinations.era.govt.nz/assets/elawpdf/2011/c71b5d104d/2011_NZERA_Auckland_47.pdf,employer_win,employee_win,yes,yes
2011,2011 NZERA Auckland 452,https://determinations.era.govt.nz/assets/elawpdf/2011/c78ce12b4e/2011_NZERA_Auckland_452.pdf,employee_win,employee_win,yes,no
2011,2011 NZERA Wellington 155,https://determinations.era.govt.nz/assets/elawpdf/2011/c7ae5376c6/2011_NZERA_Wellington_155.pdf,employee_win,employee_win,yes,no
2011,2011 NZERA Christchurch 114,https://determinations.era.govt.nz/assets/elawpdf/2011/c84d0d9626/2011_NZERA_Christchurch_114.pdf,employer_win,employee_win,yes,yes
2011,2011 NZERA Wellington 83,https://determinations.era.govt.nz/assets/elawpdf/2011/c8b60154a7/2011_NZERA_Wellington_83.pdf,employer_win,employer_win,yes,no
2011,2011 NZERA Christchurch 191,https://determinations.era.govt.nz/assets/elawpdf/2011/cad68cefe9/2011_NZERA_Christchurch_191.pdf,employer_win,employee_win,yes,yes
2011,2011 NZERA Auckland 515,https://determinations.era.govt.nz/assets/elawpdf/2011/cc2d9afc80/2011_NZERA_Auckland_515.pdf,employee_win,employer_win,yes,yes
2011,2011 NZERA Auckland 488,https://determinations.era.govt.nz/assets/elawpdf/2011/ce65a98b1b/2011_NZERA_Auckland_488.pdf,employer_win,employer_win,yes,no
2011,2011 NZERA Auckland 59,https://determinations.era.govt.nz/assets/elawpdf/2011/d07e3e7200/2011_NZERA_Auckland_59.pdf,employer_win,employer_win,yes,no
2011,2011 NZERA Auckland 542,https://determinations.era.govt.nz/assets/elawpdf/2011/d0b02e3343/2011_NZERA_Auckland_542.pdf,employer_win,employer_win,yes,no
2011,2011 NZERA Auckland 530,https://determinations.era.govt.nz/assets/elawpdf/2011/d3b38bc9c4/2011_NZERA_Auckland_530.pdf,employer_win,employer_win,yes,no
2011,2011 NZERA Wellington 101,https://determinations.era.govt.nz/assets/elawpdf/2011/d4cd46a17b/2011_NZERA_Wellington_101.pdf,employer_win,employer_win,yes,no
2011,2011 NZERA Auckland 453,https://determinations.era.govt.nz/assets/elawpdf/2011/d547d71fb9/2011_NZERA_Auckland_453.pdf,employee_win,employer_win,yes,yes
2011,2011 NZERA Wellington 174,https://determinations.era.govt.nz/assets/elawpdf/2011/d5fe1dc20c/2011_NZERA_Wellington_174.pdf,employee_win,employee_win,yes,no
2011,2011 NZERA Auckland 414,https://determinations.era.govt.nz/assets/elawpdf/2011/d6af718b20/2011_NZERA_Auckland_414.pdf,employer_win,employee_win,yes,yes
2011,2011 NZERA Christchurch 121,https://determinations.era.govt.nz/assets/elawpdf/2011/d8c24e60f7/2011_NZERA_Christchurch_121.pdf,employee_win,employee_win,yes,no
2011,2011 NZERA Auckland 19,https://determinations.era.govt.nz/assets/elawpdf/2011/d8ffa84c1c/2011_NZERA_Auckland_19.pdf,employee_win,employee_win,yes,no
2011,2011 NZERA Auckland 228,https://determinations.era.govt.nz/assets/elawpdf/2011/d9c16a6216/2011_NZERA_Auckland_228.pdf,employee_win,employee_win,yes,no
2011,2011 NZERA Auckland 191,https://determinations.era.govt.nz/assets/elawpdf/2011/dab17c34ba/2011_NZERA_Auckland_191.pdf,employee_win,employee_win,yes,no
2011,2011 NZERA Christchurch 77,https://determinations.era.govt.nz/assets/elawpdf/2011/db2f8937d0/2011_NZERA_Christchurch_77.pdf,employee_win,employee_win,yes,no
2011,2011 NZERA Auckland 42,https://determinations.era.govt.nz/assets/elawpdf/2011/db857c3e5d/2011_NZERA_Auckland_42.pdf,employer_win,employer_win,yes,no
2011,2011 NZERA Wellington 107,https://determinations.era.govt.nz/assets/elawpdf/2011/dd05a941ee/2011_NZERA_Wellington_107.pdf,employer_win,employer_win,yes,no
2011,2011 NZERA Christchurch 126,https://determinations.era.govt.nz/assets/elawpdf/2011/deb06fa1ec/2011_NZERA_Christchurch_126.pdf,employer_win,employee_win,yes,yes
2011,2011 NZERA Auckland 50,https://determinations.era.govt.nz/assets/elawpdf/2011/df376eb612/2011_NZERA_Auckland_50.pdf,employee_win,employee_win,yes,no
2011,2011 NZERA Auckland 205,https://determinations.era.govt.nz/assets/elawpdf/2011/dff81318fb/2011_NZERA_Auckland_205.pdf,employee_win,employee_win,yes,no
2011,2011 NZERA Christchurch 118,https://determinations.era.govt.nz/assets/elawpdf/2011/e1d8a1e529/2011_NZERA_Christchurch_118.pdf,employer_win,employer_win,yes,no
2011,2011 NZERA Auckland 287,https://determinations.era.govt.nz/assets/elawpdf/2011/e26cc2f48c/2011_NZERA_Auckland_287.pdf,employee_win,employee_win,yes,no
2011,2011 NZERA Auckland 70,https://determinations.era.govt.nz/assets/elawpdf/2011/e2f628b064/2011_NZERA_Auckland_70.pdf,employer_win,employer_win,yes,no
2011,2011 NZERA Christchurch 87,https://determinations.era.govt.nz/assets/elawpdf/2011/e36d1ee4bc/2011_NZERA_Christchurch_87.pdf,employer_win,employer_win,yes,no
2011,2011 NZERA Wellington 161,https://determinations.era.govt.nz/assets/elawpdf/2011/e45ffee5a7/2011_NZERA_Wellington_161.pdf,employee_win,employee_win,yes,no
2011,2011 NZERA Christchurch 5,https://determinations.era.govt.nz/assets/elawpdf/2011/e4fff48a39/2011_NZERA_Christchurch_5.pdf,employee_win,employer_win,yes,yes
2011,2011 NZERA Auckland 303,https://determinations.era.govt.nz/assets/elawpdf/2011/e5a977b1b9/2011_NZERA_Auckland_303.pdf,employer_win,employee_win,yes,yes
2011,2011 NZERA Christchurch 147,https://determinations.era.govt.nz/assets/elawpdf/2011/e614123751/2011_NZERA_Christchurch_147.pdf,employer_win,employee_win,yes,yes
2011,2011 NZERA Auckland 298,https://determinations.era.govt.nz/assets/elawpdf/2011/e6aad901eb/2011_NZERA_Auckland_298.pdf,employee_win,employee_win,yes,no
2011,2011 NZERA Auckland 39,https://determinations.era.govt.nz/assets/elawpdf/2011/e875a41dd6/2011_NZERA_Auckland_39.pdf,employer_win,employer_win,yes,no
2011,2011 NZERA Christchurch 16,https://determinations.era.govt.nz/assets/elawpdf/2011/e94889eb22/2011_NZERA_Christchurch_16.pdf,employer_win,employer_win,yes,no
2011,2011 NZERA Wellington 93,https://determinations.era.govt.nz/assets/elawpdf/2011/e9d2cad6de/2011_NZERA_Wellington_93.pdf,employer_win,employer_win,yes,no
2011,2011 NZERA Auckland 65,https://determinations.era.govt.nz/assets/elawpdf/2011/ea3b54b749/2011_NZERA_Auckland_65.pdf,employer_win,employer_win,yes,no
2011,2011 NZERA Wellington 158,https://determinations.era.govt.nz/assets/elawpdf/2011/eb80e1c026/2011_NZERA_Wellington_158.pdf,employer_win,employer_win,yes,no
2011,2011 NZERA Auckland 189,https://determinations.era.govt.nz/assets/elawpdf/2011/ec7557cfad/2011_NZERA_Auckland_189.pdf,employer_win,employer_win,yes,no
2011,2011 NZERA Auckland 494,https://determinations.era.govt.nz/assets/elawpdf/2011/ee999d9382/2011_NZERA_Auckland_494.pdf,employee_win,employee_win,yes,no
2011,2011 NZERA Auckland 354,https://determinations.era.govt.nz/assets/elawpdf/2011/ef1191b7ed/2011_NZERA_Auckland_354.pdf,employee_win,employer_win,yes,yes
2011,2011 NZERA Christchurch 91,https://determinations.era.govt.nz/assets/elawpdf/2011/f05692581e/2011_NZERA_Christchurch_91.pdf,employer_win,employer_win,yes,no
2011,2011 NZERA Christchurch 107,https://determinations.era.govt.nz/assets/elawpdf/2011/f113e51376/2011_NZERA_Christchurch_107.pdf,employer_win,employee_win,yes,yes
2011,2011 NZERA Auckland 385,https://determinations.era.govt.nz/assets/elawpdf/2011/f13f734b35/2011_NZERA_Auckland_385.pdf,employee_win,employee_win,yes,no
2011,2011 NZERA Auckland 429,https://determinations.era.govt.nz/assets/elawpdf/2011/f2378ea9ee/2011_NZERA_Auckland_429.pdf,employee_win,employee_win,yes,no
2011,2011 NZERA Wellington 22,https://determinations.era.govt.nz/assets/elawpdf/2011/f2916e0648/2011_NZERA_Wellington_22.pdf,employer_win,employee_win,yes,yes
2011,2011 NZERA Christchurch 67,https://determinations.era.govt.nz/assets/elawpdf/2011/f2d2227963/2011_NZERA_Christchurch_67.pdf,employer_win,employer_win,yes,no
2011,2011 NZERA Christchurch 10,https://determinations.era.govt.nz/assets/elawpdf/2011/f448f00bd9/2011_NZERA_Christchurch_10.pdf,employee_win,employee_win,yes,no
2011,2011 NZERA Auckland 369,https://determinations.era.govt.nz/assets/elawpdf/2011/f4cff57917/2011_NZERA_Auckland_369.pdf,employer_win,employee_win,yes,yes
2011,2011 NZERA Auckland 266,https://determinations.era.govt.nz/assets/elawpdf/2011/f5a14662ad/2011_NZERA_Auckland_266.pdf,employee_win,employee_win,yes,no
2011,2011 NZERA Auckland 549,https://determinations.era.govt.nz/assets/elawpdf/2011/f6246640cf/2011_NZERA_Auckland_549.pdf,employer_win,employer_win,yes,no
2011,2011 NZERA Auckland 150,https://determinations.era.govt.nz/assets/elawpdf/2011/f666641737/2011_NZERA_Auckland_150.pdf,employer_win,employer_win,yes,no
2011,2011 NZERA Auckland 505,https://determinations.era.govt.nz/assets/elawpdf/2011/f746bd11ce/2011_NZERA_Auckland_505.pdf,employee_win,employee_win,yes,no
2011,2011 NZERA Auckland 38,https://determinations.era.govt.nz/assets/elawpdf/2011/f8147a4919/2011_NZERA_Auckland_38.pdf,employee_win,employer_win,yes,yes
2011,2011 NZERA Christchurch 41,https://determinations.era.govt.nz/assets/elawpdf/2011/f85cddfbfa/2011_NZERA_Christchurch_41.pdf,employer_win,employer_win,yes,no
2011,2011 NZERA Christchurch 29,https://determinations.era.govt.nz/assets/elawpdf/2011/fc12010318/2011_NZERA_Christchurch_29.pdf,employee_win,employee_win,yes,no
2011,2011 NZERA Auckland 128,https://determinations.era.govt.nz/assets/elawpdf/2011/fc76c4f00f/2011_NZERA_Auckland_128.pdf,employee_win,employee_win,yes,no
2011,2011 NZERA Auckland 322,https://determinations.era.govt.nz/assets/elawpdf/2011/fcb8a718ad/2011_NZERA_Auckland_322.pdf,employer_win,employee_win,yes,yes
2011,2011 NZERA Auckland 382,https://determinations.era.govt.nz/assets/elawpdf/2011/fcdc4e5fea/2011_NZERA_Auckland_382.pdf,employee_win,employee_win,yes,no
2011,2011 NZERA Auckland 471,https://determinations.era.govt.nz/assets/elawpdf/2011/fce7df84c6/2011_NZERA_Auckland_471.pdf,employee_win,employee_win,yes,no
2011,2011 NZERA Auckland 166,https://determinations.era.govt.nz/assets/elawpdf/2011/fd506571c0/2011_NZERA_Auckland_166.pdf,employer_win,employee_win,yes,yes
2011,2011 NZERA Auckland 413,https://determinations.era.govt.nz/assets/elawpdf/2011/fd54890043/2011_NZERA_Auckland_413.pdf,employee_win,employee_win,yes,no
2011,2011 NZERA Auckland 361,https://determinations.era.govt.nz/assets/elawpdf/2011/fdd30f7ef2/2011_NZERA_Auckland_361.pdf,employee_win,employee_win,yes,no
2011,2011 NZERA Christchurch 19,https://determinations.era.govt.nz/assets/elawpdf/2011/ff30fb6b8b/2011_NZERA_Christchurch_19.pdf,employer_win,employer_win,yes,no
2012,2012 NZERA Auckland 374,https://determinations.era.govt.nz/assets/elawpdf/2012/0074a430bb/2012_NZERA_Auckland_374.pdf,employee_win,employee_win,yes,no
2012,2012 NZERA Wellington 5,https://determinations.era.govt.nz/assets/elawpdf/2012/00f25eb704/2012_NZERA_Wellington_5.pdf,employee_win,employee_win,yes,no
2012,2012 NZERA Christchurch 286,https://determinations.era.govt.nz/assets/elawpdf/2012/010c12fd39/2012_NZERA_Christchurch_286.pdf,employer_win,employer_win,yes,no
2012,2012 NZERA Auckland 58,https://determinations.era.govt.nz/assets/elawpdf/2012/04232013cf/2012_NZERA_Auckland_58.pdf,employer_win,employer_win,yes,no
2012,2012 NZERA Auckland 239,https://determinations.era.govt.nz/assets/elawpdf/2012/049d70056c/2012_NZERA_Auckland_239.pdf,employer_win,employee_win,yes,yes
2012,2012 NZERA Christchurch 58,https://determinations.era.govt.nz/assets/elawpdf/2012/07700d2665/2012_NZERA_Christchurch_58.pdf,employer_win,employee_win,yes,yes
2012,2012 NZERA Auckland 2,https://determinations.era.govt.nz/assets/elawpdf/2012/0a4f59a732/2012_NZERA_Auckland_2.pdf,employer_win,employee_win,yes,yes
2012,2012 NZERA Wellington 62,https://determinations.era.govt.nz/assets/elawpdf/2012/0aae498203/2012_NZERA_Wellington_62.pdf,employee_win,employee_win,yes,no
2012,2012 NZERA Auckland 161,https://determinations.era.govt.nz/assets/elawpdf/2012/0b68a5fdf8/2012_NZERA_Auckland_161.pdf,employee_win,employer_win,yes,yes
2012,2012 NZERA Auckland 324,https://determinations.era.govt.nz/assets/elawpdf/2012/0bc8c8eaa8/2012_NZERA_Auckland_324.pdf,employer_win,employer_win,yes,no
2012,2012 NZERA Christchurch 270,https://determinations.era.govt.nz/assets/elawpdf/2012/0bd1de336a/2012_NZERA_Christchurch_270.pdf,employee_win,employee_win,yes,no
2012,2012 NZERA Wellington 29,https://determinations.era.govt.nz/assets/elawpdf/2012/0c9a169e7b/2012_NZERA_Wellington_29.pdf,employer_win,employer_win,yes,no
2012,2012 NZERA Auckland 133,https://determinations.era.govt.nz/assets/elawpdf/2012/0dc475c3b9/2012_NZERA_Auckland_133.pdf,employee_win,employee_win,yes,no
2012,2012 NZERA Christchurch 182,https://determinations.era.govt.nz/assets/elawpdf/2012/0dce8b19d7/2012_NZERA_Christchurch_182.pdf,employee_win,employee_win,yes,no
2012,2012 NZERA Wellington 48,https://determinations.era.govt.nz/assets/elawpdf/2012/0e84757ccf/2012_NZERA_Wellington_48.pdf,employer_win,employer_win,yes,no
2012,2012 NZERA Christchurch 10,https://determinations.era.govt.nz/assets/elawpdf/2012/0f0b339c6b/2012_NZERA_Christchurch_10.pdf,employee_win,employee_win,yes,no
2012,2012 NZERA Christchurch 264,https://determinations.era.govt.nz/assets/elawpdf/2012/10954e0a2e/2012_NZERA_Christchurch_264.pdf,employer_win,employer_win,yes,no
2012,2012 NZERA Auckland 129,https://determinations.era.govt.nz/assets/elawpdf/2012/10c1c2f56f/2012_NZERA_Auckland_129.pdf,employee_win,employee_win,yes,no
2012,2012 NZERA Wellington 37,https://determinations.era.govt.nz/assets/elawpdf/2012/10ea13557b/2012_NZERA_Wellington_37.pdf,employee_win,employer_win,yes,yes
2012,2012 NZERA Auckland 361,https://determinations.era.govt.nz/assets/elawpdf/2012/10fc4d81b7/2012_NZERA_Auckland_361.pdf,employer_win,employer_win,yes,no
2012,2012 NZERA Auckland 341,https://determinations.era.govt.nz/assets/elawpdf/2012/111f91bb2e/2012_NZERA_Auckland_341.pdf,employee_win,employee_win,yes,no
2012,2012 NZERA Auckland 310,https://determinations.era.govt.nz/assets/elawpdf/2012/114475adbb/2012_NZERA_Auckland_310.pdf,employer_win,employer_win,yes,no
2012,2012 NZERA Wellington 61,https://determinations.era.govt.nz/assets/elawpdf/2012/12b3e6a0f7/2012_NZERA_Wellington_61.pdf,employee_win,employee_win,yes,no
2012,2012 NZERA Auckland 427,https://determinations.era.govt.nz/assets/elawpdf/2012/130387893b/2012_NZERA_Auckland_427.pdf,employer_win,employer_win,yes,no
2012,2012 NZERA Wellington 79,https://determinations.era.govt.nz/assets/elawpdf/2012/139fde65b1/2012_NZERA_Wellington_79.pdf,employer_win,employer_win,yes,no
2012,2012 NZERA Auckland 258,https://determinations.era.govt.nz/assets/elawpdf/2012/1420dd87a2/2012_NZERA_Auckland_258.pdf,employer_win,employer_win,yes,no
2012,2012 NZERA Christchurch 96,https://determinations.era.govt.nz/assets/elawpdf/2012/142dca6e70/2012_NZERA_Christchurch_96.pdf,employer_win,employer_win,yes,no
2012,2012 NZERA Christchurch 198,https://determinations.era.govt.nz/assets/elawpdf/2012/14d0f9f459/2012_NZERA_Christchurch_198.pdf,employee_win,employee_win,yes,no
2012,2012 NZERA Wellington 63,https://determinations.era.govt.nz/assets/elawpdf/2012/14fabe8ca8/2012_NZERA_Wellington_63.pdf,employee_win,employee_win,yes,no
2012,2012 NZERA Christchurch 91,https://determinations.era.govt.nz/assets/elawpdf/2012/154f476ee8/2012_NZERA_Christchurch_91.pdf,employee_win,employee_win,yes,no
2012,2012 NZERA Auckland 233,https://determinations.era.govt.nz/assets/elawpdf/2012/17d277450e/2012_NZERA_Auckland_233.pdf,employee_win,employer_win,yes,yes
2012,2012 NZERA Christchurch 276,https://determinations.era.govt.nz/assets/elawpdf/2012/198d990f78/2012_NZERA_Christchurch_276.pdf,employer_win,employer_win,yes,no
2012,2012 NZERA Wellington 109,https://determinations.era.govt.nz/assets/elawpdf/2012/1a21f08354/2012_NZERA_Wellington_109.pdf,employer_win,employer_win,yes,no
2012,2012 NZERA Auckland 432,https://determinations.era.govt.nz/assets/elawpdf/2012/1ac47064b2/2012_NZERA_Auckland_432.pdf,employer_win,employer_win,yes,no
2012,2012 NZERA Auckland 135,https://determinations.era.govt.nz/assets/elawpdf/2012/1b207e9077/2012_NZERA_Auckland_135.pdf,employer_win,employer_win,yes,no
2012,2012 NZERA Christchurch 190,https://determinations.era.govt.nz/assets/elawpdf/2012/1b7a9de3fd/2012_NZERA_Christchurch_190.pdf,employee_win,employer_win,yes,yes
2012,2012 NZERA Auckland 286,https://determinations.era.govt.nz/assets/elawpdf/2012/1d31ded909/2012_NZERA_Auckland_286.pdf,employer_win,employee_win,yes,yes
2012,2012 NZERA Auckland 305,https://determinations.era.govt.nz/assets/elawpdf/2012/1d9f9cb273/2012_NZERA_Auckland_305.pdf,employee_win,employee_win,yes,no
2012,2012 NZERA Christchurch 222,https://determinations.era.govt.nz/assets/elawpdf/2012/1dddfa0afe/2012_NZERA_Christchurch_222.pdf,employer_win,employer_win,yes,no
2012,2012 NZERA Christchurch 119,https://determinations.era.govt.nz/assets/elawpdf/2012/200ded28ca/2012_NZERA_Christchurch_119.pdf,employee_win,employer_win,yes,yes
2012,2012 NZERA Christchurch 208,https://determinations.era.govt.nz/assets/elawpdf/2012/207239f4a9/2012_NZERA_Christchurch_208.pdf,employer_win,employer_win,yes,no
2012,2012 NZERA Auckland 242,https://determinations.era.govt.nz/assets/elawpdf/2012/20a01b54d6/2012_NZERA_Auckland_242.pdf,employer_win,employer_win,yes,no
2012,2012 NZERA Wellington 116,https://determinations.era.govt.nz/assets/elawpdf/2012/20f8145e0a/2012_NZERA_Wellington_116.pdf,employee_win,employee_win,yes,no
2012,2012 NZERA Wellington 103,https://determinations.era.govt.nz/assets/elawpdf/2012/21925ebf7d/2012_NZERA_Wellington_103.pdf,employer_win,employer_win,yes,no
2012,2012 NZERA Wellington 153,https://determinations.era.govt.nz/assets/elawpdf/2012/21a45228fc/2012_NZERA_Wellington_153.pdf,employer_win,employer_win,yes,no
2012,2012 NZERA Wellington 128,https://determinations.era.govt.nz/assets/elawpdf/2012/21e4a427f8/2012_NZERA_Wellington_128.pdf,employer_win,employee_win,yes,yes
2012,2012 NZERA Christchurch 277,https://determinations.era.govt.nz/assets/elawpdf/2012/21e67e0f78/2012_NZERA_Christchurch_277.pdf,employer_win,employee_win,yes,yes
2012,2012 NZERA Auckland 39,https://determinations.era.govt.nz/assets/elawpdf/2012/2233632152/2012_NZERA_Auckland_39.pdf,employee_win,employee_win,yes,no
2012,2012 NZERA Wellington 28,https://determinations.era.govt.nz/assets/elawpdf/2012/2285feb105/2012_NZERA_Wellington_28.pdf,employer_win,employer_win,yes,no
2012,2012 NZERA Auckland 131,https://determinations.era.govt.nz/assets/elawpdf/2012/228761fc6a/2012_NZERA_Auckland_131.pdf,employee_win,employer_win,yes,yes
2012,2012 NZERA Auckland 387,https://determinations.era.govt.nz/assets/elawpdf/2012/22df236bde/2012_NZERA_Auckland_387.pdf,employee_win,employer_win,yes,yes
2012,2012 NZERA Auckland 372,https://determinations.era.govt.nz/assets/elawpdf/2012/25ed4e502e/2012_NZERA_Auckland_372.pdf,employer_win,employer_win,yes,no
2012,2012 NZERA Auckland 294,https://determinations.era.govt.nz/assets/elawpdf/2012/263ef4f5c6/2012_NZERA_Auckland_294.pdf,employer_win,employee_win,yes,yes
2012,2012 NZERA Wellington 83,https://determinations.era.govt.nz/assets/elawpdf/2012/271fbbf443/2012_NZERA_Wellington_83.pdf,employee_win,employee_win,yes,no
2012,2012 NZERA Auckland 415,https://determinations.era.govt.nz/assets/elawpdf/2012/274bed72b6/2012_NZERA_Auckland_415.pdf,employer_win,employer_win,yes,no
2012,2012 NZERA Auckland 312,https://determinations.era.govt.nz/assets/elawpdf/2012/274c1dec82/2012_NZERA_Auckland_312.pdf,employee_win,employee_win,yes,no
2012,2012 NZERA Christchurch 275,https://determinations.era.govt.nz/assets/elawpdf/2012/2977d6e82a/2012_NZERA_Christchurch_275.pdf,employee_win,employee_win,yes,no
2012,2012 NZERA Auckland 28,https://determinations.era.govt.nz/assets/elawpdf/2012/2c65abee4e/2012_NZERA_Auckland_28.pdf,employer_win,employer_win,yes,no
2012,2012 NZERA Auckland 73,https://determinations.era.govt.nz/assets/elawpdf/2012/2c91c88514/2012_NZERA_Auckland_73.pdf,employer_win,employer_win,yes,no
2012,2012 NZERA Auckland 101,https://determinations.era.govt.nz/assets/elawpdf/2012/2d16ff3de1/2012_NZERA_Auckland_101.pdf,employer_win,employer_win,yes,no
2012,2012 NZERA Christchurch 113,https://determinations.era.govt.nz/assets/elawpdf/2012/2f2c3495fd/2012_NZERA_Christchurch_113.pdf,employee_win,employee_win,yes,no
2012,2012 NZERA Auckland 221,https://determinations.era.govt.nz/assets/elawpdf/2012/2f930386b6/2012_NZERA_Auckland_221.pdf,employer_win,employer_win,yes,no
2012,2012 NZERA Auckland 143,https://determinations.era.govt.nz/assets/elawpdf/2012/2f9b9edbb3/2012_NZERA_Auckland_143.pdf,employer_win,employer_win,yes,no
2012,2012 NZERA Auckland 282,https://determinations.era.govt.nz/assets/elawpdf/2012/2fc0d72445/2012_NZERA_Auckland_282.pdf,employee_win,employee_win,yes,no
2012,2012 NZERA Auckland 275,https://determinations.era.govt.nz/assets/elawpdf/2012/2ff9e98f82/2012_NZERA_Auckland_275.pdf,employee_win,employee_win,yes,no
2012,2012 NZERA Auckland 208,https://determinations.era.govt.nz/assets/elawpdf/2012/312f8f6fd1/2012_NZERA_Auckland_208.pdf,employer_win,employer_win,yes,no
2012,2012 NZERA Auckland 204,https://determinations.era.govt.nz/assets/elawpdf/2012/313ef14a52/2012_NZERA_Auckland_204.pdf,employee_win,employee_win,yes,no
2012,2012 NZERA Wellington 26,https://determinations.era.govt.nz/assets/elawpdf/2012/316d315b89/2012_NZERA_Wellington_26.pdf,employer_win,employee_win,yes,yes
2012,2012 NZERA Auckland 283,https://determinations.era.govt.nz/assets/elawpdf/2012/31c49c2412/2012_NZERA_Auckland_283.pdf,employee_win,employee_win,yes,no
2012,2012 NZERA Auckland 245,https://determinations.era.govt.nz/assets/elawpdf/2012/31d0f8ba44/2012_NZERA_Auckland_245.pdf,employer_win,employer_win,yes,no
2012,2012 NZERA Christchurch 151,https://determinations.era.govt.nz/assets/elawpdf/2012/34b284756f/2012_NZERA_Christchurch_151.pdf,employee_win,employee_win,yes,no
2012,2012 NZERA Christchurch 282,https://determinations.era.govt.nz/assets/elawpdf/2012/3611b22f2c/2012_NZERA_Christchurch_282.pdf,employer_win,employee_win,yes,yes
2012,2012 NZERA Christchurch 20,https://determinations.era.govt.nz/assets/elawpdf/2012/3626a1e0cd/2012_NZERA_Christchurch_20.pdf,employee_win,employee_win,yes,no
2012,2012 NZERA Auckland 139,https://determinations.era.govt.nz/assets/elawpdf/2012/3848007e96/2012_NZERA_Auckland_139.pdf,employee_win,employee_win,yes,no
2012,2012 NZERA Wellington 118,https://determinations.era.govt.nz/assets/elawpdf/2012/38583e38cb/2012_NZERA_Wellington_118.pdf,employee_win,employee_win,yes,no
2012,2012 NZERA Auckland 184,https://determinations.era.govt.nz/assets/elawpdf/2012/38c86b283c/2012_NZERA_Auckland_184.pdf,employee_win,employee_win,yes,no
2012,2012 NZERA Auckland 464,https://determinations.era.govt.nz/assets/elawpdf/2012/39c195f469/2012_NZERA_Auckland_464.pdf,employer_win,employer_win,yes,no
2012,2012 NZERA Auckland 336,https://determinations.era.govt.nz/assets/elawpdf/2012/3b958249fa/2012_NZERA_Auckland_336.pdf,employee_win,employee_win,yes,no
2012,2012 NZERA Christchurch 105,https://determinations.era.govt.nz/assets/elawpdf/2012/3d4828d0e3/2012_NZERA_Christchurch_105.pdf,employer_win,employee_win,yes,yes
2012,2012 NZERA Christchurch 281,https://determinations.era.govt.nz/assets/elawpdf/2012/3d92f02962/2012_NZERA_Christchurch_281.pdf,employee_win,employer_win,yes,yes
2012,2012 NZERA Auckland 35,https://determinations.era.govt.nz/assets/elawpdf/2012/3dc47fd827/2012_NZERA_Auckland_35.pdf,employer_win,employer_win,yes,no
2012,2012 NZERA Christchurch 126,https://determinations.era.govt.nz/assets/elawpdf/2012/3e1bd1b9bf/2012_NZERA_Christchurch_126.pdf,employee_win,employee_win,yes,no
2012,2012 NZERA Auckland 426,https://determinations.era.govt.nz/assets/elawpdf/2012/3fc70055ff/2012_NZERA_Auckland_426.pdf,employer_win,employer_win,yes,no
2012,2012 NZERA Auckland 351,https://determinations.era.govt.nz/assets/elawpdf/2012/40b91b9046/2012_NZERA_Auckland_351.pdf,employer_win,employer_win,yes,no
2012,2012 NZERA Wellington 129,https://determinations.era.govt.nz/assets/elawpdf/2012/41ba3a7756/2012_NZERA_Wellington_129.pdf,employee_win,employer_win,yes,yes
2012,2012 NZERA Auckland 308,https://determinations.era.govt.nz/assets/elawpdf/2012/44053449ed/2012_NZERA_Auckland_308.pdf,employee_win,employer_win,yes,yes
2012,2012 NZERA Auckland 440,https://determinations.era.govt.nz/assets/elawpdf/2012/44c569ee78/2012_NZERA_Auckland_440.pdf,employer_win,employer_win,yes,no
2012,2012 NZERA Auckland 246,https://determinations.era.govt.nz/assets/elawpdf/2012/45665b3ee5/2012_NZERA_Auckland_246.pdf,employee_win,employee_win,yes,no
2012,2012 NZERA Auckland 156,https://determinations.era.govt.nz/assets/elawpdf/2012/46f9bda350/2012_NZERA_Auckland_156.pdf,employer_win,employee_win,yes,yes
2012,2012 NZERA Christchurch 241,https://determinations.era.govt.nz/assets/elawpdf/2012/488354d6a7/2012_NZERA_Christchurch_241.pdf,employee_win,employee_win,yes,no
2012,2012 NZERA Christchurch 152,https://determinations.era.govt.nz/assets/elawpdf/2012/494ed34d53/2012_NZERA_Christchurch_152.pdf,employee_win,employee_win,yes,no
2012,2012 NZERA Christchurch 178,https://determinations.era.govt.nz/assets/elawpdf/2012/4958615ab7/2012_NZERA_Christchurch_178.pdf,employee_win,employee_win,yes,no
2012,2012 NZERA Christchurch 197,https://determinations.era.govt.nz/assets/elawpdf/2012/498d3cd619/2012_NZERA_Christchurch_197.pdf,employee_win,employee_win,yes,no
2012,2012 NZERA Christchurch 183,https://determinations.era.govt.nz/assets/elawpdf/2012/49cf171dc4/2012_NZERA_Christchurch_183.pdf,employer_win,employer_win,yes,no
2012,2012 NZERA Auckland 394,https://determinations.era.govt.nz/assets/elawpdf/2012/4a0b3deb8e/2012_NZERA_Auckland_394.pdf,employee_win,employer_win,yes,yes
2012,2012 NZERA Auckland 298,https://determinations.era.govt.nz/assets/elawpdf/2012/4a38ac872f/2012_NZERA_Auckland_298.pdf,employee_win,employee_win,yes,no
2012,2012 NZERA Christchurch 180,https://determinations.era.govt.nz/assets/elawpdf/2012/4b317ae984/2012_NZERA_Christchurch_180.pdf,employee_win,employee_win,yes,no
2012,2012 NZERA Auckland 398,https://determinations.era.govt.nz/assets/elawpdf/2012/4b3f9f7b0f/2012_NZERA_Auckland_398.pdf,employee_win,employee_win,yes,no
2012,2012 NZERA Wellington 22,https://determinations.era.govt.nz/assets/elawpdf/2012/4bdbf5c1c1/2012_NZERA_Wellington_22.pdf,employer_win,employee_win,yes,yes
2012,2012 NZERA Auckland 285,https://determinations.era.govt.nz/assets/elawpdf/2012/4bf03a990b/2012_NZERA_Auckland_285.pdf,employee_win,employee_win,yes,no
2012,2012 NZERA Auckland 378,https://determinations.era.govt.nz/assets/elawpdf/2012/4c30620abd/2012_NZERA_Auckland_378.pdf,employer_win,employer_win,yes,no
2012,2012 NZERA Christchurch 271,https://determinations.era.govt.nz/assets/elawpdf/2012/4d72a42f74/2012_NZERA_Christchurch_271.pdf,employer_win,employer_win,yes,no
2012,2012 NZERA Auckland 61,https://determinations.era.govt.nz/assets/elawpdf/2012/4de12641df/2012_NZERA_Auckland_61.pdf,employee_win,employer_win,yes,yes
2012,2012 NZERA Auckland 6,https://determinations.era.govt.nz/assets/elawpdf/2012/4f0aa0edca/2012_NZERA_Auckland_6.pdf,employer_win,employer_win,yes,no
2012,2012 NZERA Christchurch 42,https://determinations.era.govt.nz/assets/elawpdf/2012/4f7b929e9b/2012_NZERA_Christchurch_42.pdf,employee_win,employer_win,yes,yes
2012,2012 NZERA Auckland 314,https://determinations.era.govt.nz/assets/elawpdf/2012/513710fa08/2012_NZERA_Auckland_314.pdf,employer_win,employer_win,yes,no
2012,2012 NZERA Auckland 321,https://determinations.era.govt.nz/assets/elawpdf/2012/536aa1c305/2012_NZERA_Auckland_321.pdf,employee_win,employer_win,yes,yes
2012,2012 NZERA Auckland 206,https://determinations.era.govt.nz/assets/elawpdf/2012/56e39ed4c3/2012_NZERA_Auckland_206.pdf,employee_win,employee_win,yes,no
2012,2012 NZERA Auckland 370,https://determinations.era.govt.nz/assets/elawpdf/2012/56f5e93b4e/2012_NZERA_Auckland_370.pdf,employer_win,employer_win,yes,no
2012,2012 NZERA Auckland 457,https://determinations.era.govt.nz/assets/elawpdf/2012/588ebeef97/2012_NZERA_Auckland_457.pdf,employer_win,employer_win,yes,no
2012,2012 NZERA Auckland 224,https://determinations.era.govt.nz/assets/elawpdf/2012/597248d48c/2012_NZERA_Auckland_224.pdf,employer_win,employer_win,yes,no
2012,2012 NZERA Auckland 266,https://determinations.era.govt.nz/assets/elawpdf/2012/5995b693c3/2012_NZERA_Auckland_266.pdf,employer_win,employee_win,yes,yes
2012,2012 NZERA Auckland 402,https://determinations.era.govt.nz/assets/elawpdf/2012/5a417abddc/2012_NZERA_Auckland_402.pdf,employee_win,employee_win,yes,no
2012,2012 NZERA Christchurch 125,https://determinations.era.govt.nz/assets/elawpdf/2012/5aaa097998/2012_NZERA_Christchurch_125.pdf,employee_win,employee_win,yes,no
2012,2012 NZERA Auckland 209,https://determinations.era.govt.nz/assets/elawpdf/2012/5adc7b00fc/2012_NZERA_Auckland_209.pdf,employer_win,employer_win,yes,no
2012,2012 NZERA Wellington 38,https://determinations.era.govt.nz/assets/elawpdf/2012/5b34497c87/2012_NZERA_Wellington_38.pdf,employee_win,employee_win,yes,no
2012,2012 NZERA Wellington 138,https://determinations.era.govt.nz/assets/elawpdf/2012/5c09d0fc25/2012_NZERA_Wellington_138.pdf,employee_win,employee_win,yes,no
2012,2012 NZERA Christchurch 5,https://determinations.era.govt.nz/assets/elawpdf/2012/5cc72fc52c/2012_NZERA_Christchurch_5.pdf,employer_win,employee_win,yes,yes
2012,2012 NZERA Christchurch 112,https://determinations.era.govt.nz/assets/elawpdf/2012/5cd637cb45/2012_NZERA_Christchurch_112.pdf,employer_win,employee_win,yes,yes
2012,2012 NZERA Christchurch 118,https://determinations.era.govt.nz/assets/elawpdf/2012/5e0b6187b3/2012_NZERA_Christchurch_118.pdf,employer_win,employer_win,yes,no
2012,2012 NZERA Auckland 340,https://determinations.era.govt.nz/assets/elawpdf/2012/5ec7216543/2012_NZERA_Auckland_340.pdf,employee_win,employee_win,yes,no
2012,2012 NZERA Auckland 176,https://determinations.era.govt.nz/assets/elawpdf/2012/5f9d6d971e/2012_NZERA_Auckland_176.pdf,employer_win,employer_win,yes,no
2012,2012 NZERA Auckland 122,https://determinations.era.govt.nz/assets/elawpdf/2012/60dd4b7bc9/2012_NZERA_Auckland_122.pdf,employee_win,employee_win,yes,no
2012,2012 NZERA Auckland 299,https://determinations.era.govt.nz/assets/elawpdf/2012/61b3dadcb2/2012_NZERA_Auckland_299.pdf,employee_win,employer_win,yes,yes
2012,2012 NZERA Wellington 127,https://determinations.era.govt.nz/assets/elawpdf/2012/62bb1ff97b/2012_NZERA_Wellington_127.pdf,employer_win,employer_win,yes,no
2012,2012 NZERA Auckland 431,https://determinations.era.govt.nz/assets/elawpdf/2012/62d1c9aa84/2012_NZERA_Auckland_431.pdf,employee_win,employer_win,yes,yes
2012,2012 NZERA Christchurch 144,https://determinations.era.govt.nz/assets/elawpdf/2012/6300bafb42/2012_NZERA_Christchurch_144.pdf,employee_win,employee_win,yes,no
2012,2012 NZERA Christchurch 269,https://determinations.era.govt.nz/assets/elawpdf/2012/634ecc90d6/2012_NZERA_Christchurch_269.pdf,employee_win,employee_win,yes,no
2012,2012 NZERA Auckland 142,https://determinations.era.govt.nz/assets/elawpdf/2012/639fa676f0/2012_NZERA_Auckland_142.pdf,employee_win,employee_win,yes,no
2012,2012 NZERA Auckland 465,https://determinations.era.govt.nz/assets/elawpdf/2012/63eeae81b1/2012_NZERA_Auckland_465.pdf,employer_win,employer_win,yes,no
2012,2012 NZERA Christchurch 251,https://determinations.era.govt.nz/assets/elawpdf/2012/647493f790/2012_NZERA_Christchurch_251.pdf,employee_win,employee_win,yes,no
2012,2012 NZERA Wellington 119,https://determinations.era.govt.nz/assets/elawpdf/2012/6688fc5285/2012_NZERA_Wellington_119.pdf,employee_win,employee_win,yes,no
2012,2012 NZERA Auckland 174,https://determinations.era.govt.nz/assets/elawpdf/2012/676d633051/2012_NZERA_Auckland_174.pdf,employer_win,employer_win,yes,no
2012,2012 NZERA Wellington 54,https://determinations.era.govt.nz/assets/elawpdf/2012/6827731cfa/2012_NZERA_Wellington_54.pdf,employee_win,employee_win,yes,no
2012,2012 NZERA Christchurch 86,https://determinations.era.govt.nz/assets/elawpdf/2012/68a781083a/2012_NZERA_Christchurch_86.pdf,employee_win,employee_win,yes,no
2012,2012 NZERA Wellington 102,https://determinations.era.govt.nz/assets/elawpdf/2012/69d9b62fca/2012_NZERA_Wellington_102.pdf,employee_win,employee_win,yes,no
2012,2012 NZERA Christchurch 181,https://determinations.era.govt.nz/assets/elawpdf/2012/6a09111a89/2012_NZERA_Christchurch_181.pdf,employee_win,employer_win,yes,yes
2012,2012 NZERA Christchurch 108,https://determinations.era.govt.nz/assets/elawpdf/2012/6bc02bd313/2012_NZERA_Christchurch_108.pdf,employee_win,employee_win,yes,no
2012,2012 NZERA Christchurch 253,https://determinations.era.govt.nz/assets/elawpdf/2012/6bd8810d17/2012_NZERA_Christchurch_253.pdf,employee_win,employee_win,yes,no
2012,2012 NZERA Christchurch 134,https://determinations.era.govt.nz/assets/elawpdf/2012/6c3c14efe1/2012_NZERA_Christchurch_134.pdf,employer_win,employee_win,yes,yes
2012,2012 NZERA Auckland 144,https://determinations.era.govt.nz/assets/elawpdf/2012/6c7032e8e4/2012_NZERA_Auckland_144.pdf,employer_win,employer_win,yes,no
2012,2012 NZERA Christchurch 87,https://determinations.era.govt.nz/assets/elawpdf/2012/6e13be5947/2012_NZERA_Christchurch_87.pdf,employee_win,employee_win,yes,no
2012,2012 NZERA Christchurch 177,https://determinations.era.govt.nz/assets/elawpdf/2012/6f25dd724f/2012_NZERA_Christchurch_177.pdf,employer_win,employer_win,yes,no
2012,2012 NZERA Wellington 15,https://determinations.era.govt.nz/assets/elawpdf/2012/6fad8261cd/2012_NZERA_Wellington_15.pdf,employee_win,employee_win,yes,no
2012,2012 NZERA Christchurch 283,https://determinations.era.govt.nz/assets/elawpdf/2012/7250c18f93/2012_NZERA_Christchurch_283.pdf,employee_win,employee_win,yes,no
2012,2012 NZERA Christchurch 123,https://determinations.era.govt.nz/assets/elawpdf/2012/73c704404a/2012_NZERA_Christchurch_123.pdf,employer_win,employee_win,yes,yes
2012,2012 NZERA Auckland 313,https://determinations.era.govt.nz/assets/elawpdf/2012/74c6337151/2012_NZERA_Auckland_313.pdf,employee_win,employee_win,yes,no
2012,2012 NZERA Auckland 51,https://determinations.era.govt.nz/assets/elawpdf/2012/75eb5f79f2/2012_NZERA_Auckland_51.pdf,employee_win,employer_win,yes,yes
2012,2012 NZERA Christchurch 200,https://determinations.era.govt.nz/assets/elawpdf/2012/7650025a84/2012_NZERA_Christchurch_200.pdf,employee_win,employee_win,yes,no
2012,2012 NZERA Auckland 421,https://determinations.era.govt.nz/assets/elawpdf/2012/7690c154d6/2012_NZERA_Auckland_421.pdf,employee_win,employee_win,yes,no
2012,2012 NZERA Christchurch 179,https://determinations.era.govt.nz/assets/elawpdf/2012/77001764e0/2012_NZERA_Christchurch_179.pdf,employee_win,employee_win,yes,no
2012,2012 NZERA Auckland 43,https://determinations.era.govt.nz/assets/elawpdf/2012/77702dbb91/2012_NZERA_Auckland_43.pdf,employer_win,employer_win,yes,no
2012,2012 NZERA Auckland 222,https://determinations.era.govt.nz/assets/elawpdf/2012/7a6ecd1b0a/2012_NZERA_Auckland_222.pdf,employee_win,employer_win,yes,yes
2012,2012 NZERA Christchurch 75,https://determinations.era.govt.nz/assets/elawpdf/2012/7bedd72705/2012_NZERA_Christchurch_75.pdf,employer_win,employee_win,yes,yes
2012,2012 NZERA Christchurch 243,https://determinations.era.govt.nz/assets/elawpdf/2012/7cfa941f0e/2012_NZERA_Christchurch_243.pdf,employee_win,employer_win,yes,yes
2012,2012 NZERA Auckland 350,https://determinations.era.govt.nz/assets/elawpdf/2012/7d0214857c/2012_NZERA_Auckland_350.pdf,employee_win,employee_win,yes,no
2012,2012 NZERA Christchurch 138,https://determinations.era.govt.nz/assets/elawpdf/2012/7ee4a871b8/2012_NZERA_Christchurch_138.pdf,employee_win,employer_win,yes,yes
2012,2012 NZERA Christchurch 233,https://determinations.era.govt.nz/assets/elawpdf/2012/7f91a5ce9b/2012_NZERA_Christchurch_233.pdf,employee_win,employee_win,yes,no
2012,2012 NZERA Wellington 6,https://determinations.era.govt.nz/assets/elawpdf/2012/7ffc8bab70/2012_NZERA_Wellington_6.pdf,employer_win,employer_win,yes,no
2012,2012 NZERA Christchurch 127,https://determinations.era.govt.nz/assets/elawpdf/2012/80c02488a1/2012_NZERA_Christchurch_127.pdf,employee_win,employee_win,yes,no
2012,2012 NZERA Christchurch 90,https://determinations.era.govt.nz/assets/elawpdf/2012/81b4442886/2012_NZERA_Christchurch_90.pdf,employee_win,employee_win,yes,no
2012,2012 NZERA Christchurch 9,https://determinations.era.govt.nz/assets/elawpdf/2012/829e77d4eb/2012_NZERA_Christchurch_9.pdf,employee_win,employee_win,yes,no
2012,2012 NZERA Auckland 56,https://determinations.era.govt.nz/assets/elawpdf/2012/8441c06091/2012_NZERA_Auckland_56.pdf,employee_win,employee_win,yes,no
2012,2012 NZERA Auckland 175,https://determinations.era.govt.nz/assets/elawpdf/2012/84f177c161/2012_NZERA_Auckland_175.pdf,employer_win,employer_win,yes,no
2012,2012 NZERA Auckland 455,https://determinations.era.govt.nz/assets/elawpdf/2012/8536c2062a/2012_NZERA_Auckland_455.pdf,employer_win,employer_win,yes,no
2012,2012 NZERA Auckland 380,https://determinations.era.govt.nz/assets/elawpdf/2012/862d5b6f2c/2012_NZERA_Auckland_380.pdf,employee_win,employer_win,yes,yes
2012,2012 NZERA Christchurch 131,https://determinations.era.govt.nz/assets/elawpdf/2012/8664ed63fa/2012_NZERA_Christchurch_131.pdf,employer_win,employer_win,yes,no
2012,2012 NZERA Auckland 126,https://determinations.era.govt.nz/assets/elawpdf/2012/868cb105e4/2012_NZERA_Auckland_126.pdf,employee_win,employee_win,yes,no
2012,2012 NZERA Auckland 55,https://determinations.era.govt.nz/assets/elawpdf/2012/869f43591e/2012_NZERA_Auckland_55.pdf,employee_win,employee_win,yes,no
2012,2012 NZERA Wellington 134,https://determinations.era.govt.nz/assets/elawpdf/2012/8784b5bea1/2012_NZERA_Wellington_134.pdf,employee_win,employee_win,yes,no
2012,2012 NZERA Wellington 135,https://determinations.era.govt.nz/assets/elawpdf/2012/87d9bd588a/2012_NZERA_Wellington_135.pdf,employee_win,employee_win,yes,no
2012,2012 NZERA Auckland 157,https://determinations.era.govt.nz/assets/elawpdf/2012/88b710ad1a/2012_NZERA_Auckland_157.pdf,employee_win,employee_win,yes,no
2012,2012 NZERA Christchurch 224,https://determinations.era.govt.nz/assets/elawpdf/2012/8933b2ed9c/2012_NZERA_Christchurch_224.pdf,employee_win,employee_win,yes,no
2012,2012 NZERA Christchurch 287,https://determinations.era.govt.nz/assets/elawpdf/2012/89654694c8/2012_NZERA_Christchurch_287.pdf,employee_win,employee_win,yes,no
2012,2012 NZERA Auckland 112,https://determinations.era.govt.nz/assets/elawpdf/2012/89bc5b0241/2012_NZERA_Auckland_112.pdf,employee_win,employee_win,yes,no
2012,2012 NZERA Christchurch 199,https://determinations.era.govt.nz/assets/elawpdf/2012/8b71760c41/2012_NZERA_Christchurch_199.pdf,employee_win,employee_win,yes,no
2012,2012 NZERA Auckland 223,https://determinations.era.govt.nz/assets/elawpdf/2012/8c35dc5a47/2012_NZERA_Auckland_223.pdf,employee_win,employer_win,yes,yes
2012,2012 NZERA Wellington 46,https://determinations.era.govt.nz/assets/elawpdf/2012/8caf714c02/2012_NZERA_Wellington_46.pdf,employee_win,employer_win,yes,yes
2012,2012 NZERA Auckland 214,https://determinations.era.govt.nz/assets/elawpdf/2012/8cbc202b39/2012_NZERA_Auckland_214.pdf,employer_win,employer_win,yes,no
2012,2012 NZERA Auckland 219,https://determinations.era.govt.nz/assets/elawpdf/2012/8d50dd11db/2012_NZERA_Auckland_219.pdf,employee_win,employee_win,yes,no
2012,2012 NZERA Auckland 59,https://determinations.era.govt.nz/assets/elawpdf/2012/8fc22e41aa/2012_NZERA_Auckland_59.pdf,employee_win,employee_win,yes,no
2012,2012 NZERA Auckland 191,https://determinations.era.govt.nz/assets/elawpdf/2012/93e98e5bbf/2012_NZERA_Auckland_191.pdf,employee_win,employee_win,yes,no
2012,2012 NZERA Auckland 247,https://determinations.era.govt.nz/assets/elawpdf/2012/9432554a24/2012_NZERA_Auckland_247.pdf,employee_win,employee_win,yes,no
2012,2012 NZERA Wellington 101,https://determinations.era.govt.nz/assets/elawpdf/2012/9589511d4a/2012_NZERA_Wellington_101.pdf,employee_win,employee_win,yes,no
2012,2012 NZERA Christchurch 240,https://determinations.era.govt.nz/assets/elawpdf/2012/973bde1a3f/2012_NZERA_Christchurch_240.pdf,employee_win,employee_win,yes,no
2012,2012 NZERA Auckland 212,https://determinations.era.govt.nz/assets/elawpdf/2012/97b9130101/2012_NZERA_Auckland_212.pdf,employee_win,employer_win,yes,yes
2012,2012 NZERA Christchurch 288,https://determinations.era.govt.nz/assets/elawpdf/2012/98c61c39f2/2012_NZERA_Christchurch_288.pdf,employee_win,employee_win,yes,no
2012,2012 NZERA Auckland 255,https://determinations.era.govt.nz/assets/elawpdf/2012/98d494a03c/2012_NZERA_Auckland_255.pdf,employee_win,employee_win,yes,no
2012,2012 NZERA Auckland 295,https://determinations.era.govt.nz/assets/elawpdf/2012/98fe8c4349/2012_NZERA_Auckland_295.pdf,employee_win,employer_win,yes,yes
2012,2012 NZERA Christchurch 30,https://determinations.era.govt.nz/assets/elawpdf/2012/996e6a7917/2012_NZERA_Christchurch_30.pdf,employee_win,employee_win,yes,no
2012,2012 NZERA Auckland 423,https://determinations.era.govt.nz/assets/elawpdf/2012/99deb82601/2012_NZERA_Auckland_423.pdf,employer_win,employer_win,yes,no
2012,2012 NZERA Auckland 397,https://determinations.era.govt.nz/assets/elawpdf/2012/9aae10fc45/2012_NZERA_Auckland_397.pdf,employer_win,employer_win,yes,no
2012,2012 NZERA Christchurch 43,https://determinations.era.govt.nz/assets/elawpdf/2012/9ac56937a6/2012_NZERA_Christchurch_43.pdf,employee_win,employee_win,yes,no
2012,2012 NZERA Auckland 211,https://determinations.era.govt.nz/assets/elawpdf/2012/9b210bf8a4/2012_NZERA_Auckland_211.pdf,employee_win,employee_win,yes,no
2012,2012 NZERA Christchurch 98,https://determinations.era.govt.nz/assets/elawpdf/2012/9b665a76de/2012_NZERA_Christchurch_98.pdf,employee_win,employee_win,yes,no
2012,2012 NZERA Auckland 5,https://determinations.era.govt.nz/assets/elawpdf/2012/9b993feb91/2012_NZERA_Auckland_5.pdf,employee_win,employee_win,yes,no
2012,2012 NZERA Wellington 126,https://determinations.era.govt.nz/assets/elawpdf/2012/9bf130f59c/2012_NZERA_Wellington_126.pdf,employee_win,employee_win,yes,no
2012,2012 NZERA Wellington 160,https://determinations.era.govt.nz/assets/elawpdf/2012/9e8918283d/2012_NZERA_Wellington_160.pdf,employer_win,employer_win,yes,no
2012,2012 NZERA Auckland 320,https://determinations.era.govt.nz/assets/elawpdf/2012/a05cacec32/2012_NZERA_Auckland_320.pdf,employer_win,employer_win,yes,no
2012,2012 NZERA Auckland 306,https://determinations.era.govt.nz/assets/elawpdf/2012/a06486ea22/2012_NZERA_Auckland_306.pdf,employee_win,employer_win,yes,yes
2012,2012 NZERA Wellington 19,https://determinations.era.govt.nz/assets/elawpdf/2012/a0adf3303a/2012_NZERA_Wellington_19.pdf,employee_win,employee_win,yes,no
2012,2012 NZERA Auckland 182,https://determinations.era.govt.nz/assets/elawpdf/2012/a1cafba583/2012_NZERA_Auckland_182.pdf,employee_win,employee_win,yes,no
2012,2012 NZERA Christchurch 99,https://determinations.era.govt.nz/assets/elawpdf/2012/a4488c66f1/2012_NZERA_Christchurch_99.pdf,employer_win,employer_win,yes,no
2012,2012 NZERA Christchurch 284,https://determinations.era.govt.nz/assets/elawpdf/2012/a696eb4a1e/2012_NZERA_Christchurch_284.pdf,employee_win,employee_win,yes,no
2012,2012 NZERA Auckland 137,https://determinations.era.govt.nz/assets/elawpdf/2012/a706287c8c/2012_NZERA_Auckland_137.pdf,employee_win,employee_win,yes,no
2012,2012 NZERA Wellington 43,https://determinations.era.govt.nz/assets/elawpdf/2012/a7577ebe90/2012_NZERA_Wellington_43.pdf,employer_win,employer_win,yes,no
2012,2012 NZERA Christchurch 62,https://determinations.era.govt.nz/assets/elawpdf/2012/a7c0762999/2012_NZERA_Christchurch_62.pdf,employee_win,employee_win,yes,no
2012,2012 NZERA Wellington 96,https://determinations.era.govt.nz/assets/elawpdf/2012/a829350a5a/2012_NZERA_Wellington_96.pdf,employer_win,employer_win,yes,no
2012,2012 NZERA Auckland 97,https://determinations.era.govt.nz/assets/elawpdf/2012/a848c8d924/2012_NZERA_Auckland_97.pdf,employee_win,employee_win,yes,no
2012,2012 NZERA Auckland 317,https://determinations.era.govt.nz/assets/elawpdf/2012/accc5c3f00/2012_NZERA_Auckland_317.pdf,employer_win,employer_win,yes,no
2012,2012 NZERA Auckland 252,https://determinations.era.govt.nz/assets/elawpdf/2012/ada1133e03/2012_NZERA_Auckland_252.pdf,employer_win,employer_win,yes,no
2012,2012 NZERA Wellington 136,https://determinations.era.govt.nz/assets/elawpdf/2012/ae62d25db5/2012_NZERA_Wellington_136.pdf,employer_win,employer_win,yes,no
2012,2012 NZERA Wellington 82,https://determinations.era.govt.nz/assets/elawpdf/2012/b102bedbe0/2012_NZERA_Wellington_82.pdf,employee_win,employee_win,yes,no
2012,2012 NZERA Wellington 133,https://determinations.era.govt.nz/assets/elawpdf/2012/b349272c11/2012_NZERA_Wellington_133.pdf,employee_win,employee_win,yes,no
2012,2012 NZERA Christchurch 242,https://determinations.era.govt.nz/assets/elawpdf/2012/b3fd442b0b/2012_NZERA_Christchurch_242.pdf,employee_win,employee_win,yes,no
2012,2012 NZERA Christchurch 263,https://determinations.era.govt.nz/assets/elawpdf/2012/b5f65675fd/2012_NZERA_Christchurch_263.pdf,employee_win,employee_win,yes,no
2012,2012 NZERA Christchurch 142,https://determinations.era.govt.nz/assets/elawpdf/2012/b76cbbeef6/2012_NZERA_Christchurch_142.pdf,employer_win,employer_win,yes,no
2012,2012 NZERA Wellington 8,https://determinations.era.govt.nz/assets/elawpdf/2012/b76f368298/2012_NZERA_Wellington_8.pdf,employee_win,employee_win,yes,no
2012,2012 NZERA Auckland 44,https://determinations.era.govt.nz/assets/elawpdf/2012/b774fb2728/2012_NZERA_Auckland_44.pdf,employer_win,employer_win,yes,no
2012,2012 NZERA Auckland 471,https://determinations.era.govt.nz/assets/elawpdf/2012/b8db317ace/2012_NZERA_Auckland_471.pdf,employer_win,employer_win,yes,no
2012,2012 NZERA Auckland 231,https://determinations.era.govt.nz/assets/elawpdf/2012/b9f8914070/2012_NZERA_Auckland_231.pdf,employer_win,employer_win,yes,no
2012,2012 NZERA Auckland 57,https://determinations.era.govt.nz/assets/elawpdf/2012/bb24a8c721/2012_NZERA_Auckland_57.pdf,employee_win,employee_win,yes,no
2012,2012 NZERA Auckland 254,https://determinations.era.govt.nz/assets/elawpdf/2012/bce58eb4b1/2012_NZERA_Auckland_254.pdf,employee_win,employee_win,yes,no
2012,2012 NZERA Auckland 330,https://determinations.era.govt.nz/assets/elawpdf/2012/bced960d4b/2012_NZERA_Auckland_330.pdf,employee_win,employer_win,yes,yes
2012,2012 NZERA Christchurch 122,https://determinations.era.govt.nz/assets/elawpdf/2012/bd87ef7749/2012_NZERA_Christchurch_122.pdf,employee_win,employee_win,yes,no
2012,2012 NZERA Auckland 218,https://determinations.era.govt.nz/assets/elawpdf/2012/be25da3a6d/2012_NZERA_Auckland_218.pdf,employer_win,employee_win,yes,yes
2012,2012 NZERA Auckland 116,https://determinations.era.govt.nz/assets/elawpdf/2012/beb5f4e7fd/2012_NZERA_Auckland_116.pdf,employee_win,employee_win,yes,no
2012,2012 NZERA Auckland 177,https://determinations.era.govt.nz/assets/elawpdf/2012/c1ce5a1286/2012_NZERA_Auckland_177.pdf,employee_win,employee_win,yes,no
2012,2012 NZERA Christchurch 186,https://determinations.era.govt.nz/assets/elawpdf/2012/c220f92199/2012_NZERA_Christchurch_186.pdf,employee_win,employee_win,yes,no
2012,2012 NZERA Wellington 157,https://determinations.era.govt.nz/assets/elawpdf/2012/c261495864/2012_NZERA_Wellington_157.pdf,employee_win,employee_win,yes,no
2012,2012 NZERA Christchurch 64,https://determinations.era.govt.nz/assets/elawpdf/2012/c33956e261/2012_NZERA_Christchurch_64.pdf,employee_win,employee_win,yes,no
2012,2012 NZERA Christchurch 55,https://determinations.era.govt.nz/assets/elawpdf/2012/c4a71d3fcf/2012_NZERA_Christchurch_55.pdf,employer_win,employer_win,yes,no
2012,2012 NZERA Christchurch 117,https://determinations.era.govt.nz/assets/elawpdf/2012/c5250d727b/2012_NZERA_Christchurch_117.pdf,employer_win,employee_win,yes,yes
2012,2012 NZERA Christchurch 89,https://determinations.era.govt.nz/assets/elawpdf/2012/c5554b9b78/2012_NZERA_Christchurch_89.pdf,employee_win,employee_win,yes,no
2012,2012 NZERA Christchurch 188,https://determinations.era.govt.nz/assets/elawpdf/2012/c5ed008177/2012_NZERA_Christchurch_188.pdf,employee_win,employee_win,yes,no
2012,2012 NZERA Wellington 150,https://determinations.era.govt.nz/assets/elawpdf/2012/c772b75870/2012_NZERA_Wellington_150.pdf,employee_win,employee_win,yes,no
2012,2012 NZERA Auckland 328,https://determinations.era.govt.nz/assets/elawpdf/2012/c8fcec3c97/2012_NZERA_Auckland_328.pdf,employee_win,employee_win,yes,no
2012,2012 NZERA Christchurch 94,https://determinations.era.govt.nz/assets/elawpdf/2012/cae06ab0cb/2012_NZERA_Christchurch_94.pdf,employee_win,employee_win,yes,no
2012,2012 NZERA Christchurch 121,https://determinations.era.govt.nz/assets/elawpdf/2012/cb82484a99/2012_NZERA_Christchurch_121.pdf,employee_win,employee_win,yes,no
2012,2012 NZERA Christchurch 154,https://determinations.era.govt.nz/assets/elawpdf/2012/cc4bcaa409/2012_NZERA_Christchurch_154.pdf,employer_win,employer_win,yes,no
2012,2012 NZERA Auckland 300,https://determinations.era.govt.nz/assets/elawpdf/2012/cdefcc1495/2012_NZERA_Auckland_300.pdf,employer_win,employer_win,yes,no
2012,2012 NZERA Wellington 106,https://determinations.era.govt.nz/assets/elawpdf/2012/cee4804360/2012_NZERA_Wellington_106.pdf,employee_win,employee_win,yes,no
2012,2012 NZERA Christchurch 124,https://determinations.era.govt.nz/assets/elawpdf/2012/cf711f0d6d/2012_NZERA_Christchurch_124.pdf,employer_win,employee_win,yes,yes
2012,2012 NZERA Auckland 179,https://determinations.era.govt.nz/assets/elawpdf/2012/d033ca5937/2012_NZERA_Auckland_179.pdf,employer_win,employer_win,yes,no
2012,2012 NZERA Auckland 183,https://determinations.era.govt.nz/assets/elawpdf/2012/d0b11e562d/2012_NZERA_Auckland_183.pdf,employee_win,employee_win,yes,no
2012,2012 NZERA Wellington 30,https://determinations.era.govt.nz/assets/elawpdf/2012/d237298ad4/2012_NZERA_Wellington_30.pdf,employee_win,employee_win,yes,no
2012,2012 NZERA Auckland 307,https://determinations.era.govt.nz/assets/elawpdf/2012/d2d7957a3c/2012_NZERA_Auckland_307.pdf,employee_win,employee_win,yes,no
2012,2012 NZERA Christchurch 22,https://determinations.era.govt.nz/assets/elawpdf/2012/d304cab0c4/2012_NZERA_Christchurch_22.pdf,employee_win,employee_win,yes,no
2012,2012 NZERA Auckland 280,https://determinations.era.govt.nz/assets/elawpdf/2012/d3eb77bfde/2012_NZERA_Auckland_280.pdf,employee_win,employee_win,yes,no
2012,2012 NZERA Auckland 260,https://determinations.era.govt.nz/assets/elawpdf/2012/d425f7b480/2012_NZERA_Auckland_260.pdf,employee_win,employer_win,yes,yes
2012,2012 NZERA Christchurch 229,https://determinations.era.govt.nz/assets/elawpdf/2012/d4bf25f2c8/2012_NZERA_Christchurch_229.pdf,employee_win,employee_win,yes,no
2012,2012 NZERA Christchurch 63,https://determinations.era.govt.nz/assets/elawpdf/2012/d5e9ef0821/2012_NZERA_Christchurch_63.pdf,employee_win,employee_win,yes,no
2012,2012 NZERA Christchurch 111,https://determinations.era.govt.nz/assets/elawpdf/2012/d64253f033/2012_NZERA_Christchurch_111.pdf,employee_win,employee_win,yes,no
2012,2012 NZERA Auckland 434,https://determinations.era.govt.nz/assets/elawpdf/2012/d757268cc9/2012_NZERA_Auckland_434.pdf,employee_win,employee_win,yes,no
2012,2012 NZERA Christchurch 14,https://determinations.era.govt.nz/assets/elawpdf/2012/d7db8b4b61/2012_NZERA_Christchurch_14.pdf,employee_win,employee_win,yes,no
2012,2012 NZERA Auckland 94,https://determinations.era.govt.nz/assets/elawpdf/2012/d801a33884/2012_NZERA_Auckland_94.pdf,employer_win,employer_win,yes,no
2012,2012 NZERA Auckland 9,https://determinations.era.govt.nz/assets/elawpdf/2012/daa11309f1/2012_NZERA_Auckland_9.pdf,employee_win,employee_win,yes,no
2012,2012 NZERA Auckland 292,https://determinations.era.govt.nz/assets/elawpdf/2012/db22395c6c/2012_NZERA_Auckland_292.pdf,employee_win,employee_win,yes,no
2012,2012 NZERA Auckland 467,https://determinations.era.govt.nz/assets/elawpdf/2012/dbd77cf058/2012_NZERA_Auckland_467.pdf,employee_win,employee_win,yes,no
2012,2012 NZERA Auckland 424,https://determinations.era.govt.nz/assets/elawpdf/2012/dcf1c1346d/2012_NZERA_Auckland_424.pdf,employer_win,employer_win,yes,no
2012,2012 NZERA Auckland 337,https://determinations.era.govt.nz/assets/elawpdf/2012/dd520892a4/2012_NZERA_Auckland_337.pdf,employee_win,employee_win,yes,no
2012,2012 NZERA Christchurch 140,https://determinations.era.govt.nz/assets/elawpdf/2012/dd67201ed1/2012_NZERA_Christchurch_140.pdf,employee_win,employee_win,yes,no
2012,2012 NZERA Christchurch 46,https://determinations.era.govt.nz/assets/elawpdf/2012/de18eabaf8/2012_NZERA_Christchurch_46.pdf,employee_win,employer_win,yes,yes
2012,2012 NZERA Auckland 356,https://determinations.era.govt.nz/assets/elawpdf/2012/de2f5edd47/2012_NZERA_Auckland_356.pdf,employee_win,employer_win,yes,yes
2012,2012 NZERA Christchurch 88,https://determinations.era.govt.nz/assets/elawpdf/2012/df5f234cb7/2012_NZERA_Christchurch_88.pdf,employee_win,employee_win,yes,no
2012,2012 NZERA Christchurch 213,https://determinations.era.govt.nz/assets/elawpdf/2012/df7ef7573a/2012_NZERA_Christchurch_213.pdf,employer_win,employer_win,yes,no
2012,2012 NZERA Wellington 49,https://determinations.era.govt.nz/assets/elawpdf/2012/df900f864e/2012_NZERA_Wellington_49.pdf,employee_win,employee_win,yes,no
2012,2012 NZERA Wellington 35,https://determinations.era.govt.nz/assets/elawpdf/2012/e07753f5b2/2012_NZERA_Wellington_35.pdf,employer_win,employee_win,yes,yes
2012,2012 NZERA Auckland 117,https://determinations.era.govt.nz/assets/elawpdf/2012/e19e471d6d/2012_NZERA_Auckland_117.pdf,employee_win,employer_win,yes,yes
2012,2012 NZERA Christchurch 274,https://determinations.era.govt.nz/assets/elawpdf/2012/e225a15b5c/2012_NZERA_Christchurch_274.pdf,employee_win,employee_win,yes,no
2012,2012 NZERA Wellington 98,https://determinations.era.govt.nz/assets/elawpdf/2012/e447fc7c0b/2012_NZERA_Wellington_98.pdf,employee_win,employee_win,yes,no
2012,2012 NZERA Auckland 251,https://determinations.era.govt.nz/assets/elawpdf/2012/e5a99b1a8c/2012_NZERA_Auckland_251.pdf,employer_win,employer_win,yes,no
2012,2012 NZERA Wellington 91,https://determinations.era.govt.nz/assets/elawpdf/2012/e5e670860b/2012_NZERA_Wellington_91.pdf,employer_win,employee_win,yes,yes
2012,2012 NZERA Christchurch 95,https://determinations.era.govt.nz/assets/elawpdf/2012/e872a47de7/2012_NZERA_Christchurch_95.pdf,employee_win,employer_win,yes,yes
2012,2012 NZERA Auckland 83,https://determinations.era.govt.nz/assets/elawpdf/2012/eab97e273a/2012_NZERA_Auckland_83.pdf,employer_win,employee_win,yes,yes
2012,2012 NZERA Auckland 319,https://determinations.era.govt.nz/assets/elawpdf/2012/ebe170d9ed/2012_NZERA_Auckland_319.pdf,employee_win,employee_win,yes,no
2012,2012 NZERA Wellington 50,https://determinations.era.govt.nz/assets/elawpdf/2012/ec4bb0bf41/2012_NZERA_Wellington_50.pdf,employee_win,employee_win,yes,no
2012,2012 NZERA Wellington 45,https://determinations.era.govt.nz/assets/elawpdf/2012/ecbee1b784/2012_NZERA_Wellington_45.pdf,employee_win,employee_win,yes,no
2012,2012 NZERA Christchurch 71,https://determinations.era.govt.nz/assets/elawpdf/2012/ed48d47b85/2012_NZERA_Christchurch_71.pdf,employee_win,employee_win,yes,no
2012,2012 NZERA Christchurch 54,https://determinations.era.govt.nz/assets/elawpdf/2012/ee43be9eb6/2012_NZERA_Christchurch_54.pdf,employee_win,employee_win,yes,no
2012,2012 NZERA Auckland 127,https://determinations.era.govt.nz/assets/elawpdf/2012/ef9571909b/2012_NZERA_Auckland_127.pdf,employee_win,employer_win,yes,yes
2012,2012 NZERA Auckland 404,https://determinations.era.govt.nz/assets/elawpdf/2012/f00fa18664/2012_NZERA_Auckland_404.pdf,employer_win,employee_win,yes,yes
2012,2012 NZERA Christchurch 141,https://determinations.era.govt.nz/assets/elawpdf/2012/f0a3f62156/2012_NZERA_Christchurch_141.pdf,employee_win,employee_win,yes,no
2012,2012 NZERA Auckland 164,https://determinations.era.govt.nz/assets/elawpdf/2012/f12da7ff75/2012_NZERA_Auckland_164.pdf,employer_win,employer_win,yes,no
2012,2012 NZERA Auckland 111,https://determinations.era.govt.nz/assets/elawpdf/2012/f1d2ec5122/2012_NZERA_Auckland_111.pdf,employee_win,employee_win,yes,no
2012,2012 NZERA Christchurch 68,https://determinations.era.govt.nz/assets/elawpdf/2012/f1de3ca653/2012_NZERA_Christchurch_68.pdf,employee_win,employee_win,yes,no
2012,2012 NZERA Auckland 196,https://determinations.era.govt.nz/assets/elawpdf/2012/f338d66c68/2012_NZERA_Auckland_196.pdf,employee_win,employee_win,yes,no
2012,2012 NZERA Christchurch 150,https://determinations.era.govt.nz/assets/elawpdf/2012/f75b122499/2012_NZERA_Christchurch_150.pdf,employee_win,employee_win,yes,no
2012,2012 NZERA Christchurch 74,https://determinations.era.govt.nz/assets/elawpdf/2012/f7ff54d3b7/2012_NZERA_Christchurch_74.pdf,employee_win,employee_win,yes,no
2012,2012 NZERA Christchurch 223,https://determinations.era.govt.nz/assets/elawpdf/2012/f9470e1265/2012_NZERA_Christchurch_223.pdf,employee_win,employee_win,yes,no
2012,2012 NZERA Auckland 119,https://determinations.era.govt.nz/assets/elawpdf/2012/f95c19cd5d/2012_NZERA_Auckland_119.pdf,employer_win,employee_win,yes,yes
2012,2012 NZERA Auckland 47,https://determinations.era.govt.nz/assets/elawpdf/2012/f9ef6a0b5c/2012_NZERA_Auckland_47.pdf,employee_win,employer_win,yes,yes
2012,2012 NZERA Auckland 45,https://determinations.era.govt.nz/assets/elawpdf/2012/facea916f8/2012_NZERA_Auckland_45.pdf,employer_win,employer_win,yes,no
2012,2012 NZERA Christchurch 129,https://determinations.era.govt.nz/assets/elawpdf/2012/fb155ed121/2012_NZERA_Christchurch_129.pdf,employee_win,employee_win,yes,no
2012,2012 NZERA Christchurch 106,https://determinations.era.govt.nz/assets/elawpdf/2012/fb9f738c01/2012_NZERA_Christchurch_106.pdf,employee_win,employee_win,yes,no
2012,2012 NZERA Auckland 367,https://determinations.era.govt.nz/assets/elawpdf/2012/fc5abc1d96/2012_NZERA_Auckland_367.pdf,employer_win,employee_win,yes,yes
2012,2012 NZERA Wellington 40,https://determinations.era.govt.nz/assets/elawpdf/2012/fcdaa6779d/2012_NZERA_Wellington_40.pdf,employee_win,employee_win,yes,no
2012,2012 NZERA Christchurch 109,https://determinations.era.govt.nz/assets/elawpdf/2012/fdc1578d0d/2012_NZERA_Christchurch_109.pdf,employer_win,employee_win,yes,yes
2012,2012 NZERA Christchurch 25,https://determinations.era.govt.nz/assets/elawpdf/2012/ffaefa3cfe/2012_NZERA_Christchurch_25.pdf,employer_win,employer_win,yes,no
2013,2013 NZERA Christchurch 199,https://determinations.era.govt.nz/assets/elawpdf/2013/003cf4f2c1/2013_NZERA_Christchurch_199.pdf,employee_win,employee_win,yes,no
2013,2013 NZERA Auckland 406,https://determinations.era.govt.nz/assets/elawpdf/2013/004fa10b82/2013_NZERA_Auckland_406.pdf,employer_win,employer_win,yes,no
2013,2013 NZERA Wellington 3,https://determinations.era.govt.nz/assets/elawpdf/2013/04537c6f5f/2013_NZERA_Wellington_3.pdf,employer_win,employer_win,yes,no
2013,2013 NZERA Auckland 513,https://determinations.era.govt.nz/assets/elawpdf/2013/073f7173e6/2013_NZERA_Auckland_513.pdf,employee_win,employer_win,yes,yes
2013,2013 NZERA Wellington 53,https://determinations.era.govt.nz/assets/elawpdf/2013/078face396/2013_NZERA_Wellington_53.pdf,employer_win,employer_win,yes,no
2013,2013 NZERA Auckland 95,https://determinations.era.govt.nz/assets/elawpdf/2013/07e15717c5/2013_NZERA_Auckland_95.pdf,employee_win,employee_win,yes,no
2013,2013 NZERA Christchurch 245,https://determinations.era.govt.nz/assets/elawpdf/2013/084000267b/2013_NZERA_Christchurch_245.pdf,employee_win,employee_win,yes,no
2013,2013 NZERA Christchurch 8,https://determinations.era.govt.nz/assets/elawpdf/2013/08749851ba/2013_NZERA_Christchurch_8.pdf,employer_win,employee_win,yes,yes
2013,2013 NZERA Auckland 501,https://determinations.era.govt.nz/assets/elawpdf/2013/096220de37/2013_NZERA_Auckland_501.pdf,employee_win,employee_win,yes,no
2013,2013 NZERA Auckland 259,https://determinations.era.govt.nz/assets/elawpdf/2013/0a99817816/2013_NZERA_Auckland_259.pdf,employee_win,employee_win,yes,no
2013,2013 NZERA Auckland 154,https://determinations.era.govt.nz/assets/elawpdf/2013/0a9cdc5721/2013_NZERA_Auckland_154.pdf,employer_win,employer_win,yes,no
2013,2013 NZERA Wellington 71,https://determinations.era.govt.nz/assets/elawpdf/2013/0b2e1e06cb/2013_NZERA_Wellington_71.pdf,employer_win,employer_win,yes,no
2013,2013 NZERA Auckland 245,https://determinations.era.govt.nz/assets/elawpdf/2013/0b4ddb537b/2013_NZERA_Auckland_245.pdf,employee_win,employer_win,yes,yes
2013,2013 NZERA Auckland 57,https://determinations.era.govt.nz/assets/elawpdf/2013/0b5028df6f/2013_NZERA_Auckland_57.pdf,employee_win,employer_win,yes,yes
2013,2013 NZERA Wellington 152,https://determinations.era.govt.nz/assets/elawpdf/2013/0c110114d9/2013_NZERA_Wellington_152.pdf,employee_win,employee_win,yes,no
2013,2013 NZERA Auckland 524,https://determinations.era.govt.nz/assets/elawpdf/2013/0c12b89442/2013_NZERA_Auckland_524.pdf,employee_win,employee_win,yes,no
2013,2013 NZERA Auckland 430,https://determinations.era.govt.nz/assets/elawpdf/2013/0d2b491422/2013_NZERA_Auckland_430.pdf,employer_win,employer_win,yes,no
2013,2013 NZERA Auckland 186,https://determinations.era.govt.nz/assets/elawpdf/2013/0e1ce0d5e8/2013_NZERA_Auckland_186.pdf,employer_win,employer_win,yes,no
2013,2013 NZERA Christchurch 201,https://determinations.era.govt.nz/assets/elawpdf/2013/0e2c2f309b/2013_NZERA_Christchurch_201.pdf,employee_win,employee_win,yes,no
2013,2013 NZERA Wellington 54,https://determinations.era.govt.nz/assets/elawpdf/2013/0f5f14f86f/2013_NZERA_Wellington_54.pdf,employee_win,employee_win,yes,no
2013,2013 NZERA Auckland 401,https://determinations.era.govt.nz/assets/elawpdf/2013/11d141ea19/2013_NZERA_Auckland_401.pdf,employee_win,employer_win,yes,yes
2013,2013 NZERA Auckland 79,https://determinations.era.govt.nz/assets/elawpdf/2013/11fc3a67c4/2013_NZERA_Auckland_79.pdf,employer_win,employer_win,yes,no
2013,2013 NZERA Wellington 1,https://determinations.era.govt.nz/assets/elawpdf/2013/1259e3ee77/2013_NZERA_Wellington_1.pdf,employer_win,employer_win,yes,no
2013,2013 NZERA Wellington 5,https://determinations.era.govt.nz/assets/elawpdf/2013/145b8043cc/2013_NZERA_Wellington_5.pdf,employer_win,employer_win,yes,no
2013,2013 NZERA Auckland 188,https://determinations.era.govt.nz/assets/elawpdf/2013/14fd700464/2013_NZERA_Auckland_188.pdf,employee_win,employee_win,yes,no
2013,2013 NZERA Auckland 92,https://determinations.era.govt.nz/assets/elawpdf/2013/1528bf58fc/2013_NZERA_Auckland_92.pdf,employer_win,employer_win,yes,no
2013,2013 NZERA Christchurch 171,https://determinations.era.govt.nz/assets/elawpdf/2013/15710211dd/2013_NZERA_Christchurch_171.pdf,employer_win,employee_win,yes,yes
2013,2013 NZERA Christchurch 258,https://determinations.era.govt.nz/assets/elawpdf/2013/1661f66157/2013_NZERA_Christchurch_258.pdf,employer_win,employee_win,yes,yes
2013,2013 NZERA Auckland 323,https://determinations.era.govt.nz/assets/elawpdf/2013/185c953620/2013_NZERA_Auckland_323.pdf,employee_win,employee_win,yes,no
2013,2013 NZERA Auckland 87,https://determinations.era.govt.nz/assets/elawpdf/2013/18d303a632/2013_NZERA_Auckland_87.pdf,employee_win,employee_win,yes,no
2013,2013 NZERA Auckland 174,https://determinations.era.govt.nz/assets/elawpdf/2013/1932dcfc91/2013_NZERA_Auckland_174.pdf,employee_win,employee_win,yes,no
2013,2013 NZERA Auckland 526,https://determinations.era.govt.nz/assets/elawpdf/2013/1c8aac8018/2013_NZERA_Auckland_526.pdf,employee_win,employer_win,yes,yes
2013,2013 NZERA Christchurch 252,https://determinations.era.govt.nz/assets/elawpdf/2013/1cae8fed55/2013_NZERA_Christchurch_252.pdf,employee_win,employee_win,yes,no
2013,2013 NZERA Wellington 167,https://determinations.era.govt.nz/assets/elawpdf/2013/1d918b65d6/2013_NZERA_Wellington_167.pdf,employer_win,employee_win,yes,yes
2013,2013 NZERA Auckland 348,https://determinations.era.govt.nz/assets/elawpdf/2013/1da468e7be/2013_NZERA_Auckland_348.pdf,employee_win,employer_win,yes,yes
2013,2013 NZERA Christchurch 39,https://determinations.era.govt.nz/assets/elawpdf/2013/1e538b9de3/2013_NZERA_Christchurch_39.pdf,employee_win,employee_win,yes,no
2013,2013 NZERA Christchurch 68,https://determinations.era.govt.nz/assets/elawpdf/2013/1f9dccdfd4/2013_NZERA_Christchurch_68.pdf,employee_win,employee_win,yes,no
2013,2013 NZERA Auckland 72,https://determinations.era.govt.nz/assets/elawpdf/2013/2041948623/2013_NZERA_Auckland_72.pdf,employee_win,employee_win,yes,no
2013,2013 NZERA Auckland 449,https://determinations.era.govt.nz/assets/elawpdf/2013/20b56af45b/2013_NZERA_Auckland_449.pdf,employer_win,employer_win,yes,no
2013,2013 NZERA Wellington 154,https://determinations.era.govt.nz/assets/elawpdf/2013/2145b5c37f/2013_NZERA_Wellington_154.pdf,employer_win,employer_win,yes,no
2013,2013 NZERA Christchurch 219,https://determinations.era.govt.nz/assets/elawpdf/2013/219bd30eab/2013_NZERA_Christchurch_219.pdf,employee_win,employee_win,yes,no
2013,2013 NZERA Christchurch 250,https://determinations.era.govt.nz/assets/elawpdf/2013/22d79315c7/2013_NZERA_Christchurch_250.pdf,employee_win,employee_win,yes,no
2013,[2013] NZERA 22,https://determinations.era.govt.nz/assets/elawpdf/2013/2304ee0c1c/2013_NZERA_Wellington_22.pdf,employee_win,employee_win,yes,no
2013,2013 NZERA Christchurch 105,https://determinations.era.govt.nz/assets/elawpdf/2013/237459982a/2013_NZERA_Christchurch_105.pdf,employee_win,employee_win,yes,no
2013,2013 NZERA Auckland 128,https://determinations.era.govt.nz/assets/elawpdf/2013/24b5dd3b36/2013_NZERA_Auckland_128.pdf,employer_win,employer_win,yes,no
2013,2013 NZERA Wellington 160,https://determinations.era.govt.nz/assets/elawpdf/2013/24e7fcd660/2013_NZERA_Wellington_160.pdf,employer_win,employer_win,yes,no
2013,2013 NZERA Christchurch 7,https://determinations.era.govt.nz/assets/elawpdf/2013/262ccd3ffa/2013_NZERA_Christchurch_7.pdf,employer_win,employer_win,yes,no
2013,2013 NZERA Auckland 121,https://determinations.era.govt.nz/assets/elawpdf/2013/291467d190/2013_NZERA_Auckland_121.pdf,employee_win,employee_win,yes,no
2013,2013 NZERA Christchurch 99,https://determinations.era.govt.nz/assets/elawpdf/2013/29901d3fd0/2013_NZERA_Christchurch_99.pdf,employer_win,employer_win,yes,no
2013,2013 NZERA Auckland 495,https://determinations.era.govt.nz/assets/elawpdf/2013/29f2050034/2013_NZERA_Auckland_495.pdf,employee_win,employee_win,yes,no
2013,2013 NZERA Wellington 48,https://determinations.era.govt.nz/assets/elawpdf/2013/2ab806a891/2013_NZERA_Wellington_48.pdf,employer_win,employee_win,yes,yes
2013,2013 NZERA Christchurch 233,https://determinations.era.govt.nz/assets/elawpdf/2013/2b76b07723/2013_NZERA_Christchurch_233.pdf,employee_win,employee_win,yes,no
2013,2013 NZERA Wellington 51,https://determinations.era.govt.nz/assets/elawpdf/2013/2bfcdf12d2/2013_NZERA_Wellington_51.pdf,employer_win,employer_win,yes,no
2013,2013 NZERA Auckland 356,https://determinations.era.govt.nz/assets/elawpdf/2013/2c07630d86/2013_NZERA_Auckland_356.pdf,employer_win,employee_win,yes,yes
2013,2013 NZERA Christchurch 156,https://determinations.era.govt.nz/assets/elawpdf/2013/2c30e925fd/2013_NZERA_Christchurch_156.pdf,employee_win,employee_win,yes,no
2013,2013 NZERA Auckland 55,https://determinations.era.govt.nz/assets/elawpdf/2013/2f32fb36aa/2013_NZERA_Auckland_55.pdf,employer_win,employee_win,yes,yes
2013,2013 NZERA Wellington 156,https://determinations.era.govt.nz/assets/elawpdf/2013/2f3878dbf9/2013_NZERA_Wellington_156.pdf,employee_win,employee_win,yes,no
2013,2013 NZERA Christchurch 78,https://determinations.era.govt.nz/assets/elawpdf/2013/2faa230b10/2013_NZERA_Christchurch_78.pdf,employee_win,employee_win,yes,no
2013,2013 NZERA Wellington 73,https://determinations.era.govt.nz/assets/elawpdf/2013/300b94ae2e/2013_NZERA_Wellington_73.pdf,employee_win,employee_win,yes,no
2013,2013 NZERA Christchurch 223,https://determinations.era.govt.nz/assets/elawpdf/2013/30b3e37e41/2013_NZERA_Christchurch_223.pdf,employer_win,employer_win,yes,no
2013,2013 NZERA Christchurch 89,https://determinations.era.govt.nz/assets/elawpdf/2013/3215ebd5cf/2013_NZERA_Christchurch_89.pdf,employer_win,employer_win,yes,no
2013,2013 NZERA Christchurch 228,https://determinations.era.govt.nz/assets/elawpdf/2013/3357b5a9ec/2013_NZERA_Christchurch_228.pdf,employer_win,employer_win,yes,no
2013,2013 NZERA Auckland 114,https://determinations.era.govt.nz/assets/elawpdf/2013/3392eea03e/2013_NZERA_Auckland_114.pdf,employee_win,employee_win,yes,no
2013,2013 NZERA Christchurch 212,https://determinations.era.govt.nz/assets/elawpdf/2013/351db85df6/2013_NZERA_Christchurch_212.pdf,employer_win,employer_win,yes,no
2013,2013 NZERA Auckland 106,https://determinations.era.govt.nz/assets/elawpdf/2013/35bbf29b89/2013_NZERA_Auckland_106.pdf,employer_win,employer_win,yes,no
2013,2013 NZERA Auckland 133,https://determinations.era.govt.nz/assets/elawpdf/2013/3636bf03c9/2013_NZERA_Auckland_133.pdf,employer_win,employer_win,yes,no
2013,2013 NZERA Christchurch 138,https://determinations.era.govt.nz/assets/elawpdf/2013/3660a5b642/2013_NZERA_Christchurch_138.pdf,employee_win,employee_win,yes,no
2013,2013 NZERA Auckland 303,https://determinations.era.govt.nz/assets/elawpdf/2013/368b008143/2013_NZERA_Auckland_303.pdf,employer_win,employer_win,yes,no
2013,2013 NZERA Wellington 15,https://determinations.era.govt.nz/assets/elawpdf/2013/372aba0b97/2013_NZERA_Wellington_15.pdf,employee_win,employee_win,yes,no
2013,2013 NZERA Auckland 85,https://determinations.era.govt.nz/assets/elawpdf/2013/37bf966ca4/2013_NZERA_Auckland_85.pdf,employer_win,employer_win,yes,no
2013,2013 NZERA Auckland 135,https://determinations.era.govt.nz/assets/elawpdf/2013/3905c3bb7a/2013_NZERA_Auckland_135.pdf,employee_win,employee_win,yes,no
2013,2013 NZERA Auckland 68,https://determinations.era.govt.nz/assets/elawpdf/2013/3927a4996b/2013_NZERA_Auckland_68.pdf,employee_win,employee_win,yes,no
2013,2013 NZERA Christchurch 108,https://determinations.era.govt.nz/assets/elawpdf/2013/3ae8ef170a/2013_NZERA_Christchurch_108.pdf,employer_win,employer_win,yes,no
2013,2013 NZERA Auckland 525,https://determinations.era.govt.nz/assets/elawpdf/2013/3bcdb277d2/2013_NZERA_Auckland_525.pdf,employee_win,employee_win,yes,no
2013,2013 NZERA Auckland 25,https://determinations.era.govt.nz/assets/elawpdf/2013/3c0662cb90/2013_NZERA_Auckland_25.pdf,employer_win,employer_win,yes,no
2013,2013 NZERA Auckland 99,https://determinations.era.govt.nz/assets/elawpdf/2013/3ec983e93b/2013_NZERA_Auckland_99.pdf,employer_win,employer_win,yes,no
2013,2013 NZERA Christchurch 104,https://determinations.era.govt.nz/assets/elawpdf/2013/3f3b71aa42/2013_NZERA_Christchurch_104.pdf,employee_win,employer_win,yes,yes
2013,2013 NZERA Auckland 381,https://determinations.era.govt.nz/assets/elawpdf/2013/3f476c0f5f/2013_NZERA_Auckland_381.pdf,employer_win,employer_win,yes,no
2013,2013 NZERA Christchurch 57,https://determinations.era.govt.nz/assets/elawpdf/2013/41ca39c29d/2013_NZERA_Christchurch_57.pdf,employer_win,employee_win,yes,yes
2013,2013 NZERA Auckland 215,https://determinations.era.govt.nz/assets/elawpdf/2013/41ec226f10/2013_NZERA_Auckland_215.pdf,employer_win,employer_win,yes,no
2013,2013 NZERA Auckland 298,https://determinations.era.govt.nz/assets/elawpdf/2013/424b4923ff/2013_NZERA_Auckland_298.pdf,employee_win,employee_win,yes,no
2013,2013 NZERA Auckland 86,https://determinations.era.govt.nz/assets/elawpdf/2013/42b5f2e7f0/2013_NZERA_Auckland_86.pdf,employee_win,employee_win,yes,no
2013,2013 NZERA Christchurch 186,https://determinations.era.govt.nz/assets/elawpdf/2013/42dc4d7868/2013_NZERA_Christchurch_186.pdf,employer_win,employer_win,yes,no
2013,2013 NZERA Christchurch 18,https://determinations.era.govt.nz/assets/elawpdf/2013/431724ddb3/2013_NZERA_Christchurch_18.pdf,employer_win,employer_win,yes,no
2013,2013 NZERA Wellington 2,https://determinations.era.govt.nz/assets/elawpdf/2013/450c8f909b/2013_NZERA_Wellington_2.pdf,employer_win,employee_win,yes,yes
2013,2013 NZERA Auckland 448,https://determinations.era.govt.nz/assets/elawpdf/2013/456fea624d/2013_NZERA_Auckland_448.pdf,employee_win,employee_win,yes,no
2013,2013 NZERA Wellington 131,https://determinations.era.govt.nz/assets/elawpdf/2013/45eb993899/2013_NZERA_Wellington_131.pdf,employer_win,employee_win,yes,yes
2013,2013 NZERA Wellington 9,https://determinations.era.govt.nz/assets/elawpdf/2013/46c2119924/2013_NZERA_Wellington_9.pdf,employer_win,employer_win,yes,no
2013,2013 NZERA Christchurch 160,https://determinations.era.govt.nz/assets/elawpdf/2013/471c0c1f15/2013_NZERA_Christchurch_160.pdf,employer_win,employer_win,yes,no
2013,2013 NZERA Auckland 324,https://determinations.era.govt.nz/assets/elawpdf/2013/4858b12df6/2013_NZERA_Auckland_324.pdf,employee_win,employee_win,yes,no
2013,2013 NZERA Auckland 225,https://determinations.era.govt.nz/assets/elawpdf/2013/48692c30b9/2013_NZERA_Auckland_225.pdf,employee_win,employee_win,yes,no
2013,2013 NZERA Christchurch 183,https://determinations.era.govt.nz/assets/elawpdf/2013/48e8699071/2013_NZERA_Christchurch_183.pdf,employee_win,employee_win,yes,no
2013,2013 NZERA Auckland 84,https://determinations.era.govt.nz/assets/elawpdf/2013/49e50377c4/2013_NZERA_Auckland_84.pdf,employer_win,employer_win,yes,no
2013,2013 NZERA Auckland 414,https://determinations.era.govt.nz/assets/elawpdf/2013/4b495ce87c/2013_NZERA_Auckland_414.pdf,employer_win,employer_win,yes,no
2013,2013 NZERA Wellington 40,https://determinations.era.govt.nz/assets/elawpdf/2013/4b62ff3c51/2013_NZERA_Wellington_40.pdf,employee_win,employee_win,yes,no
2013,2013 NZERA Auckland 205,https://determinations.era.govt.nz/assets/elawpdf/2013/4b76b98d42/2013_NZERA_Auckland_205.pdf,employee_win,employee_win,yes,no
2013,2013 NZERA Christchurch 210,https://determinations.era.govt.nz/assets/elawpdf/2013/4d6db3af6c/2013_NZERA_Christchurch_210.pdf,employee_win,employee_win,yes,no
2013,2013 NZERA Wellington 89,https://determinations.era.govt.nz/assets/elawpdf/2013/4d844ec19f/2013_NZERA_Wellington_89.pdf,employee_win,employee_win,yes,no
2013,2013 NZERA Wellington 116,https://determinations.era.govt.nz/assets/elawpdf/2013/4d9b6b8c8f/2013_NZERA_Wellington_116.pdf,employee_win,employee_win,yes,no
2013,2013 NZERA Auckland 552,https://determinations.era.govt.nz/assets/elawpdf/2013/4f11dc25c7/2013_NZERA_Auckland_552.pdf,employee_win,employee_win,yes,no
2013,2013 NZERA Christchurch 185,https://determinations.era.govt.nz/assets/elawpdf/2013/4f239aa007/2013_NZERA_Christchurch_185.pdf,employee_win,employee_win,yes,no
2013,2013 NZERA Christchurch 73,https://determinations.era.govt.nz/assets/elawpdf/2013/4f2695e6b5/2013_NZERA_Christchurch_73.pdf,employer_win,employee_win,yes,yes
2013,2013 NZERA Christchurch 65,https://determinations.era.govt.nz/assets/elawpdf/2013/4f43bd5f0b/2013_NZERA_Christchurch_65.pdf,employer_win,employer_win,yes,no
2013,2013 NZERA Auckland 62,https://determinations.era.govt.nz/assets/elawpdf/2013/4f928f5b0d/2013_NZERA_Auckland_62.pdf,employee_win,employer_win,yes,yes
2013,2013 NZERA Auckland 347,https://determinations.era.govt.nz/assets/elawpdf/2013/4fd0cec9dc/2013_NZERA_Auckland_347.pdf,employee_win,employer_win,yes,yes
2013,2013 NZERA Auckland 104,https://determinations.era.govt.nz/assets/elawpdf/2013/5098ac59a6/2013_NZERA_Auckland_104.pdf,employee_win,employer_win,yes,yes
2013,2013 NZERA Christchurch 9,https://determinations.era.govt.nz/assets/elawpdf/2013/50f30ae107/2013_NZERA_Christchurch_9.pdf,employee_win,employee_win,yes,no
2013,2013 NZERA Christchurch 221,https://determinations.era.govt.nz/assets/elawpdf/2013/51d86612cd/2013_NZERA_Christchurch_221.pdf,employee_win,employee_win,yes,no
2013,2013 NZERA Auckland 314,https://determinations.era.govt.nz/assets/elawpdf/2013/51eaf9959e/2013_NZERA_Auckland_314.pdf,employer_win,employer_win,yes,no
2013,2013 NZERA Wellington 50,https://determinations.era.govt.nz/assets/elawpdf/2013/51ffc2704f/2013_NZERA_Wellington_50.pdf,employee_win,employee_win,yes,no
2013,2013 NZERA Wellington 74,https://determinations.era.govt.nz/assets/elawpdf/2013/5230cc7b23/2013_NZERA_Wellington_74.pdf,employer_win,employee_win,yes,yes
2013,2013 NZERA Auckland 548,https://determinations.era.govt.nz/assets/elawpdf/2013/5256a14fe1/2013_NZERA_Auckland_548.pdf,employee_win,employee_win,yes,no
2013,2013 NZERA Christchurch 98,https://determinations.era.govt.nz/assets/elawpdf/2013/530ede2018/2013_NZERA_Christchurch_98.pdf,employee_win,employer_win,yes,yes
2013,2013 NZERA Christchurch 110,https://determinations.era.govt.nz/assets/elawpdf/2013/5445c34a21/2013_NZERA_Christchurch_110.pdf,employee_win,employee_win,yes,no
2013,2013 NZERA Auckland 214,https://determinations.era.govt.nz/assets/elawpdf/2013/551557aab6/2013_NZERA_Auckland_214.pdf,employer_win,employee_win,yes,yes
2013,2013 NZERA Auckland 577,https://determinations.era.govt.nz/assets/elawpdf/2013/55c652f10c/2013_NZERA_Auckland_577.pdf,employee_win,employee_win,yes,no
2013,2013 NZERA Auckland 310,https://determinations.era.govt.nz/assets/elawpdf/2013/55f9149b02/2013_NZERA_Auckland_310.pdf,employer_win,employer_win,yes,no
2013,2013 NZERA Auckland 291,https://determinations.era.govt.nz/assets/elawpdf/2013/567b93a969/2013_NZERA_Auckland_291.pdf,employee_win,employee_win,yes,no
2013,2013 NZERA Wellington 65,https://determinations.era.govt.nz/assets/elawpdf/2013/5691dd9864/2013_NZERA_Wellington_65.pdf,employee_win,employee_win,yes,no
2013,2013 NZERA Christchurch 87,https://determinations.era.govt.nz/assets/elawpdf/2013/5701ece244/2013_NZERA_Christchurch_87.pdf,employer_win,employer_win,yes,no
2013,2013 NZERA Wellington 147,https://determinations.era.govt.nz/assets/elawpdf/2013/5788234ff6/2013_NZERA_Wellington_147.pdf,employer_win,employer_win,yes,no
2013,2013 NZERA Christchurch 208,https://determinations.era.govt.nz/assets/elawpdf/2013/57bd638536/2013_NZERA_Christchurch_208.pdf,employee_win,employee_win,yes,no
2013,2013 NZERA Christchurch 84,https://determinations.era.govt.nz/assets/elawpdf/2013/57c1c39712/2013_NZERA_Christchurch_84.pdf,employee_win,employee_win,yes,no
2013,2013 NZERA Auckland 10,https://determinations.era.govt.nz/assets/elawpdf/2013/5824527092/2013_NZERA_Auckland_10.pdf,employer_win,employee_win,yes,yes
2013,2013 NZERA Auckland 270,https://determinations.era.govt.nz/assets/elawpdf/2013/5a078635ba/2013_NZERA_Auckland_270.pdf,employee_win,employer_win,yes,yes
2013,2013 NZERA Christchurch 142,https://determinations.era.govt.nz/assets/elawpdf/2013/5ad2f2a2ac/2013_NZERA_Christchurch_142.pdf,employee_win,employee_win,yes,no
2013,2013 NZERA Auckland 204,https://determinations.era.govt.nz/assets/elawpdf/2013/5c6c5878ae/2013_NZERA_Auckland_204.pdf,employee_win,employee_win,yes,no
2013,2013 NZERA Auckland 304,https://determinations.era.govt.nz/assets/elawpdf/2013/5cf060a5c2/2013_NZERA_Auckland_304.pdf,employee_win,employee_win,yes,no
2013,2013 NZERA Auckland 343,https://determinations.era.govt.nz/assets/elawpdf/2013/5f0d98d23a/2013_NZERA_Auckland_343.pdf,employee_win,employee_win,yes,no
2013,2013 NZERA Auckland 288,https://determinations.era.govt.nz/assets/elawpdf/2013/6055de6985/2013_NZERA_Auckland_288.pdf,employee_win,employee_win,yes,no
2013,2013 NZERA Christchurch 53,https://determinations.era.govt.nz/assets/elawpdf/2013/60b2dde284/2013_NZERA_Christchurch_53.pdf,employee_win,employee_win,yes,no
2013,2013 NZERA Auckland 301,https://determinations.era.govt.nz/assets/elawpdf/2013/6364b95e14/2013_NZERA_Auckland_301.pdf,employee_win,employee_win,yes,no
2013,2013 NZERA Auckland 206,https://determinations.era.govt.nz/assets/elawpdf/2013/642c21bf56/2013_NZERA_Auckland_206.pdf,employer_win,employer_win,yes,no
2013,2013 NZERA Auckland 31,https://determinations.era.govt.nz/assets/elawpdf/2013/6475d1761e/2013_NZERA_Auckland_31.pdf,employee_win,employer_win,yes,yes
2013,2013 NZERA Auckland 537,https://determinations.era.govt.nz/assets/elawpdf/2013/65313273e3/2013_NZERA_Auckland_537.pdf,employer_win,employer_win,yes,no
2013,2013 NZERA Auckland 58,https://determinations.era.govt.nz/assets/elawpdf/2013/65b8433180/2013_NZERA_Auckland_58.pdf,employee_win,employee_win,yes,no
2013,2013 NZERA Auckland 143,https://determinations.era.govt.nz/assets/elawpdf/2013/66408519c6/2013_NZERA_Auckland_143.pdf,employee_win,employee_win,yes,no
2013,2013 NZERA Christchurch 215,https://determinations.era.govt.nz/assets/elawpdf/2013/66d104504d/2013_NZERA_Christchurch_215.pdf,employer_win,employer_win,yes,no
2013,2013 NZERA Wellington 12,https://determinations.era.govt.nz/assets/elawpdf/2013/67c4a34757/2013_NZERA_Wellington_12.pdf,employer_win,employer_win,yes,no
2013,2013 NZERA Christchurch 247,https://determinations.era.govt.nz/assets/elawpdf/2013/67f7ae159b/2013_NZERA_Christchurch_247.pdf,employee_win,employee_win,yes,no
2013,2013 NZERA Christchurch 95,https://determinations.era.govt.nz/assets/elawpdf/2013/6875d5ff10/2013_NZERA_Christchurch_95.pdf,employer_win,employee_win,yes,yes
2013,2013 NZERA Auckland 60,https://determinations.era.govt.nz/assets/elawpdf/2013/688e8a4974/2013_NZERA_Auckland_60.pdf,employee_win,employee_win,yes,no
2013,2013 NZERA Christchurch 243,https://determinations.era.govt.nz/assets/elawpdf/2013/689c20b2c2/2013_NZERA_Christchurch_243.pdf,employee_win,employee_win,yes,no
2013,2013 NZERA Christchurch 20,https://determinations.era.govt.nz/assets/elawpdf/2013/68a044709d/2013_NZERA_Christchurch_20.pdf,employee_win,employee_win,yes,no
2013,2013 NZERA Wellington 138,https://determinations.era.govt.nz/assets/elawpdf/2013/6a1ed792dd/2013_NZERA_Wellington_138.pdf,employee_win,employee_win,yes,no
2013,2013 NZERA Auckland 376,https://determinations.era.govt.nz/assets/elawpdf/2013/6b12aaa836/2013_NZERA_Auckland_376.pdf,employer_win,employer_win,yes,no
2013,2013 NZERA Auckland 227,https://determinations.era.govt.nz/assets/elawpdf/2013/6b5c14164f/2013_NZERA_Auckland_227.pdf,employee_win,employee_win,yes,no
2013,2013 NZERA Wellington 47,https://determinations.era.govt.nz/assets/elawpdf/2013/6b80cd49d2/2013_NZERA_Wellington_47.pdf,employee_win,employee_win,yes,no
2013,2013 NZERA Auckland 27,https://determinations.era.govt.nz/assets/elawpdf/2013/6db7cd2902/2013_NZERA_Auckland_27.pdf,employer_win,employer_win,yes,no
2013,2013 NZERA Christchurch 230,https://determinations.era.govt.nz/assets/elawpdf/2013/6edb0337a3/2013_NZERA_Christchurch_230.pdf,employer_win,employer_win,yes,no
2013,2013 NZERA Auckland 292,https://determinations.era.govt.nz/assets/elawpdf/2013/71758468f6/2013_NZERA_Auckland_292.pdf,employer_win,employee_win,yes,yes
2013,2013 NZERA Wellington 35,https://determinations.era.govt.nz/assets/elawpdf/2013/717b61a813/2013_NZERA_Wellington_35.pdf,employee_win,employee_win,yes,no
2013,2013 NZERA Auckland 73,https://determinations.era.govt.nz/assets/elawpdf/2013/717d866296/2013_NZERA_Auckland_73.pdf,employer_win,employee_win,yes,yes
2013,2013 NZERA Christchurch 25,https://determinations.era.govt.nz/assets/elawpdf/2013/71924d1990/2013_NZERA_Christchurch_25.pdf,employee_win,employee_win,yes,no
2013,2013 NZERA Christchurch 55,https://determinations.era.govt.nz/assets/elawpdf/2013/7258d63561/2013_NZERA_Christchurch_55.pdf,employee_win,employee_win,yes,no
2013,2013 NZERA Auckland 459,https://determinations.era.govt.nz/assets/elawpdf/2013/7262a9151b/2013_NZERA_Auckland_459.pdf,employee_win,employee_win,yes,no
2013,2013 NZERA Wellington 132,https://determinations.era.govt.nz/assets/elawpdf/2013/727956186b/2013_NZERA_Wellington_132.pdf,employee_win,employee_win,yes,no
2013,2013 NZERA Auckland 494,https://determinations.era.govt.nz/assets/elawpdf/2013/737216dd2c/2013_NZERA_Auckland_494.pdf,employee_win,employer_win,yes,yes
2013,2013 NZERA Auckland 9,https://determinations.era.govt.nz/assets/elawpdf/2013/73b70f0a30/2013_NZERA_Auckland_9.pdf,employee_win,employee_win,yes,no
2013,2013 NZERA Auckland 382,https://determinations.era.govt.nz/assets/elawpdf/2013/7495ff397d/2013_NZERA_Auckland_382.pdf,employee_win,employee_win,yes,no
2013,2013 NZERA Christchurch 1,https://determinations.era.govt.nz/assets/elawpdf/2013/763e77b878/2013_NZERA_Christchurch_1.pdf,employee_win,employee_win,yes,no
2013,2013 NZERA Wellington 16,https://determinations.era.govt.nz/assets/elawpdf/2013/768dabe242/2013_NZERA_Wellington_16.pdf,employee_win,employee_win,yes,no
2013,2013 NZERA Auckland 74,https://determinations.era.govt.nz/assets/elawpdf/2013/77dbf0dfee/2013_NZERA_Auckland_74.pdf,employee_win,employer_win,yes,yes
2013,2013 NZERA Christchurch 35,https://determinations.era.govt.nz/assets/elawpdf/2013/7c9b9ef033/2013_NZERA_Christchurch_35.pdf,employee_win,employee_win,yes,no
2013,2013 NZERA Christchurch 109,https://determinations.era.govt.nz/assets/elawpdf/2013/7d18ebf8e8/2013_NZERA_Christchurch_109.pdf,employer_win,employer_win,yes,no
2013,2013 NZERA Wellington 101,https://determinations.era.govt.nz/assets/elawpdf/2013/7e68da3e81/2013_NZERA_Wellington_101.pdf,employee_win,employee_win,yes,no
2013,2013 NZERA Christchurch 255,https://determinations.era.govt.nz/assets/elawpdf/2013/81336ac41d/2013_NZERA_Christchurch_255.pdf,employee_win,employer_win,yes,yes
2013,2013 NZERA Auckland 282,https://determinations.era.govt.nz/assets/elawpdf/2013/8146c37161/2013_NZERA_Auckland_282.pdf,employee_win,employer_win,yes,yes
2013,2013 NZERA Wellington 105,https://determinations.era.govt.nz/assets/elawpdf/2013/82c11d6d74/2013_NZERA_Wellington_105.pdf,employee_win,employee_win,yes,no
2013,2013 NZERA Auckland 516,https://determinations.era.govt.nz/assets/elawpdf/2013/838a7242ab/2013_NZERA_Auckland_516.pdf,employer_win,employer_win,yes,no
2013,2013 NZERA Wellington 32,https://determinations.era.govt.nz/assets/elawpdf/2013/84a5d45324/2013_NZERA_Wellington_32.pdf,employee_win,employee_win,yes,no
2013,2013 NZERA Wellington 42,https://determinations.era.govt.nz/assets/elawpdf/2013/8628c4bfdd/2013_NZERA_Wellington_42.pdf,employer_win,employee_win,yes,yes
2013,2013 NZERA Christchurch 141,https://determinations.era.govt.nz/assets/elawpdf/2013/8903b36ad1/2013_NZERA_Christchurch_141.pdf,employer_win,employee_win,yes,yes
2013,2013 NZERA Christchurch 80,https://determinations.era.govt.nz/assets/elawpdf/2013/89b805dcd1/2013_NZERA_Christchurch_80.pdf,employee_win,employer_win,yes,yes
2013,2013 NZERA Auckland 547,https://determinations.era.govt.nz/assets/elawpdf/2013/89ed02615b/2013_NZERA_Auckland_547.pdf,employee_win,employer_win,yes,yes
2013,2013 NZERA Auckland 572,https://determinations.era.govt.nz/assets/elawpdf/2013/8aa8b37778/2013_NZERA_Auckland_572.pdf,employer_win,employer_win,yes,no
2013,2013 NZERA Wellington 153,https://determinations.era.govt.nz/assets/elawpdf/2013/8bf0566e71/2013_NZERA_Wellington_153.pdf,employee_win,employee_win,yes,no
2013,2013 NZERA Christchurch 194,https://determinations.era.govt.nz/assets/elawpdf/2013/8c869299ec/2013_NZERA_Christchurch_194.pdf,employee_win,employee_win,yes,no
2013,2013 NZERA Auckland 570,https://determinations.era.govt.nz/assets/elawpdf/2013/8d5ed5ca57/2013_NZERA_Auckland_570.pdf,employee_win,employee_win,yes,no
2013,2013 NZERA Auckland 423,https://determinations.era.govt.nz/assets/elawpdf/2013/8ddcdeeb9e/2013_NZERA_Auckland_423.pdf,employer_win,employer_win,yes,no
2013,2013 NZERA Auckland 377,https://determinations.era.govt.nz/assets/elawpdf/2013/8eba6b891a/2013_NZERA_Auckland_377.pdf,employee_win,employee_win,yes,no
2013,2013 NZERA Christchurch 13,https://determinations.era.govt.nz/assets/elawpdf/2013/8f2f078f1a/2013_NZERA_Christchurch_13.pdf,employee_win,employee_win,yes,no
2013,2013 NZERA Auckland 252,https://determinations.era.govt.nz/assets/elawpdf/2013/8fe00b3c88/2013_NZERA_Auckland_252.pdf,employer_win,employee_win,yes,yes
2013,2013 NZERA Auckland 320,https://determinations.era.govt.nz/assets/elawpdf/2013/90339040d6/2013_NZERA_Auckland_320.pdf,employee_win,employee_win,yes,no
2013,2013 NZERA Wellington 98,https://determinations.era.govt.nz/assets/elawpdf/2013/90aa85e0cc/2013_NZERA_Wellington_98.pdf,employee_win,employee_win,yes,no
2013,2013 NZERA Auckland 311,https://determinations.era.govt.nz/assets/elawpdf/2013/919a851b40/2013_NZERA_Auckland_311.pdf,employer_win,employer_win,yes,no
2013,2013 NZERA Auckland 583,https://determinations.era.govt.nz/assets/elawpdf/2013/92e1402ee9/2013_NZERA_Auckland_583.pdf,employee_win,employee_win,yes,no
2013,2013 NZERA Auckland 584,https://determinations.era.govt.nz/assets/elawpdf/2013/950b68e95f/2013_NZERA_Auckland_584.pdf,employee_win,employee_win,yes,no
2013,2013 NZERA Christchurch 56,https://determinations.era.govt.nz/assets/elawpdf/2013/957c415eab/2013_NZERA_Christchurch_56.pdf,employee_win,employee_win,yes,no
2013,2013 NZERA Auckland 561,https://determinations.era.govt.nz/assets/elawpdf/2013/972d1909c5/2013_NZERA_Auckland_561.pdf,employer_win,employer_win,yes,no
2013,2013 NZERA Auckland 512,https://determinations.era.govt.nz/assets/elawpdf/2013/97907e280d/2013_NZERA_Auckland_512.pdf,employer_win,employer_win,yes,no
2013,2013 NZERA Auckland 353,https://determinations.era.govt.nz/assets/elawpdf/2013/979e913d2e/2013_NZERA_Auckland_353.pdf,employer_win,employee_win,yes,yes
2013,2013 NZERA Auckland 287,https://determinations.era.govt.nz/assets/elawpdf/2013/9a0c593b47/2013_NZERA_Auckland_287.pdf,employer_win,employer_win,yes,no
2013,2013 NZERA Auckland 22,https://determinations.era.govt.nz/assets/elawpdf/2013/9a4d140fce/2013_NZERA_Auckland_22.pdf,employee_win,employee_win,yes,no
2013,2013 NZERA Wellington 164,https://determinations.era.govt.nz/assets/elawpdf/2013/9a54915f0b/2013_NZERA_Wellington_164.pdf,employee_win,employer_win,yes,yes
2013,2013 NZERA Auckland 384,https://determinations.era.govt.nz/assets/elawpdf/2013/9b651a7348/2013_NZERA_Auckland_384.pdf,employee_win,employer_win,yes,yes
2013,2013 NZERA Wellington 103,https://determinations.era.govt.nz/assets/elawpdf/2013/9c4bd9bf7d/2013_NZERA_Wellington_103.pdf,employee_win,employee_win,yes,no
2013,2013 NZERA Auckland 300,https://determinations.era.govt.nz/assets/elawpdf/2013/9e66259a17/2013_NZERA_Auckland_300.pdf,employer_win,employer_win,yes,no
2013,[2013] NZERA 70,https://determinations.era.govt.nz/assets/elawpdf/2013/9ed8f7a864/2013_NZERA_Wellington_70.pdf,employee_win,employee_win,yes,no
2013,2013 NZERA Auckland 100,https://determinations.era.govt.nz/assets/elawpdf/2013/9f54417ec5/2013_NZERA_Auckland_100.pdf,employee_win,employer_win,yes,yes
2013,2013 NZERA Auckland 229,https://determinations.era.govt.nz/assets/elawpdf/2013/9f9cc940aa/2013_NZERA_Auckland_229.pdf,employer_win,employer_win,yes,no
2013,2013 NZERA Auckland 37,https://determinations.era.govt.nz/assets/elawpdf/2013/9fff133ff0/2013_NZERA_Auckland_37.pdf,employee_win,employer_win,yes,yes
2013,2013 NZERA Auckland 65,https://determinations.era.govt.nz/assets/elawpdf/2013/a071ddc0ba/2013_NZERA_Auckland_65.pdf,employee_win,employer_win,yes,yes
2013,2013 NZERA Auckland 492,https://determinations.era.govt.nz/assets/elawpdf/2013/a11332e365/2013_NZERA_Auckland_492.pdf,employer_win,employer_win,yes,no
2013,2013 NZERA Auckland 251,https://determinations.era.govt.nz/assets/elawpdf/2013/a196f81f64/2013_NZERA_Auckland_251.pdf,employee_win,employee_win,yes,no
2013,2013 NZERA Christchurch 187,https://determinations.era.govt.nz/assets/elawpdf/2013/a29418d771/2013_NZERA_Christchurch_187.pdf,employer_win,employer_win,yes,no
2013,2013 NZERA Auckland 393,https://determinations.era.govt.nz/assets/elawpdf/2013/a3f18868c8/2013_NZERA_Auckland_393.pdf,employee_win,employee_win,yes,no
2013,2013 NZERA Christchurch 82,https://determinations.era.govt.nz/assets/elawpdf/2013/a4ea30943a/2013_NZERA_Christchurch_82.pdf,employer_win,employer_win,yes,no
2013,2013 NZERA Auckland 451,https://determinations.era.govt.nz/assets/elawpdf/2013/a570e151f4/2013_NZERA_Auckland_451.pdf,employee_win,employee_win,yes,no
2013,2013 NZERA Auckland 272,https://determinations.era.govt.nz/assets/elawpdf/2013/a8653c3924/2013_NZERA_Auckland_272.pdf,employer_win,employer_win,yes,no
2013,2013 NZERA Christchurch 71,https://determinations.era.govt.nz/assets/elawpdf/2013/a9d7666496/2013_NZERA_Christchurch_71.pdf,employee_win,employee_win,yes,no
2013,2013 NZERA Auckland 136,https://determinations.era.govt.nz/assets/elawpdf/2013/aa75966da1/2013_NZERA_Auckland_136.pdf,employee_win,employer_win,yes,yes
2013,2013 NZERA Wellington 43,https://determinations.era.govt.nz/assets/elawpdf/2013/aac2c29ff6/2013_NZERA_Wellington_43.pdf,employee_win,employee_win,yes,no
2013,2013 NZERA Auckland 216,https://determinations.era.govt.nz/assets/elawpdf/2013/aaf9a05f3b/2013_NZERA_Auckland_216.pdf,employer_win,employer_win,yes,no
2013,2013 NZERA Wellington 104,https://determinations.era.govt.nz/assets/elawpdf/2013/abf6839f8f/2013_NZERA_Wellington_104.pdf,employee_win,employee_win,yes,no
2013,2013 NZERA Auckland 281,https://determinations.era.govt.nz/assets/elawpdf/2013/adf97aad96/2013_NZERA_Auckland_281.pdf,employee_win,employer_win,yes,yes
2013,2013 NZERA Auckland 139,https://determinations.era.govt.nz/assets/elawpdf/2013/adfcb35644/2013_NZERA_Auckland_139.pdf,employee_win,employee_win,yes,no
2013,2013 NZERA Auckland 328,https://determinations.era.govt.nz/assets/elawpdf/2013/afec5e5cf9/2013_NZERA_Auckland_328.pdf,employer_win,employer_win,yes,no
2013,2013 NZERA Auckland 105,https://determinations.era.govt.nz/assets/elawpdf/2013/affabcc46c/2013_NZERA_Auckland_105.pdf,employer_win,employer_win,yes,no
2013,2013 NZERA Auckland 404,https://determinations.era.govt.nz/assets/elawpdf/2013/b196cdb2e5/2013_NZERA_Auckland_404.pdf,employee_win,employee_win,yes,no
2013,2013 NZERA Christchurch 139,https://determinations.era.govt.nz/assets/elawpdf/2013/b1cea9d8e3/2013_NZERA_Christchurch_139.pdf,employer_win,employee_win,yes,yes
2013,2013 NZERA Auckland 238,https://determinations.era.govt.nz/assets/elawpdf/2013/b21a0ec4ce/2013_NZERA_Auckland_238.pdf,employer_win,employer_win,yes,no
2013,2013 NZERA Auckland 373,https://determinations.era.govt.nz/assets/elawpdf/2013/b28ca06621/2013_NZERA_Auckland_373.pdf,employer_win,employer_win,yes,no
2013,2013 NZERA Auckland 499,https://determinations.era.govt.nz/assets/elawpdf/2013/b52d4ba134/2013_NZERA_Auckland_499.pdf,employee_win,employee_win,yes,no
2013,2013 NZERA Auckland 194,https://determinations.era.govt.nz/assets/elawpdf/2013/b5865d2b39/2013_NZERA_Auckland_194.pdf,employee_win,employee_win,yes,no
2013,2013 NZERA Auckland 375,https://determinations.era.govt.nz/assets/elawpdf/2013/b6e17e67d2/2013_NZERA_Auckland_375.pdf,employee_win,employee_win,yes,no
2013,2013 NZERA Christchurch 151,https://determinations.era.govt.nz/assets/elawpdf/2013/ba1aafdb43/2013_NZERA_Christchurch_151.pdf,employee_win,employee_win,yes,no
2013,2013 NZERA Auckland 392,https://determinations.era.govt.nz/assets/elawpdf/2013/bb6f5c134d/2013_NZERA_Auckland_392.pdf,employer_win,employer_win,yes,no
2013,2013 NZERA Auckland 338,https://determinations.era.govt.nz/assets/elawpdf/2013/bcd059a72c/2013_NZERA_Auckland_338.pdf,employer_win,employer_win,yes,no
2013,2013 NZERA Auckland 122,https://determinations.era.govt.nz/assets/elawpdf/2013/bd11b81146/2013_NZERA_Auckland_122.pdf,employer_win,employer_win,yes,no
2013,2013 NZERA Christchurch 130,https://determinations.era.govt.nz/assets/elawpdf/2013/bef88d9579/2013_NZERA_Christchurch_130.pdf,employee_win,employer_win,yes,yes
2013,2013 NZERA Auckland 374,https://determinations.era.govt.nz/assets/elawpdf/2013/bf26eecb47/2013_NZERA_Auckland_374.pdf,employee_win,employee_win,yes,no
2013,2013 NZERA Auckland 26,https://determinations.era.govt.nz/assets/elawpdf/2013/bfa7db9a7b/2013_NZERA_Auckland_26.pdf,employee_win,employee_win,yes,no
2013,2013 NZERA Christchurch 161,https://determinations.era.govt.nz/assets/elawpdf/2013/c1222208f1/2013_NZERA_Christchurch_161.pdf,employee_win,employee_win,yes,no
2013,2013 NZERA Auckland 418,https://determinations.era.govt.nz/assets/elawpdf/2013/c1bb11e860/2013_NZERA_Auckland_418.pdf,employee_win,employee_win,yes,no
2013,2013 NZERA Auckland 560,https://determinations.era.govt.nz/assets/elawpdf/2013/c22c3c99c6/2013_NZERA_Auckland_560.pdf,employee_win,employee_win,yes,no
2013,2013 NZERA Auckland 484,https://determinations.era.govt.nz/assets/elawpdf/2013/c29e5bed07/2013_NZERA_Auckland_484.pdf,employer_win,employer_win,yes,no
2013,2013 NZERA Auckland 496,https://determinations.era.govt.nz/assets/elawpdf/2013/c3486ccd5c/2013_NZERA_Auckland_496.pdf,employee_win,employee_win,yes,no
2013,2013 NZERA Christchurch 190,https://determinations.era.govt.nz/assets/elawpdf/2013/c37c524c8e/2013_NZERA_Christchurch_190.pdf,employer_win,employee_win,yes,yes
2013,2013 NZERA Auckland 541,https://determinations.era.govt.nz/assets/elawpdf/2013/c3af8bfea2/2013_NZERA_Auckland_541.pdf,employer_win,employer_win,yes,no
2013,2013 NZERA Wellington 140,https://determinations.era.govt.nz/assets/elawpdf/2013/c4112abe2c/2013_NZERA_Wellington_140.pdf,employee_win,employer_win,yes,yes
2013,2013 NZERA Auckland 543,https://determinations.era.govt.nz/assets/elawpdf/2013/c43abca9e7/2013_NZERA_Auckland_543.pdf,employee_win,employer_win,yes,yes
2013,2013 NZERA Auckland 576,https://determinations.era.govt.nz/assets/elawpdf/2013/c51d7afa18/2013_NZERA_Auckland_576.pdf,employer_win,employer_win,yes,no
2013,2013 NZERA Wellington 41,https://determinations.era.govt.nz/assets/elawpdf/2013/c55ba0653f/2013_NZERA_Wellington_41.pdf,employer_win,employer_win,yes,no
2013,2013 NZERA Wellington 121,https://determinations.era.govt.nz/assets/elawpdf/2013/c5a4979665/2013_NZERA_Wellington_121.pdf,employer_win,employer_win,yes,no
2013,2013 NZERA Auckland 327,https://determinations.era.govt.nz/assets/elawpdf/2013/c73af7a3d9/2013_NZERA_Auckland_327.pdf,employer_win,employer_win,yes,no
2013,2013 NZERA Auckland 176,https://determinations.era.govt.nz/assets/elawpdf/2013/c77975743b/2013_NZERA_Auckland_176.pdf,employee_win,employee_win,yes,no
2013,2013 NZERA Christchurch 181,https://determinations.era.govt.nz/assets/elawpdf/2013/c901ae2bfa/2013_NZERA_Christchurch_181.pdf,employee_win,employee_win,yes,no
2013,2013 NZERA Christchurch 74,https://determinations.era.govt.nz/assets/elawpdf/2013/c97024ee1f/2013_NZERA_Christchurch_74.pdf,employee_win,employer_win,yes,yes
2013,2013 NZERA Wellington 148,https://determinations.era.govt.nz/assets/elawpdf/2013/ca05cf07fd/2013_NZERA_Wellington_148.pdf,employee_win,employee_win,yes,no
2013,2013 NZERA Auckland 242,https://determinations.era.govt.nz/assets/elawpdf/2013/cc1f51e1a4/2013_NZERA_Auckland_242.pdf,employee_win,employee_win,yes,no
2013,2013 NZERA Christchurch 200,https://determinations.era.govt.nz/assets/elawpdf/2013/ccbbc96827/2013_NZERA_Christchurch_200.pdf,employee_win,employee_win,yes,no
2013,2013 NZERA Wellington 61,https://determinations.era.govt.nz/assets/elawpdf/2013/cce0bb3dea/2013_NZERA_Wellington_61.pdf,employer_win,employee_win,yes,yes
2013,2013 NZERA Christchurch 137,https://determinations.era.govt.nz/assets/elawpdf/2013/cdb1e8d626/2013_NZERA_Christchurch_137.pdf,employee_win,employer_win,yes,yes
2013,2013 NZERA Auckland 286,https://determinations.era.govt.nz/assets/elawpdf/2013/cf6f7f36f3/2013_NZERA_Auckland_286.pdf,employee_win,employee_win,yes,no
2013,2013 NZERA Auckland 265,https://determinations.era.govt.nz/assets/elawpdf/2013/cf9cce0717/2013_NZERA_Auckland_265.pdf,employee_win,employee_win,yes,no
2013,2013 NZERA Auckland 511,https://determinations.era.govt.nz/assets/elawpdf/2013/d14d1995d0/2013_NZERA_Auckland_511.pdf,employer_win,employer_win,yes,no
2013,[2013] NZERA 13,https://determinations.era.govt.nz/assets/elawpdf/2013/d38c3f95d2/2013_NZERA_Wellington_13.pdf,employer_win,employer_win,yes,no
2013,2013 NZERA Auckland 76,https://determinations.era.govt.nz/assets/elawpdf/2013/d40b9a6e8c/2013_NZERA_Auckland_76.pdf,employer_win,employer_win,yes,no
2013,2013 NZERA Auckland 263,https://determinations.era.govt.nz/assets/elawpdf/2013/d5b767464d/2013_NZERA_Auckland_263.pdf,employee_win,employee_win,yes,no
2013,2013 NZERA Wellington 72,https://determinations.era.govt.nz/assets/elawpdf/2013/d74169114c/2013_NZERA_Wellington_72.pdf,employee_win,employer_win,yes,yes
2013,2013 NZERA Christchurch 24,https://determinations.era.govt.nz/assets/elawpdf/2013/d7aa61d86a/2013_NZERA_Christchurch_24.pdf,employee_win,employee_win,yes,no
2013,2013 NZERA Auckland 36,https://determinations.era.govt.nz/assets/elawpdf/2013/d8e9996a51/2013_NZERA_Auckland_36.pdf,employee_win,employee_win,yes,no
2013,2013 NZERA Auckland 67,https://determinations.era.govt.nz/assets/elawpdf/2013/d90ccc7f60/2013_NZERA_Auckland_67.pdf,employer_win,employer_win,yes,no
2013,2013 NZERA Auckland 349,https://determinations.era.govt.nz/assets/elawpdf/2013/dc8bca26aa/2013_NZERA_Auckland_349.pdf,employee_win,employee_win,yes,no
2013,2013 NZERA Wellington 49,https://determinations.era.govt.nz/assets/elawpdf/2013/dd42355044/2013_NZERA_Wellington_49.pdf,employee_win,employee_win,yes,no
2013,2013 NZERA Auckland 295,https://determinations.era.govt.nz/assets/elawpdf/2013/dd5dc24b06/2013_NZERA_Auckland_295.pdf,employer_win,employee_win,yes,yes
2013,2013 NZERA Christchurch 34,https://determinations.era.govt.nz/assets/elawpdf/2013/de14e86a56/2013_NZERA_Christchurch_34.pdf,employee_win,employee_win,yes,no
2013,2013 NZERA Wellington 38,https://determinations.era.govt.nz/assets/elawpdf/2013/dee2c0e3a2/2013_NZERA_Wellington_38.pdf,employer_win,employee_win,yes,yes
2013,2013 NZERA Auckland 69,https://determinations.era.govt.nz/assets/elawpdf/2013/df39d716c5/2013_NZERA_Auckland_69.pdf,employer_win,employer_win,yes,no
2013,2013 NZERA Auckland 297,https://determinations.era.govt.nz/assets/elawpdf/2013/df7140f27d/2013_NZERA_Auckland_297.pdf,employer_win,employer_win,yes,no
2013,2013 NZERA Christchurch 154,https://determinations.era.govt.nz/assets/elawpdf/2013/e30d72eaf2/2013_NZERA_Christchurch_154.pdf,employer_win,employer_win,yes,no
2013,2013 NZERA Christchurch 94,https://determinations.era.govt.nz/assets/elawpdf/2013/e4572e9b78/2013_NZERA_Christchurch_94.pdf,employee_win,employee_win,yes,no
2013,2013 NZERA Auckland 190,https://determinations.era.govt.nz/assets/elawpdf/2013/e4da1e7503/2013_NZERA_Auckland_190.pdf,employee_win,employer_win,yes,yes
2013,2013 NZERA Auckland 137,https://determinations.era.govt.nz/assets/elawpdf/2013/e5b84be6bc/2013_NZERA_Auckland_137.pdf,employee_win,employee_win,yes,no
2013,2013 NZERA Auckland 149,https://determinations.era.govt.nz/assets/elawpdf/2013/e627902e74/2013_NZERA_Auckland_149.pdf,employer_win,employer_win,yes,no
2013,2013 NZERA Christchurch 155,https://determinations.era.govt.nz/assets/elawpdf/2013/e627fb39fa/2013_NZERA_Christchurch_155.pdf,employer_win,employer_win,yes,no
2013,2013 NZERA Auckland 542,https://determinations.era.govt.nz/assets/elawpdf/2013/e63f14c217/2013_NZERA_Auckland_542.pdf,employee_win,employee_win,yes,no
2013,2013 NZERA Auckland 470,https://determinations.era.govt.nz/assets/elawpdf/2013/e6dfe24469/2013_NZERA_Auckland_470.pdf,employee_win,employee_win,yes,no
2013,2013 NZERA Auckland 354,https://determinations.era.govt.nz/assets/elawpdf/2013/e8218bbdc3/2013_NZERA_Auckland_354.pdf,employee_win,employee_win,yes,no
2013,2013 NZERA Christchurch 115,https://determinations.era.govt.nz/assets/elawpdf/2013/e83ea0f354/2013_NZERA_Christchurch_115.pdf,employer_win,employer_win,yes,no
2013,2013 NZERA Wellington 144,https://determinations.era.govt.nz/assets/elawpdf/2013/e8d827bbc8/2013_NZERA_Wellington_144.pdf,employer_win,employee_win,yes,yes
2013,2013 NZERA Christchurch 50,https://determinations.era.govt.nz/assets/elawpdf/2013/ea4ced44ac/2013_NZERA_Christchurch_50.pdf,employee_win,employee_win,yes,no
2013,2013 NZERA Auckland 294,https://determinations.era.govt.nz/assets/elawpdf/2013/eb224faefe/2013_NZERA_Auckland_294.pdf,employee_win,employer_win,yes,yes
2013,2013 NZERA Wellington 26,https://determinations.era.govt.nz/assets/elawpdf/2013/eb3ad0e18b/2013_NZERA_Wellington_26.pdf,employer_win,employee_win,yes,yes
2013,2013 NZERA Auckland 17,https://determinations.era.govt.nz/assets/elawpdf/2013/ebb90fcee7/2013_NZERA_Auckland_17.pdf,employer_win,employer_win,yes,no
2013,2013 NZERA Auckland 248,https://determinations.era.govt.nz/assets/elawpdf/2013/ec82405a97/2013_NZERA_Auckland_248.pdf,employee_win,employee_win,yes,no
2013,2013 NZERA Christchurch 133,https://determinations.era.govt.nz/assets/elawpdf/2013/ecf26c6b85/2013_NZERA_Christchurch_133.pdf,employer_win,employer_win,yes,no
2013,2013 NZERA Wellington 135,https://determinations.era.govt.nz/assets/elawpdf/2013/eeeede5f5c/2013_NZERA_Wellington_135.pdf,employee_win,employee_win,yes,no
2013,2013 NZERA Auckland 517,https://determinations.era.govt.nz/assets/elawpdf/2013/eef6ff04a5/2013_NZERA_Auckland_517.pdf,employer_win,employer_win,yes,no
2013,2013 NZERA Auckland 579,https://determinations.era.govt.nz/assets/elawpdf/2013/ef2eda53ac/2013_NZERA_Auckland_579.pdf,employee_win,employer_win,yes,yes
2013,2013 NZERA Auckland 268,https://determinations.era.govt.nz/assets/elawpdf/2013/ef9df510ab/2013_NZERA_Auckland_268.pdf,employer_win,employee_win,yes,yes
2013,2013 NZERA Auckland 120,https://determinations.era.govt.nz/assets/elawpdf/2013/efe353a7a6/2013_NZERA_Auckland_120.pdf,employer_win,employer_win,yes,no
2013,2013 NZERA Christchurch 189,https://determinations.era.govt.nz/assets/elawpdf/2013/f0bfb1d9ff/2013_NZERA_Christchurch_189.pdf,employee_win,employee_win,yes,no
2013,2013 NZERA Auckland 500,https://determinations.era.govt.nz/assets/elawpdf/2013/f1526a4587/2013_NZERA_Auckland_500.pdf,employee_win,employee_win,yes,no
2013,2013 NZERA Wellington 37,https://determinations.era.govt.nz/assets/elawpdf/2013/f2645a2bdb/2013_NZERA_Wellington_37.pdf,employer_win,employee_win,yes,yes
2013,2013 NZERA Christchurch 70,https://determinations.era.govt.nz/assets/elawpdf/2013/f2d31ee5dd/2013_NZERA_Christchurch_70.pdf,employee_win,employee_win,yes,no
2013,2013 NZERA Auckland 132,https://determinations.era.govt.nz/assets/elawpdf/2013/f3ee43c0e6/2013_NZERA_Auckland_132.pdf,employer_win,employer_win,yes,no
2013,2013 NZERA Auckland 45,https://determinations.era.govt.nz/assets/elawpdf/2013/f52783db89/2013_NZERA_Auckland_45.pdf,employer_win,employer_win,yes,no
2013,2013 NZERA Christchurch 234,https://determinations.era.govt.nz/assets/elawpdf/2013/f5767e913a/2013_NZERA_Christchurch_234.pdf,employee_win,employee_win,yes,no
2013,2013 NZERA Auckland 330,https://determinations.era.govt.nz/assets/elawpdf/2013/f58a67f210/2013_NZERA_Auckland_330.pdf,employee_win,employee_win,yes,no
2013,2013 NZERA Auckland 391,https://determinations.era.govt.nz/assets/elawpdf/2013/f605f7ee68/2013_NZERA_Auckland_391.pdf,employer_win,employee_win,yes,yes
2013,2013 NZERA Auckland 221,https://determinations.era.govt.nz/assets/elawpdf/2013/f6f7b207a6/2013_NZERA_Auckland_221.pdf,employer_win,employer_win,yes,no
2013,2013 NZERA Christchurch 202,https://determinations.era.govt.nz/assets/elawpdf/2013/f7f8ba2fe1/2013_NZERA_Christchurch_202.pdf,employee_win,employee_win,yes,no
2013,2013 NZERA Wellington 151,https://determinations.era.govt.nz/assets/elawpdf/2013/f9baf58821/2013_NZERA_Wellington_151.pdf,employee_win,employee_win,yes,no
2013,2013 NZERA Christchurch 207,https://determinations.era.govt.nz/assets/elawpdf/2013/fc490b4b3e/2013_NZERA_Christchurch_207.pdf,employee_win,employee_win,yes,no
2013,2013 NZERA Auckland 24,https://determinations.era.govt.nz/assets/elawpdf/2013/fc5519412d/2013_NZERA_Auckland_24.pdf,employer_win,employer_win,yes,no
2013,2013 NZERA Christchurch 12,https://determinations.era.govt.nz/assets/elawpdf/2013/fc9a8760b8/2013_NZERA_Christchurch_12.pdf,employer_win,employer_win,yes,no
2013,2013 NZERA Christchurch 225,https://determinations.era.govt.nz/assets/elawpdf/2013/fcf3ff6f31/2013_NZERA_Christchurch_225.pdf,employer_win,employer_win,yes,no
2013,2013 NZERA Christchurch 203,https://determinations.era.govt.nz/assets/elawpdf/2013/fd00d64929/2013_NZERA_Christchurch_203.pdf,employee_win,employee_win,yes,no
2013,2013 NZERA Auckland 158,https://determinations.era.govt.nz/assets/elawpdf/2013/fec5292fce/2013_NZERA_Auckland_158.pdf,employee_win,employee_win,yes,no
2013,2013 NZERA Auckland 271,https://determinations.era.govt.nz/assets/elawpdf/2013/ff4461d89b/2013_NZERA_Auckland_271.pdf,employee_win,employee_win,yes,no
2014,2014 NZERA Auckland 149,https://determinations.era.govt.nz/assets/elawpdf/2014/0015565265/2014_NZERA_Auckland_149.pdf,employee_win,employee_win,yes,no
2014,2014 NZERA Auckland 229,https://determinations.era.govt.nz/assets/elawpdf/2014/001bbda62e/2014_NZERA_Auckland_229.pdf,employer_win,employer_win,yes,no
2014,2014 NZERA Auckland 102,https://determinations.era.govt.nz/assets/elawpdf/2014/007eaaf800/2014_NZERA_Auckland_102.pdf,employee_win,employee_win,yes,no
2014,2014 NZERA Auckland 384,https://determinations.era.govt.nz/assets/elawpdf/2014/0104810533/2014_NZERA_Auckland_384.pdf,employer_win,employee_win,yes,yes
2014,2014 NZERA Auckland 144,https://determinations.era.govt.nz/assets/elawpdf/2014/02ba97d7cb/2014_NZERA_Auckland_144.pdf,employee_win,employer_win,yes,yes
2014,2014 NZERA Auckland 385,https://determinations.era.govt.nz/assets/elawpdf/2014/03f8cd5926/2014_NZERA_Auckland_385.pdf,employee_win,employee_win,yes,no
2014,2014 NZERA Auckland 83,https://determinations.era.govt.nz/assets/elawpdf/2014/048a7fa301/2014_NZERA_Auckland_83.pdf,employee_win,employee_win,yes,no
2014,2014 NZERA Wellington 132,https://determinations.era.govt.nz/assets/elawpdf/2014/054aa7893e/2014_NZERA_Wellington_132.pdf,employee_win,employee_win,yes,no
2014,2014 NZERA Auckland 259,https://determinations.era.govt.nz/assets/elawpdf/2014/054c6949fa/2014_NZERA_Auckland_259.pdf,employee_win,employee_win,yes,no
2014,2014 NZERA Auckland 504,https://determinations.era.govt.nz/assets/elawpdf/2014/05f7005f9c/2014_NZERA_Auckland_504.pdf,employee_win,employee_win,yes,no
2014,2014 NZERA Auckland 133,https://determinations.era.govt.nz/assets/elawpdf/2014/06508037b8/2014_NZERA_Auckland_133.pdf,employer_win,employee_win,yes,yes
2014,2014 NZERA Auckland 516,https://determinations.era.govt.nz/assets/elawpdf/2014/0752d8c3ce/2014_NZERA_Auckland_516.pdf,employee_win,employer_win,yes,yes
2014,2014 NZERA Christchurch 139,https://determinations.era.govt.nz/assets/elawpdf/2014/08b5e2a010/2014_NZERA_Christchurch_139.pdf,employee_win,employee_win,yes,no
2014,2014 NZERA Auckland 98,https://determinations.era.govt.nz/assets/elawpdf/2014/092d0d7791/2014_NZERA_Auckland_98.pdf,employer_win,employer_win,yes,no
2014,2014 NZERA Auckland 529,https://determinations.era.govt.nz/assets/elawpdf/2014/0bbaa81c30/2014_NZERA_Auckland_529.pdf,employee_win,employee_win,yes,no
2014,2014 NZERA Auckland 65,https://determinations.era.govt.nz/assets/elawpdf/2014/0d7c511416/2014_NZERA_Auckland_65.pdf,employer_win,employer_win,yes,no
2014,2014 NZERA Auckland 132,https://determinations.era.govt.nz/assets/elawpdf/2014/0e29ce72a2/2014_NZERA_Auckland_132.pdf,employee_win,employee_win,yes,no
2014,2014 NZERA Auckland 105,https://determinations.era.govt.nz/assets/elawpdf/2014/0e8acfa743/2014_NZERA_Auckland_105.pdf,employee_win,employee_win,yes,no
2014,2014 NZERA Christchurch 185,https://determinations.era.govt.nz/assets/elawpdf/2014/0f47f3de5d/2014_NZERA_Christchurch_185.pdf,employer_win,employer_win,yes,no
2014,2014 NZERA Christchurch 180,https://determinations.era.govt.nz/assets/elawpdf/2014/0f59ee3646/2014_NZERA_Christchurch_180.pdf,employer_win,employee_win,yes,yes
2014,2014 NZERA Auckland 161,https://determinations.era.govt.nz/assets/elawpdf/2014/12532ac01a/2014_NZERA_Auckland_161.pdf,employer_win,employer_win,yes,no
2014,2014 NZERA Auckland 477,https://determinations.era.govt.nz/assets/elawpdf/2014/13fa18308d/2014_NZERA_Auckland_477.pdf,employee_win,employee_win,yes,no
2014,2014 NZERA Wellington 107,https://determinations.era.govt.nz/assets/elawpdf/2014/13fffb9143/2014_NZERA_Wellington_107.pdf,employer_win,employer_win,yes,no
2014,2014 NZERA Auckland 372,https://determinations.era.govt.nz/assets/elawpdf/2014/164e278447/2014_NZERA_Auckland_372.pdf,employee_win,employee_win,yes,no
2014,2014 NZERA Christchurch 196,https://determinations.era.govt.nz/assets/elawpdf/2014/16bafdd5b5/2014_NZERA_Christchurch_196.pdf,employee_win,employer_win,yes,yes
2014,2014 NZERA Auckland 250,https://determinations.era.govt.nz/assets/elawpdf/2014/173c727823/2014_NZERA_Auckland_250.pdf,employee_win,employer_win,yes,yes
2014,2014 NZERA Auckland 291,https://determinations.era.govt.nz/assets/elawpdf/2014/179b436895/2014_NZERA_Auckland_291.pdf,employee_win,employee_win,yes,no
2014,2014 NZERA Christchurch 35,https://determinations.era.govt.nz/assets/elawpdf/2014/18309536d8/2014_NZERA_Christchurch_35.pdf,employee_win,employee_win,yes,no
2014,2014 NZERA Christchurch 159,https://determinations.era.govt.nz/assets/elawpdf/2014/1853fa4646/2014_NZERA_Christchurch_159.pdf,employee_win,employer_win,yes,yes
2014,2014 NZERA Christchurch 144,https://determinations.era.govt.nz/assets/elawpdf/2014/1a1595fd03/2014_NZERA_Christchurch_144.pdf,employee_win,employee_win,yes,no
2014,2014 NZERA Christchurch 106,https://determinations.era.govt.nz/assets/elawpdf/2014/1ae23b5515/2014_NZERA_Christchurch_106.pdf,employee_win,employer_win,yes,yes
2014,2014 NZERA Auckland 55,https://determinations.era.govt.nz/assets/elawpdf/2014/1ae554776a/2014_NZERA_Auckland_55.pdf,employer_win,employer_win,yes,no
2014,2014 NZERA Christchurch 168,https://determinations.era.govt.nz/assets/elawpdf/2014/1c7c860cd5/2014_NZERA_Christchurch_168.pdf,employee_win,employer_win,yes,yes
2014,2014 NZERA Christchurch 82,https://determinations.era.govt.nz/assets/elawpdf/2014/1c7ceb5c0c/2014_NZERA_Christchurch_82.pdf,employee_win,employee_win,yes,no
2014,2014 NZERA Wellington 1,https://determinations.era.govt.nz/assets/elawpdf/2014/1d53110931/2014_NZERA_Wellington_1.pdf,employer_win,employer_win,yes,no
2014,2014 NZERA Auckland 241,https://determinations.era.govt.nz/assets/elawpdf/2014/1df6fbf506/2014_NZERA_Auckland_241.pdf,employee_win,employee_win,yes,no
2014,2014 NZERA Auckland 166,https://determinations.era.govt.nz/assets/elawpdf/2014/205f95fdf5/2014_NZERA_Auckland_166.pdf,employee_win,employer_win,yes,yes
2014,2014 NZERA Auckland 362,https://determinations.era.govt.nz/assets/elawpdf/2014/2091c8a909/2014_NZERA_Auckland_362.pdf,employer_win,employer_win,yes,no
2014,2014 NZERA Auckland 24,https://determinations.era.govt.nz/assets/elawpdf/2014/210956c8b5/2014_NZERA_Auckland_24.pdf,employer_win,employer_win,yes,no
2014,2014 NZERA Wellington 126,https://determinations.era.govt.nz/assets/elawpdf/2014/240e7b5cd1/2014_NZERA_Wellington_126.pdf,employer_win,employer_win,yes,no
2014,2014 NZERA Christchurch 105,https://determinations.era.govt.nz/assets/elawpdf/2014/25617849c5/2014_NZERA_Christchurch_105.pdf,employee_win,employee_win,yes,no
2014,2014 NZERA Auckland 12,https://determinations.era.govt.nz/assets/elawpdf/2014/25a9fbd263/2014_NZERA_Auckland_12.pdf,employer_win,employee_win,yes,yes
2014,2014 NZERA Christchurch 215,https://determinations.era.govt.nz/assets/elawpdf/2014/27e2af1deb/2014_NZERA_Christchurch_215.pdf,employee_win,employee_win,yes,no
2014,2014 NZERA Auckland 26,https://determinations.era.govt.nz/assets/elawpdf/2014/2804f5c275/2014_NZERA_Auckland_26.pdf,employer_win,employer_win,yes,no
2014,2014 NZERA Wellington 21,https://determinations.era.govt.nz/assets/elawpdf/2014/28321147ce/2014_NZERA_Wellington_21.pdf,employer_win,employer_win,yes,no
2014,2014 NZERA Auckland 299,https://determinations.era.govt.nz/assets/elawpdf/2014/28aabeb3ad/2014_NZERA_Auckland_299.pdf,employer_win,employer_win,yes,no
2014,2014 NZERA Wellington 65,https://determinations.era.govt.nz/assets/elawpdf/2014/28e5dd4497/2014_NZERA_Wellington_65.pdf,employee_win,employee_win,yes,no
2014,2014 NZERA Christchurch 11,https://determinations.era.govt.nz/assets/elawpdf/2014/28e708a6d6/2014_NZERA_Christchurch_11.pdf,employee_win,employee_win,yes,no
2014,2014 NZERA Wellington 12,https://determinations.era.govt.nz/assets/elawpdf/2014/2aec5e6b1a/2014_NZERA_Wellington_12.pdf,employee_win,employee_win,yes,no
2014,2014 NZERA Christchurch 134,https://determinations.era.govt.nz/assets/elawpdf/2014/3073455426/2014_NZERA_Christchurch_134.pdf,employer_win,employer_win,yes,no
2014,2014 NZERA Wellington 30,https://determinations.era.govt.nz/assets/elawpdf/2014/312f7afea8/2014_NZERA_Wellington_30.pdf,employee_win,employee_win,yes,no
2014,2014 NZERA Auckland 414,https://determinations.era.govt.nz/assets/elawpdf/2014/3231391ed3/2014_NZERA_Auckland_414.pdf,employee_win,employer_win,yes,yes
2014,2014 NZERA Auckland 419,https://determinations.era.govt.nz/assets/elawpdf/2014/32f528f575/2014_NZERA_Auckland_419.pdf,employee_win,employee_win,yes,no
2014,2014 NZERA Wellington 87,https://determinations.era.govt.nz/assets/elawpdf/2014/3348cbcf4b/2014_NZERA_Wellington_87.pdf,employer_win,employer_win,yes,no
2014,2014 NZERA Wellington 78,https://determinations.era.govt.nz/assets/elawpdf/2014/33f9cfcab7/2014_NZERA_Wellington_78.pdf,employee_win,employee_win,yes,no
2014,2014 NZERA Christchurch 5,https://determinations.era.govt.nz/assets/elawpdf/2014/341e0865fd/2014_NZERA_Christchurch_5.pdf,employer_win,employee_win,yes,yes
2014,2014 NZERA Christchurch 40,https://determinations.era.govt.nz/assets/elawpdf/2014/35832fcbfd/2014_NZERA_Christchurch_40.pdf,employee_win,employee_win,yes,no
2014,2014 NZERA Wellington 137,https://determinations.era.govt.nz/assets/elawpdf/2014/35834f1483/2014_NZERA_Wellington_137.pdf,employee_win,employee_win,yes,no
2014,2014 NZERA Auckland 215,https://determinations.era.govt.nz/assets/elawpdf/2014/35e4c3a2fb/2014_NZERA_Auckland_215.pdf,employee_win,employee_win,yes,no
2014,2014 NZERA Auckland 439,https://determinations.era.govt.nz/assets/elawpdf/2014/3781c17984/2014_NZERA_Auckland_439.pdf,employee_win,employer_win,yes,yes
2014,2014 NZERA Auckland 196,https://determinations.era.govt.nz/assets/elawpdf/2014/3870f55337/2014_NZERA_Auckland_196.pdf,employee_win,employee_win,yes,no
2014,2014 NZERA Wellington 6,https://determinations.era.govt.nz/assets/elawpdf/2014/3a879bdec5/2014_NZERA_Wellington_6.pdf,employer_win,employer_win,yes,no
2014,2014 NZERA Auckland 416,https://determinations.era.govt.nz/assets/elawpdf/2014/3a950210c6/2014_NZERA_Auckland_416.pdf,employer_win,employer_win,yes,no
2014,2014 NZERA Auckland 138,https://determinations.era.govt.nz/assets/elawpdf/2014/3b8437e2fe/2014_NZERA_Auckland_138.pdf,employer_win,employee_win,yes,yes
2014,2014 NZERA Auckland 382,https://determinations.era.govt.nz/assets/elawpdf/2014/3c5b37e45a/2014_NZERA_Auckland_382.pdf,employee_win,employee_win,yes,no
2014,2014 NZERA Christchurch 93,https://determinations.era.govt.nz/assets/elawpdf/2014/3ddcc401a0/2014_NZERA_Christchurch_93.pdf,employee_win,employee_win,yes,no
2014,2014 NZERA Wellington 46,https://determinations.era.govt.nz/assets/elawpdf/2014/3e4af5df6e/2014_NZERA_Wellington_46.pdf,employee_win,employee_win,yes,no
2014,2014 NZERA Auckland 423,https://determinations.era.govt.nz/assets/elawpdf/2014/3fe8f58874/2014_NZERA_Auckland_423.pdf,employer_win,employer_win,yes,no
2014,2014 NZERA Auckland 293,https://determinations.era.govt.nz/assets/elawpdf/2014/4032378f7c/2014_NZERA_Auckland_293.pdf,employer_win,employer_win,yes,no
2014,2014 NZERA Christchurch 170,https://determinations.era.govt.nz/assets/elawpdf/2014/420320c1df/2014_NZERA_Christchurch_170.pdf,employee_win,employer_win,yes,yes
2014,2014 NZERA Christchurch 156,https://determinations.era.govt.nz/assets/elawpdf/2014/43b7725b05/2014_NZERA_Christchurch_156.pdf,employee_win,employee_win,yes,no
2014,2014 NZERA Auckland 76,https://determinations.era.govt.nz/assets/elawpdf/2014/442580e053/2014_NZERA_Auckland_76.pdf,employer_win,employee_win,yes,yes
2014,2014 NZERA Auckland 294,https://determinations.era.govt.nz/assets/elawpdf/2014/45dd3678c9/2014_NZERA_Auckland_294.pdf,employer_win,employee_win,yes,yes
2014,2014 NZERA Wellington 72,https://determinations.era.govt.nz/assets/elawpdf/2014/4abf1362b7/2014_NZERA_Wellington_72.pdf,employee_win,employer_win,yes,yes
2014,2014 NZERA Christchurch 153,https://determinations.era.govt.nz/assets/elawpdf/2014/4cdf6c6f9d/2014_NZERA_Christchurch_153.pdf,employee_win,employee_win,yes,no
2014,2014 NZERA Auckland 184,https://determinations.era.govt.nz/assets/elawpdf/2014/50925430d5/2014_NZERA_Auckland_184.pdf,employee_win,employee_win,yes,no
2014,2014 NZERA Christchurch 6,https://determinations.era.govt.nz/assets/elawpdf/2014/513844ea05/2014_NZERA_Christchurch_6.pdf,employer_win,employer_win,yes,no
2014,2014 NZERA Wellington 128,https://determinations.era.govt.nz/assets/elawpdf/2014/521217bdf4/2014_NZERA_Wellington_128.pdf,employer_win,employer_win,yes,no
2014,2014 NZERA Christchurch 173,https://determinations.era.govt.nz/assets/elawpdf/2014/524868b319/2014_NZERA_Christchurch_173.pdf,employee_win,employee_win,yes,no
2014,2014 NZERA Auckland 103,https://determinations.era.govt.nz/assets/elawpdf/2014/525dfecd42/2014_NZERA_Auckland_103.pdf,employer_win,employer_win,yes,no
2014,2014 NZERA Auckland 486,https://determinations.era.govt.nz/assets/elawpdf/2014/53bf80f7d0/2014_NZERA_Auckland_486.pdf,employee_win,employee_win,yes,no
2014,2014 NZERA Wellington 95,https://determinations.era.govt.nz/assets/elawpdf/2014/553b53de35/2014_NZERA_Wellington_95.pdf,employer_win,employee_win,yes,yes
2014,2014 NZERA Auckland 87,https://determinations.era.govt.nz/assets/elawpdf/2014/56195ccb9d/2014_NZERA_Auckland_87.pdf,employee_win,employee_win,yes,no
2014,2014 NZERA Auckland 494,https://determinations.era.govt.nz/assets/elawpdf/2014/58db75a94a/2014_NZERA_Auckland_494.pdf,employer_win,employer_win,yes,no
2014,2014 NZERA Wellington 97,https://determinations.era.govt.nz/assets/elawpdf/2014/5be0d56672/2014_NZERA_Wellington_97.pdf,employer_win,employee_win,yes,yes
2014,2014 NZERA Auckland 234,https://determinations.era.govt.nz/assets/elawpdf/2014/5cabfbe2e2/2014_NZERA_Auckland_234.pdf,employer_win,employee_win,yes,yes
2014,2014 NZERA Auckland 186,https://determinations.era.govt.nz/assets/elawpdf/2014/5d946c6c98/2014_NZERA_Auckland_186.pdf,employer_win,employer_win,yes,no
2014,2014 NZERA Christchurch 201,https://determinations.era.govt.nz/assets/elawpdf/2014/5fcffaa558/2014_NZERA_Christchurch_201.pdf,employee_win,employer_win,yes,yes
2014,2014 NZERA Auckland 379,https://determinations.era.govt.nz/assets/elawpdf/2014/5fe6732057/2014_NZERA_Auckland_379.pdf,employee_win,employee_win,yes,no
2014,2014 NZERA Auckland 495,https://determinations.era.govt.nz/assets/elawpdf/2014/606b356aa3/2014_NZERA_Auckland_495.pdf,employee_win,employee_win,yes,no
2014,2014 NZERA Auckland 440,https://determinations.era.govt.nz/assets/elawpdf/2014/63ffc874d8/2014_NZERA_Auckland_440.pdf,employee_win,employer_win,yes,yes
2014,2014 NZERA Christchurch 49,https://determinations.era.govt.nz/assets/elawpdf/2014/65710c13fa/2014_NZERA_Christchurch_49.pdf,employee_win,employee_win,yes,no
2014,2014 NZERA Christchurch 130,https://determinations.era.govt.nz/assets/elawpdf/2014/661c8ed8a7/2014_NZERA_Christchurch_130.pdf,employee_win,employee_win,yes,no
2014,2014 NZERA Auckland 445,https://determinations.era.govt.nz/assets/elawpdf/2014/67ef2906e6/2014_NZERA_Auckland_445.pdf,employer_win,employer_win,yes,no
2014,2014 NZERA Auckland 356,https://determinations.era.govt.nz/assets/elawpdf/2014/681c902783/2014_NZERA_Auckland_356.pdf,employee_win,employee_win,yes,no
2014,2014 NZERA Wellington 101,https://determinations.era.govt.nz/assets/elawpdf/2014/697a75b817/2014_NZERA_Wellington_101.pdf,employer_win,employer_win,yes,no
2014,2014 NZERA Auckland 487,https://determinations.era.govt.nz/assets/elawpdf/2014/6a8307077c/2014_NZERA_Auckland_487.pdf,employee_win,employee_win,yes,no
2014,2014 NZERA Wellington 10,https://determinations.era.govt.nz/assets/elawpdf/2014/6a85e2d056/2014_NZERA_Wellington_10.pdf,employee_win,employee_win,yes,no
2014,2014 NZERA Auckland 342,https://determinations.era.govt.nz/assets/elawpdf/2014/6be2e08b14/2014_NZERA_Auckland_342.pdf,employer_win,employer_win,yes,no
2014,2014 NZERA Auckland 44,https://determinations.era.govt.nz/assets/elawpdf/2014/6bec06117b/2014_NZERA_Auckland_44.pdf,employer_win,employer_win,yes,no
2014,2014 NZERA Christchurch 81,https://determinations.era.govt.nz/assets/elawpdf/2014/6dc4e77b54/2014_NZERA_Christchurch_81.pdf,employee_win,employer_win,yes,yes
2014,2014 NZERA Christchurch 15,https://determinations.era.govt.nz/assets/elawpdf/2014/6e6ffac74a/2014_NZERA_Christchurch_15.pdf,employee_win,employee_win,yes,no
2014,2014 NZERA Auckland 31,https://determinations.era.govt.nz/assets/elawpdf/2014/6eac4832a7/2014_NZERA_Auckland_31.pdf,employer_win,employer_win,yes,no
2014,2014 NZERA Auckland 8,https://determinations.era.govt.nz/assets/elawpdf/2014/6f835212b0/2014_NZERA_Auckland_8.pdf,employee_win,employee_win,yes,no
2014,2014 NZERA Wellington 123,https://determinations.era.govt.nz/assets/elawpdf/2014/72044ecdcf/2014_NZERA_Wellington_123.pdf,employer_win,employee_win,yes,yes
2014,2014 NZERA Auckland 167,https://determinations.era.govt.nz/assets/elawpdf/2014/721bf68ca1/2014_NZERA_Auckland_167.pdf,employee_win,employee_win,yes,no
2014,2014 NZERA Auckland 6,https://determinations.era.govt.nz/assets/elawpdf/2014/7293c6d527/2014_NZERA_Auckland_6.pdf,employer_win,employer_win,yes,no
2014,2014 NZERA Auckland 471,https://determinations.era.govt.nz/assets/elawpdf/2014/7515e85e1b/2014_NZERA_Auckland_471.pdf,employee_win,employee_win,yes,no
2014,2014 NZERA Auckland 508,https://determinations.era.govt.nz/assets/elawpdf/2014/75dc7ca246/2014_NZERA_Auckland_508.pdf,employee_win,employer_win,yes,yes
2014,2014 NZERA Auckland 470,https://determinations.era.govt.nz/assets/elawpdf/2014/775eaf1150/2014_NZERA_Auckland_470.pdf,employee_win,employee_win,yes,no
2014,2014 NZERA Auckland 298,https://determinations.era.govt.nz/assets/elawpdf/2014/77ae49b64f/2014_NZERA_Auckland_298.pdf,employee_win,employee_win,yes,no
2014,2014 NZERA Christchurch 95,https://determinations.era.govt.nz/assets/elawpdf/2014/77fa0192af/2014_NZERA_Christchurch_95.pdf,employee_win,employee_win,yes,no
2014,2014 NZERA Auckland 435,https://determinations.era.govt.nz/assets/elawpdf/2014/79d50bdb69/2014_NZERA_Auckland_435.pdf,employee_win,employer_win,yes,yes
2014,2014 NZERA Auckland 81,https://determinations.era.govt.nz/assets/elawpdf/2014/7a447a5713/2014_NZERA_Auckland_81.pdf,employee_win,employer_win,yes,yes
2014,2014 NZERA Wellington 22,https://determinations.era.govt.nz/assets/elawpdf/2014/7a6f8a332a/2014_NZERA_Wellington_22.pdf,employer_win,employer_win,yes,no
2014,2014 NZERA Auckland 20,https://determinations.era.govt.nz/assets/elawpdf/2014/7b23f3163d/2014_NZERA_Auckland_20.pdf,employee_win,employee_win,yes,no
2014,2014 NZERA Auckland 7,https://determinations.era.govt.nz/assets/elawpdf/2014/7e64b6a0ca/2014_NZERA_Auckland_7.pdf,employee_win,employer_win,yes,yes
2014,2014 NZERA Auckland 205,https://determinations.era.govt.nz/assets/elawpdf/2014/7ec26418f6/2014_NZERA_Auckland_205.pdf,employee_win,employer_win,yes,yes
2014,2014 NZERA Auckland 221,https://determinations.era.govt.nz/assets/elawpdf/2014/7eca71fd88/2014_NZERA_Auckland_221.pdf,employee_win,employee_win,yes,no
2014,2014 NZERA Auckland 502,https://determinations.era.govt.nz/assets/elawpdf/2014/7f407455e1/2014_NZERA_Auckland_502.pdf,employee_win,employee_win,yes,no
2014,2014 NZERA Wellington 4,https://determinations.era.govt.nz/assets/elawpdf/2014/8167310a51/2014_NZERA_Wellington_4.pdf,employee_win,employee_win,yes,no
2014,2014 NZERA Auckland 310,https://determinations.era.govt.nz/assets/elawpdf/2014/81fc973804/2014_NZERA_Auckland_310.pdf,employee_win,employer_win,yes,yes
2014,2014 NZERA Christchurch 28,https://determinations.era.govt.nz/assets/elawpdf/2014/821e43fc60/2014_NZERA_Christchurch_28.pdf,employee_win,employee_win,yes,no
2014,2014 NZERA Christchurch 107,https://determinations.era.govt.nz/assets/elawpdf/2014/83445b2341/2014_NZERA_Christchurch_107.pdf,employer_win,employee_win,yes,yes
2014,2014 NZERA Christchurch 137,https://determinations.era.govt.nz/assets/elawpdf/2014/8345366815/2014_NZERA_Christchurch_137.pdf,employee_win,employee_win,yes,no
2014,2014 NZERA Christchurch 58,https://determinations.era.govt.nz/assets/elawpdf/2014/8372f8808f/2014_NZERA_Christchurch_58.pdf,employee_win,employee_win,yes,no
2014,2014 NZERA Auckland 328,https://determinations.era.govt.nz/assets/elawpdf/2014/86373998c2/2014_NZERA_Auckland_328.pdf,employee_win,employee_win,yes,no
2014,2014 NZERA Auckland 62,https://determinations.era.govt.nz/assets/elawpdf/2014/8774b01bf6/2014_NZERA_Auckland_62.pdf,employee_win,employee_win,yes,no
2014,2014 NZERA Auckland 365,https://determinations.era.govt.nz/assets/elawpdf/2014/8c6322e6a2/2014_NZERA_Auckland_365.pdf,employer_win,employer_win,yes,no
2014,2014 NZERA Auckland 224,https://determinations.era.govt.nz/assets/elawpdf/2014/8cceafd489/2014_NZERA_Auckland_224.pdf,employee_win,employee_win,yes,no
2014,2014 NZERA Auckland 59,https://determinations.era.govt.nz/assets/elawpdf/2014/8d6222766f/2014_NZERA_Auckland_59.pdf,employee_win,employer_win,yes,yes
2014,2014 NZERA Christchurch 1,https://determinations.era.govt.nz/assets/elawpdf/2014/8f81ffcb4a/2014_NZERA_Christchurch_1.pdf,employer_win,employer_win,yes,no
2014,2014 NZERA Christchurch 101,https://determinations.era.govt.nz/assets/elawpdf/2014/8fc60f8445/2014_NZERA_Christchurch_101.pdf,employee_win,employee_win,yes,no
2014,2014 NZERA Auckland 16,https://determinations.era.govt.nz/assets/elawpdf/2014/8fd19146d0/2014_NZERA_Auckland_16.pdf,employer_win,employer_win,yes,no
2014,2014 NZERA Wellington 110,https://determinations.era.govt.nz/assets/elawpdf/2014/90ffec30dd/2014_NZERA_Wellington_110.pdf,employee_win,employer_win,yes,yes
2014,2014 NZERA Auckland 203,https://determinations.era.govt.nz/assets/elawpdf/2014/92e128a341/2014_NZERA_Auckland_203.pdf,employee_win,employee_win,yes,no
2014,2014 NZERA Christchurch 213,https://determinations.era.govt.nz/assets/elawpdf/2014/93a0b3e49d/2014_NZERA_Christchurch_213.pdf,employee_win,employee_win,yes,no
2014,2014 NZERA Christchurch 89,https://determinations.era.govt.nz/assets/elawpdf/2014/93e4a45d14/2014_NZERA_Christchurch_89.pdf,employer_win,employer_win,yes,no
2014,2014 NZERA Christchurch 147,https://determinations.era.govt.nz/assets/elawpdf/2014/947e047c01/2014_NZERA_Christchurch_147.pdf,employee_win,employee_win,yes,no
2014,2014 NZERA Christchurch 12,https://determinations.era.govt.nz/assets/elawpdf/2014/94e4eb40bc/2014_NZERA_Christchurch_12.pdf,employee_win,employee_win,yes,no
2014,2014 NZERA Auckland 23,https://determinations.era.govt.nz/assets/elawpdf/2014/96cae21140/2014_NZERA_Auckland_23.pdf,employee_win,employee_win,yes,no
2014,2014 NZERA Auckland 162,https://determinations.era.govt.nz/assets/elawpdf/2014/98433b9689/2014_NZERA_Auckland_162.pdf,employee_win,employee_win,yes,no
2014,2014 NZERA Auckland 4,https://determinations.era.govt.nz/assets/elawpdf/2014/9905c88764/2014_NZERA_Auckland_4.pdf,employee_win,employer_win,yes,yes
2014,2014 NZERA Christchurch 182,https://determinations.era.govt.nz/assets/elawpdf/2014/99c5e28d03/2014_NZERA_Christchurch_182.pdf,employer_win,employee_win,yes,yes
2014,2014 NZERA Auckland 119,https://determinations.era.govt.nz/assets/elawpdf/2014/99d6a07567/2014_NZERA_Auckland_119.pdf,employee_win,employee_win,yes,no
2014,2014 NZERA Christchurch 9,https://determinations.era.govt.nz/assets/elawpdf/2014/9ad19e8623/2014_NZERA_Christchurch_9.pdf,employee_win,employee_win,yes,no
2014,2014 NZERA Wellington 133,https://determinations.era.govt.nz/assets/elawpdf/2014/9c03afdc24/2014_NZERA_Wellington_133.pdf,employer_win,employee_win,yes,yes
2014,2014 NZERA Wellington 73,https://determinations.era.govt.nz/assets/elawpdf/2014/9ccf13dd4f/2014_NZERA_Wellington_73.pdf,employee_win,employee_win,yes,no
2014,2014 NZERA Christchurch 44,https://determinations.era.govt.nz/assets/elawpdf/2014/9f3f876a46/2014_NZERA_Christchurch_44.pdf,employee_win,employee_win,yes,no
2014,2014 NZERA Christchurch 186,https://determinations.era.govt.nz/assets/elawpdf/2014/a1823456fd/2014_NZERA_Christchurch_186.pdf,employee_win,employee_win,yes,no
2014,2014 NZERA Auckland 152,https://determinations.era.govt.nz/assets/elawpdf/2014/a36d4571ca/2014_NZERA_Auckland_152.pdf,employee_win,employee_win,yes,no
2014,2014 NZERA Wellington 129,https://determinations.era.govt.nz/assets/elawpdf/2014/a4315eb28b/2014_NZERA_Wellington_129.pdf,employee_win,employee_win,yes,no
2014,2014 NZERA Auckland 476,https://determinations.era.govt.nz/assets/elawpdf/2014/a4c680f416/2014_NZERA_Auckland_476.pdf,employee_win,employee_win,yes,no
2014,2014 NZERA Christchurch 97,https://determinations.era.govt.nz/assets/elawpdf/2014/a6e540ea2f/2014_NZERA_Christchurch_97.pdf,employer_win,employer_win,yes,no
2014,2014 NZERA Wellington 7,https://determinations.era.govt.nz/assets/elawpdf/2014/a73382ac4a/2014_NZERA_Wellington_7.pdf,employee_win,employee_win,yes,no
2014,2014 NZERA Christchurch 96,https://determinations.era.govt.nz/assets/elawpdf/2014/a8a4182067/2014_NZERA_Christchurch_96.pdf,employee_win,employee_win,yes,no
2014,2014 NZERA Wellington 96,https://determinations.era.govt.nz/assets/elawpdf/2014/a9ca422281/2014_NZERA_Wellington_96.pdf,employee_win,employee_win,yes,no
2014,2014 NZERA Christchurch 8,https://determinations.era.govt.nz/assets/elawpdf/2014/aa2102486e/2014_NZERA_Christchurch_8.pdf,employee_win,employee_win,yes,no
2014,2014 NZERA Auckland 147,https://determinations.era.govt.nz/assets/elawpdf/2014/aa44d6cab1/2014_NZERA_Auckland_147.pdf,employee_win,employee_win,yes,no
2014,2014 NZERA Auckland 235,https://determinations.era.govt.nz/assets/elawpdf/2014/aa71d0afcc/2014_NZERA_Auckland_235.pdf,employer_win,employer_win,yes,no
2014,2014 NZERA Auckland 231,https://determinations.era.govt.nz/assets/elawpdf/2014/aa784cf056/2014_NZERA_Auckland_231.pdf,employee_win,employee_win,yes,no
2014,2014 NZERA Auckland 339,https://determinations.era.govt.nz/assets/elawpdf/2014/aaf2260d28/2014_NZERA_Auckland_339.pdf,employer_win,employer_win,yes,no
2014,2014 NZERA Wellington 2,https://determinations.era.govt.nz/assets/elawpdf/2014/aca95ffb37/2014_NZERA_Wellington_2.pdf,employee_win,employee_win,yes,no
2014,2014 NZERA Auckland 330,https://determinations.era.govt.nz/assets/elawpdf/2014/ae34f67a56/2014_NZERA_Auckland_330.pdf,employee_win,employee_win,yes,no
2014,2014 NZERA Auckland 195,https://determinations.era.govt.nz/assets/elawpdf/2014/b03f126e83/2014_NZERA_Auckland_195.pdf,employee_win,employee_win,yes,no
2014,2014 NZERA Christchurch 165,https://determinations.era.govt.nz/assets/elawpdf/2014/b3e9f26111/2014_NZERA_Christchurch_165.pdf,employee_win,employer_win,yes,yes
2014,2014 NZERA Auckland 366,https://determinations.era.govt.nz/assets/elawpdf/2014/b46bbc26b9/2014_NZERA_Auckland_366.pdf,employee_win,employee_win,yes,no
2014,2014 NZERA Christchurch 216,https://determinations.era.govt.nz/assets/elawpdf/2014/b5dad74c67/2014_NZERA_Christchurch_216.pdf,employee_win,employee_win,yes,no
2014,2014 NZERA Auckland 376,https://determinations.era.govt.nz/assets/elawpdf/2014/b66a09092a/2014_NZERA_Auckland_376.pdf,employer_win,employee_win,yes,yes
2014,2014 NZERA Auckland 441,https://determinations.era.govt.nz/assets/elawpdf/2014/b74a823dee/2014_NZERA_Auckland_441.pdf,employer_win,employer_win,yes,no
2014,2014 NZERA Wellington 89,https://determinations.era.govt.nz/assets/elawpdf/2014/b7f66976e4/2014_NZERA_Wellington_89.pdf,employee_win,employee_win,yes,no
2014,2014 NZERA Christchurch 143,https://determinations.era.govt.nz/assets/elawpdf/2014/b8ab0b50ee/2014_NZERA_Christchurch_143.pdf,employee_win,employee_win,yes,no
2014,2014 NZERA Christchurch 142,https://determinations.era.govt.nz/assets/elawpdf/2014/be5c447163/2014_NZERA_Christchurch_142.pdf,employee_win,employee_win,yes,no
2014,2014 NZERA Christchurch 100,https://determinations.era.govt.nz/assets/elawpdf/2014/bf2b077470/2014_NZERA_Christchurch_100.pdf,employee_win,employee_win,yes,no
2014,2014 NZERA Christchurch 63,https://determinations.era.govt.nz/assets/elawpdf/2014/c08e11c33f/2014_NZERA_Christchurch_63.pdf,employee_win,employer_win,yes,yes
2014,2014 NZERA Wellington 56,https://determinations.era.govt.nz/assets/elawpdf/2014/c417e6a0e1/2014_NZERA_Wellington_56.pdf,employee_win,employee_win,yes,no
2014,2014 NZERA Auckland 443,https://determinations.era.govt.nz/assets/elawpdf/2014/c426884b6f/2014_NZERA_Auckland_443.pdf,employee_win,employer_win,yes,yes
2014,2014 NZERA Auckland 408,https://determinations.era.govt.nz/assets/elawpdf/2014/c46fe9d067/2014_NZERA_Auckland_408.pdf,employer_win,employer_win,yes,no
2014,2014 NZERA Auckland 442,https://determinations.era.govt.nz/assets/elawpdf/2014/c48987e12c/2014_NZERA_Auckland_442.pdf,employer_win,employer_win,yes,no
2014,2014 NZERA Christchurch 60,https://determinations.era.govt.nz/assets/elawpdf/2014/c4eeab714d/2014_NZERA_Christchurch_60.pdf,employee_win,employee_win,yes,no
2014,2014 NZERA Auckland 10,https://determinations.era.govt.nz/assets/elawpdf/2014/c514e28755/2014_NZERA_Auckland_10.pdf,employee_win,employee_win,yes,no
2014,2014 NZERA Auckland 106,https://determinations.era.govt.nz/assets/elawpdf/2014/c55e24b105/2014_NZERA_Auckland_106.pdf,employee_win,employee_win,yes,no
2014,2014 NZERA Auckland 42,https://determinations.era.govt.nz/assets/elawpdf/2014/c6692c9ee0/2014_NZERA_Auckland_42.pdf,employer_win,employee_win,yes,yes
2014,2014 NZERA Christchurch 150,https://determinations.era.govt.nz/assets/elawpdf/2014/c6e880d674/2014_NZERA_Christchurch_150.pdf,employee_win,employer_win,yes,yes
2014,2014 NZERA Christchurch 98,https://determinations.era.govt.nz/assets/elawpdf/2014/c6fc624162/2014_NZERA_Christchurch_98.pdf,employer_win,employer_win,yes,no
2014,2014 NZERA Wellington 37,https://determinations.era.govt.nz/assets/elawpdf/2014/c76b759b6e/2014_NZERA_Wellington_37.pdf,employer_win,employer_win,yes,no
2014,2014 NZERA Auckland 288,https://determinations.era.govt.nz/assets/elawpdf/2014/c929dd4380/2014_NZERA_Auckland_288.pdf,employee_win,employee_win,yes,no
2014,2014 NZERA Auckland 5,https://determinations.era.govt.nz/assets/elawpdf/2014/c9986882f4/2014_NZERA_Auckland_5.pdf,employee_win,employee_win,yes,no
2014,2014 NZERA Auckland 501,https://determinations.era.govt.nz/assets/elawpdf/2014/cc76716399/2014_NZERA_Auckland_501.pdf,employer_win,employee_win,yes,yes
2014,2014 NZERA Auckland 216,https://determinations.era.govt.nz/assets/elawpdf/2014/cdd5903d60/2014_NZERA_Auckland_216.pdf,employee_win,employee_win,yes,no
2014,2014 NZERA Wellington 75,https://determinations.era.govt.nz/assets/elawpdf/2014/ce9166da18/2014_NZERA_Wellington_75.pdf,employee_win,employee_win,yes,no
2014,2014 NZERA Auckland 74,https://determinations.era.govt.nz/assets/elawpdf/2014/cea3a5d38d/2014_NZERA_Auckland_74.pdf,employee_win,employee_win,yes,no
2014,2014 NZERA Auckland 503,https://determinations.era.govt.nz/assets/elawpdf/2014/ced43dfee2/2014_NZERA_Auckland_503.pdf,employer_win,employer_win,yes,no
2014,2014 NZERA Auckland 340,https://determinations.era.govt.nz/assets/elawpdf/2014/d0254529fc/2014_NZERA_Auckland_340.pdf,employee_win,employee_win,yes,no
2014,2014 NZERA Wellington 36,https://determinations.era.govt.nz/assets/elawpdf/2014/d275d0fef6/2014_NZERA_Wellington_36.pdf,employee_win,employee_win,yes,no
2014,2014 NZERA Auckland 140,https://determinations.era.govt.nz/assets/elawpdf/2014/d29e14bad4/2014_NZERA_Auckland_140.pdf,employer_win,employer_win,yes,no
2014,2014 NZERA Auckland 526,https://determinations.era.govt.nz/assets/elawpdf/2014/d45f48bb68/2014_NZERA_Auckland_526.pdf,employee_win,employee_win,yes,no
2014,2014 NZERA Wellington 91,https://determinations.era.govt.nz/assets/elawpdf/2014/d69f1cb0bd/2014_NZERA_Wellington_91.pdf,employee_win,employee_win,yes,no
2014,2014 NZERA Auckland 415,https://determinations.era.govt.nz/assets/elawpdf/2014/da61bdce84/2014_NZERA_Auckland_415.pdf,employee_win,employee_win,yes,no
2014,2014 NZERA Auckland 198,https://determinations.era.govt.nz/assets/elawpdf/2014/db54d4a7ad/2014_NZERA_Auckland_198.pdf,employee_win,employee_win,yes,no
2014,2014 NZERA Auckland 36,https://determinations.era.govt.nz/assets/elawpdf/2014/dc86983c01/2014_NZERA_Auckland_36.pdf,employee_win,employee_win,yes,no
2014,2014 NZERA Auckland 41,https://determinations.era.govt.nz/assets/elawpdf/2014/dcad2b6f29/2014_NZERA_Auckland_41.pdf,employer_win,employer_win,yes,no
2014,2014 NZERA Christchurch 146,https://determinations.era.govt.nz/assets/elawpdf/2014/df1b14cda8/2014_NZERA_Christchurch_146.pdf,employer_win,employee_win,yes,yes
2014,2014 NZERA Auckland 303,https://determinations.era.govt.nz/assets/elawpdf/2014/df98bd92bf/2014_NZERA_Auckland_303.pdf,employee_win,employee_win,yes,no
2014,2014 NZERA Auckland 172,https://determinations.era.govt.nz/assets/elawpdf/2014/e05ed57cd2/2014_NZERA_Auckland_172.pdf,employer_win,employer_win,yes,no
2014,2014 NZERA Auckland 325,https://determinations.era.govt.nz/assets/elawpdf/2014/e084bb23ac/2014_NZERA_Auckland_325.pdf,employer_win,employer_win,yes,no
2014,2014 NZERA Wellington 130,https://determinations.era.govt.nz/assets/elawpdf/2014/e0c7548154/2014_NZERA_Wellington_130.pdf,employee_win,employer_win,yes,yes
2014,2014 NZERA Auckland 515,https://determinations.era.govt.nz/assets/elawpdf/2014/e165d86494/2014_NZERA_Auckland_515.pdf,employer_win,employer_win,yes,no
2014,2014 NZERA Auckland 19,https://determinations.era.govt.nz/assets/elawpdf/2014/e183951237/2014_NZERA_Auckland_19.pdf,employer_win,employer_win,yes,no
2014,2014 NZERA Auckland 351,https://determinations.era.govt.nz/assets/elawpdf/2014/e309b408e5/2014_NZERA_Auckland_351.pdf,employer_win,employer_win,yes,no
2014,2014 NZERA Auckland 424,https://determinations.era.govt.nz/assets/elawpdf/2014/e326773c8c/2014_NZERA_Auckland_424.pdf,employer_win,employer_win,yes,no
2014,2014 NZERA Auckland 110,https://determinations.era.govt.nz/assets/elawpdf/2014/e46d3a3316/2014_NZERA_Auckland_110.pdf,employee_win,employee_win,yes,no
2014,2014 NZERA Christchurch 51,https://determinations.era.govt.nz/assets/elawpdf/2014/e49b8bb555/2014_NZERA_Christchurch_51.pdf,employer_win,employee_win,yes,yes
2014,2014 NZERA Wellington 134,https://determinations.era.govt.nz/assets/elawpdf/2014/e4dc3d5c3b/2014_NZERA_Wellington_134.pdf,employee_win,employee_win,yes,no
2014,2014 NZERA Christchurch 128,https://determinations.era.govt.nz/assets/elawpdf/2014/e7213ce9de/2014_NZERA_Christchurch_128.pdf,employee_win,employee_win,yes,no
2014,2014 NZERA Auckland 256,https://determinations.era.govt.nz/assets/elawpdf/2014/e75620249e/2014_NZERA_Auckland_256.pdf,employer_win,employer_win,yes,no
2014,2014 NZERA Auckland 129,https://determinations.era.govt.nz/assets/elawpdf/2014/e796ae3252/2014_NZERA_Auckland_129.pdf,employee_win,employer_win,yes,yes
2014,2014 NZERA Auckland 191,https://determinations.era.govt.nz/assets/elawpdf/2014/e85b090b87/2014_NZERA_Auckland_191.pdf,employee_win,employee_win,yes,no
2014,2014 NZERA Auckland 136,https://determinations.era.govt.nz/assets/elawpdf/2014/e866f05e1a/2014_NZERA_Auckland_136.pdf,employer_win,employer_win,yes,no
2014,2014 NZERA Auckland 341,https://determinations.era.govt.nz/assets/elawpdf/2014/e9799b9998/2014_NZERA_Auckland_341.pdf,employee_win,employee_win,yes,no
2014,2014 NZERA Auckland 265,https://determinations.era.govt.nz/assets/elawpdf/2014/e9a2f8b685/2014_NZERA_Auckland_265.pdf,employee_win,employer_win,yes,yes
2014,2014 NZERA Auckland 437,https://determinations.era.govt.nz/assets/elawpdf/2014/ea356bff65/2014_NZERA_Auckland_437.pdf,employee_win,employer_win,yes,yes
2014,2014 NZERA Auckland 86,https://determinations.era.govt.nz/assets/elawpdf/2014/eb9062382f/2014_NZERA_Auckland_86.pdf,employee_win,employee_win,yes,no
2014,2014 NZERA Auckland 207,https://determinations.era.govt.nz/assets/elawpdf/2014/ebbdb7752b/2014_NZERA_Auckland_207.pdf,employer_win,employee_win,yes,yes
2014,2014 NZERA Wellington 64,https://determinations.era.govt.nz/assets/elawpdf/2014/ec54e3a081/2014_NZERA_Wellington_64.pdf,employer_win,employer_win,yes,no
2014,2014 NZERA Auckland 456,https://determinations.era.govt.nz/assets/elawpdf/2014/edc54c6cf6/2014_NZERA_Auckland_456.pdf,employee_win,employee_win,yes,no
2014,2014 NZERA Auckland 160,https://determinations.era.govt.nz/assets/elawpdf/2014/ee38c08554/2014_NZERA_Auckland_160.pdf,employee_win,employer_win,yes,yes
2014,2014 NZERA Christchurch 152,https://determinations.era.govt.nz/assets/elawpdf/2014/ee89a20300/2014_NZERA_Christchurch_152.pdf,employee_win,employee_win,yes,no
2014,2014 NZERA Auckland 481,https://determinations.era.govt.nz/assets/elawpdf/2014/ee9b314314/2014_NZERA_Auckland_481.pdf,employer_win,employer_win,yes,no
2014,2014 NZERA Wellington 14,https://determinations.era.govt.nz/assets/elawpdf/2014/f153e0f327/2014_NZERA_Wellington_14.pdf,employee_win,employee_win,yes,no
2014,2014 NZERA Christchurch 66,https://determinations.era.govt.nz/assets/elawpdf/2014/f1cf5e51a7/2014_NZERA_Christchurch_66.pdf,employee_win,employee_win,yes,no
2014,2014 NZERA Auckland 85,https://determinations.era.govt.nz/assets/elawpdf/2014/f2940407cf/2014_NZERA_Auckland_85.pdf,employee_win,employee_win,yes,no
2014,2014 NZERA Wellington 49,https://determinations.era.govt.nz/assets/elawpdf/2014/f2c502db13/2014_NZERA_Wellington_49.pdf,employer_win,employee_win,yes,yes
2014,2014 NZERA Auckland 373,https://determinations.era.govt.nz/assets/elawpdf/2014/f45ae62120/2014_NZERA_Auckland_373.pdf,employer_win,employee_win,yes,yes
2014,2014 NZERA Auckland 311,https://determinations.era.govt.nz/assets/elawpdf/2014/f51673d64b/2014_NZERA_Auckland_311.pdf,employer_win,employee_win,yes,yes
2014,2014 NZERA Auckland 95,https://determinations.era.govt.nz/assets/elawpdf/2014/f56637942d/2014_NZERA_Auckland_95.pdf,employer_win,employer_win,yes,no
2014,2014 NZERA Auckland 307,https://determinations.era.govt.nz/assets/elawpdf/2014/f6245cf20c/2014_NZERA_Auckland_307.pdf,employer_win,employee_win,yes,yes
2014,2014 NZERA Auckland 156,https://determinations.era.govt.nz/assets/elawpdf/2014/f64d1ccae4/2014_NZERA_Auckland_156.pdf,employee_win,employee_win,yes,no
2014,2014 NZERA Auckland 53,https://determinations.era.govt.nz/assets/elawpdf/2014/f65bcf29a4/2014_NZERA_Auckland_53.pdf,employee_win,employee_win,yes,no
2014,2014 NZERA Auckland 2,https://determinations.era.govt.nz/assets/elawpdf/2014/f65c4d4903/2014_NZERA_Auckland_2.pdf,employee_win,employer_win,yes,yes
2014,2014 NZERA Auckland 285,https://determinations.era.govt.nz/assets/elawpdf/2014/f66dea8ed2/2014_NZERA_Auckland_285.pdf,employee_win,employee_win,yes,no
2014,2014 NZERA Wellington 40,https://determinations.era.govt.nz/assets/elawpdf/2014/f7c6a6ca72/2014_NZERA_Wellington_40.pdf,employee_win,employee_win,yes,no
2014,2014 NZERA Auckland 188,https://determinations.era.govt.nz/assets/elawpdf/2014/f88394a2a5/2014_NZERA_Auckland_188.pdf,employee_win,employer_win,yes,yes
2014,2014 NZERA Auckland 35,https://determinations.era.govt.nz/assets/elawpdf/2014/f95dce018e/2014_NZERA_Auckland_35.pdf,employee_win,employee_win,yes,no
2014,2014 NZERA Auckland 469,https://determinations.era.govt.nz/assets/elawpdf/2014/f962812805/2014_NZERA_Auckland_469.pdf,employee_win,employee_win,yes,no
2014,2014 NZERA Auckland 40,https://determinations.era.govt.nz/assets/elawpdf/2014/fa3ddf96b0/2014_NZERA_Auckland_40.pdf,employer_win,employer_win,yes,no
2014,2014 NZERA Christchurch 187,https://determinations.era.govt.nz/assets/elawpdf/2014/fb89643eb1/2014_NZERA_Christchurch_187.pdf,employee_win,employee_win,yes,no
2014,2014 NZERA Christchurch 131,https://determinations.era.govt.nz/assets/elawpdf/2014/fce77d29de/2014_NZERA_Christchurch_131.pdf,employer_win,employee_win,yes,yes
2014,2014 NZERA Auckland 197,https://determinations.era.govt.nz/assets/elawpdf/2014/fe2b2bccd0/2014_NZERA_Auckland_197.pdf,employee_win,employee_win,yes,no
2014,2014 NZERA Auckland 63,https://determinations.era.govt.nz/assets/elawpdf/2014/fe2e8fd000/2014_NZERA_Auckland_63.pdf,employee_win,employee_win,yes,no
2014,2014 NZERA Auckland 204,https://determinations.era.govt.nz/assets/elawpdf/2014/fe2ef36c23/2014_NZERA_Auckland_204.pdf,employee_win,employee_win,yes,no
2014,2014 NZERA Christchurch 205,https://determinations.era.govt.nz/assets/elawpdf/2014/fed0da46f6/2014_NZERA_Christchurch_205.pdf,employee_win,employee_win,yes,no
2014,2014 NZERA Auckland 404,https://determinations.era.govt.nz/assets/elawpdf/2014/ff750aa3fd/2014_NZERA_Auckland_404.pdf,employee_win,employee_win,yes,no
2015,2015 NZERA Auckland 122,https://determinations.era.govt.nz/assets/elawpdf/2015/02cda22ba1/2015_NZERA_Auckland_122.pdf,employee_win,employee_win,yes,no
2015,2015 NZERA Auckland 25,https://determinations.era.govt.nz/assets/elawpdf/2015/047da03c6f/2015_NZERA_Auckland_25.pdf,employee_win,employee_win,yes,no
2015,2015 NZERA Auckland 286,https://determinations.era.govt.nz/assets/elawpdf/2015/06da4b44d4/2015_NZERA_Auckland_286.pdf,employee_win,employee_win,yes,no
2015,2015 NZERA Wellington 45,https://determinations.era.govt.nz/assets/elawpdf/2015/0741a56dfa/2015_NZERA_Wellington_45.pdf,employee_win,employee_win,yes,no
2015,2015 NZERA Christchurch 50,https://determinations.era.govt.nz/assets/elawpdf/2015/0a7f02d942/2015_NZERA_Christchurch_50.pdf,employee_win,employee_win,yes,no
2015,2015 NZERA Auckland 475,https://determinations.era.govt.nz/assets/elawpdf/2015/0bbeda55b2/2015_NZERA_Auckland_475.pdf,employer_win,employer_win,yes,no
2015,2015 NZERA Auckland 28,https://determinations.era.govt.nz/assets/elawpdf/2015/0c09156a7e/2015_NZERA_Auckland_28.pdf,employer_win,employee_win,yes,yes
2015,2015 NZERA Auckland 315,https://determinations.era.govt.nz/assets/elawpdf/2015/0dcad3bc29/2015_NZERA_Auckland_315.pdf,employer_win,employer_win,yes,no
2015,2015 NZERA Auckland 95,https://determinations.era.govt.nz/assets/elawpdf/2015/0e7cdf351f/2015_NZERA_Auckland_95.pdf,employee_win,employee_win,yes,no
2015,2015 NZERA Christchurch 164,https://determinations.era.govt.nz/assets/elawpdf/2015/0f3e7333fe/2015_NZERA_Christchurch_164.pdf,employee_win,employee_win,yes,no
2015,2015 NZERA Auckland 124,https://determinations.era.govt.nz/assets/elawpdf/2015/0f91995c5a/2015_NZERA_Auckland_124.pdf,employer_win,employer_win,yes,no
2015,2015 NZERA Auckland 130,https://determinations.era.govt.nz/assets/elawpdf/2015/127d5d30a1/2015_NZERA_Auckland_130.pdf,employer_win,employer_win,yes,no
2015,2015 NZERA Christchurch 183,https://determinations.era.govt.nz/assets/elawpdf/2015/134021eb3e/2015_NZERA_Christchurch_183.pdf,employee_win,employee_win,yes,no
2015,2015 NZERA Auckland 269,https://determinations.era.govt.nz/assets/elawpdf/2015/1559d426d9/2015_NZERA_Auckland_269.pdf,employer_win,employee_win,yes,yes
2015,2015 NZERA Auckland 237,https://determinations.era.govt.nz/assets/elawpdf/2015/16b9ea7d79/2015_NZERA_Auckland_237.pdf,employer_win,employer_win,yes,no
2015,2015 NZERA Christchurch 187,https://determinations.era.govt.nz/assets/elawpdf/2015/17ffabef9f/2015_NZERA_Christchurch_187.pdf,employee_win,employee_win,yes,no
2015,2015 NZERA Christchurch 140,https://determinations.era.govt.nz/assets/elawpdf/2015/1a0cc27afb/2015_NZERA_Christchurch_140.pdf,employee_win,employee_win,yes,no
2015,2015 NZERA Auckland 77,https://determinations.era.govt.nz/assets/elawpdf/2015/1c29d4f0e4/2015_NZERA_Auckland_77.pdf,employer_win,employer_win,yes,no
2015,2015 NZERA Auckland 248,https://determinations.era.govt.nz/assets/elawpdf/2015/1ca45d5f1d/2015_NZERA_Auckland_248.pdf,employer_win,employee_win,yes,yes
2015,2015 NZERA Christchurch 161,https://determinations.era.govt.nz/assets/elawpdf/2015/1cbf7694ab/2015_NZERA_Christchurch_161.pdf,employee_win,employee_win,yes,no
2015,2015 NZERA Christchurch 160,https://determinations.era.govt.nz/assets/elawpdf/2015/1cd440a0ff/2015_NZERA_Christchurch_160.pdf,employee_win,employee_win,yes,no
2015,2015 NZERA Wellington 2,https://determinations.era.govt.nz/assets/elawpdf/2015/1e4e489142/2015_NZERA_Wellington_2.pdf,employer_win,employee_win,yes,yes
2015,2015 NZERA Wellington 69,https://determinations.era.govt.nz/assets/elawpdf/2015/2032c79c62/2015_NZERA_Wellington_69.pdf,employer_win,employee_win,yes,yes
2015,2015 NZERA Christchurch 17,https://determinations.era.govt.nz/assets/elawpdf/2015/218343c8e1/2015_NZERA_Christchurch_17.pdf,employee_win,employer_win,yes,yes
2015,2015 NZERA Auckland 216,https://determinations.era.govt.nz/assets/elawpdf/2015/23c8b310bd/2015_NZERA_Auckland_216.pdf,employee_win,employee_win,yes,no
2015,2015 NZERA Auckland 115,https://determinations.era.govt.nz/assets/elawpdf/2015/2440b15ac5/2015_NZERA_Auckland_115.pdf,employee_win,employee_win,yes,no
2015,2015 NZERA Auckland 198,https://determinations.era.govt.nz/assets/elawpdf/2015/2507bc0ce6/2015_NZERA_Auckland_198.pdf,employee_win,employee_win,yes,no
2015,2015 NZERA Auckland 323,https://determinations.era.govt.nz/assets/elawpdf/2015/280abfbb99/2015_NZERA_Auckland_323.pdf,employer_win,employee_win,yes,yes
2015,2015 NZERA Christchurch 4,https://determinations.era.govt.nz/assets/elawpdf/2015/2848614058/2015_NZERA_Christchurch_4.pdf,employee_win,employer_win,yes,yes
2015,2015 NZERA Christchurch 55,https://determinations.era.govt.nz/assets/elawpdf/2015/2c21b57f46/2015_NZERA_Christchurch_55.pdf,employer_win,employer_win,yes,no
2015,2015 NZERA Auckland 12,https://determinations.era.govt.nz/assets/elawpdf/2015/2c633bbeeb/2015_NZERA_Auckland_12.pdf,employee_win,employee_win,yes,no
2015,2015 NZERA Auckland 228,https://determinations.era.govt.nz/assets/elawpdf/2015/2f32adf8ea/2015_NZERA_Auckland_228.pdf,employee_win,employee_win,yes,no
2015,2015 NZERA Auckland 71,https://determinations.era.govt.nz/assets/elawpdf/2015/300a3a519c/2015_NZERA_Auckland_71.pdf,employer_win,employer_win,yes,no
2015,2015 NZERA Auckland 250,https://determinations.era.govt.nz/assets/elawpdf/2015/31d7a1ce80/2015_NZERA_Auckland_250.pdf,employee_win,employee_win,yes,no
2015,2015 NZERA Auckland 81,https://determinations.era.govt.nz/assets/elawpdf/2015/328649007e/2015_NZERA_Auckland_81.pdf,employer_win,employer_win,yes,no
2015,2015 NZERA Christchurch 128,https://determinations.era.govt.nz/assets/elawpdf/2015/3623bc4492/2015_NZERA_Christchurch_128.pdf,employer_win,employer_win,yes,no
2015,2015 NZERA Christchurch 189,https://determinations.era.govt.nz/assets/elawpdf/2015/3755ead7da/2015_NZERA_Christchurch_189.pdf,employee_win,employee_win,yes,no
2015,2015 NZERA Auckland 281,https://determinations.era.govt.nz/assets/elawpdf/2015/37d49aa167/2015_NZERA_Auckland_281.pdf,employer_win,employer_win,yes,no
2015,2015 NZERA Auckland 392,https://determinations.era.govt.nz/assets/elawpdf/2015/39d3b5fe66/2015_NZERA_Auckland_392.pdf,employee_win,employee_win,yes,no
2015,2015 NZERA Auckland 259,https://determinations.era.govt.nz/assets/elawpdf/2015/3a69b30dc9/2015_NZERA_Auckland_259.pdf,employer_win,employee_win,yes,yes
2015,2015 NZERA Auckland 168,https://determinations.era.govt.nz/assets/elawpdf/2015/3a73c6bdf0/2015_NZERA_Auckland_168.pdf,employee_win,employee_win,yes,no
2015,2015 NZERA Wellington 84,https://determinations.era.govt.nz/assets/elawpdf/2015/3a80c5d942/2015_NZERA_Wellington_84.pdf,employee_win,employee_win,yes,no
2015,2015 NZERA Christchurch 206,https://determinations.era.govt.nz/assets/elawpdf/2015/3afb0efbed/2015_NZERA_Christchurch_206.pdf,employee_win,employee_win,yes,no
2015,2015 NZERA Auckland 320,https://determinations.era.govt.nz/assets/elawpdf/2015/3c169dbd41/2015_NZERA_Auckland_320.pdf,employee_win,employee_win,yes,no
2015,2015 NZERA Auckland 160,https://determinations.era.govt.nz/assets/elawpdf/2015/3d27884973/2015_NZERA_Auckland_160.pdf,employer_win,employee_win,yes,yes
2015,2015 NZERA Christchurch 2,https://determinations.era.govt.nz/assets/elawpdf/2015/3d6231ddd9/2015_NZERA_Christchurch_2.pdf,employer_win,employee_win,yes,yes
2015,2015 NZERA Auckland 15,https://determinations.era.govt.nz/assets/elawpdf/2015/3de86f9141/2015_NZERA_Auckland_15.pdf,employee_win,employee_win,yes,no
2015,2015 NZERA Wellington 63,https://determinations.era.govt.nz/assets/elawpdf/2015/3f82646935/2015_NZERA_Wellington_63.pdf,employee_win,employee_win,yes,no
2015,2015 NZERA Wellington 115,https://determinations.era.govt.nz/assets/elawpdf/2015/3ffd1b7aac/2015_NZERA_Wellington_115.pdf,employer_win,employer_win,yes,no
2015,2015 NZERA Auckland 151,https://determinations.era.govt.nz/assets/elawpdf/2015/4053f55495/2015_NZERA_Auckland_151.pdf,employee_win,employee_win,yes,no
2015,2015 NZERA Auckland 265,https://determinations.era.govt.nz/assets/elawpdf/2015/427cc227f6/2015_NZERA_Auckland_265.pdf,employer_win,employee_win,yes,yes
2015,2015 NZERA Christchurch 84,https://determinations.era.govt.nz/assets/elawpdf/2015/42c5d2493d/2015_NZERA_Christchurch_84.pdf,employer_win,employee_win,yes,yes
2015,2015 NZERA Auckland 285,https://determinations.era.govt.nz/assets/elawpdf/2015/43d18fd364/2015_NZERA_Auckland_285.pdf,employee_win,employee_win,yes,no
2015,2015 NZERA Auckland 156,https://determinations.era.govt.nz/assets/elawpdf/2015/46dc157286/2015_NZERA_Auckland_156.pdf,employer_win,employer_win,yes,no
2015,2015 NZERA Auckland 294,https://determinations.era.govt.nz/assets/elawpdf/2015/48b71f5bfd/2015_NZERA_Auckland_294.pdf,employee_win,employee_win,yes,no
2015,2015 NZERA Auckland 199,https://determinations.era.govt.nz/assets/elawpdf/2015/4ae5b2e46f/2015_NZERA_Auckland_199.pdf,employer_win,employer_win,yes,no
2015,2015 NZERA Auckland 219,https://determinations.era.govt.nz/assets/elawpdf/2015/4d6d2ab4be/2015_NZERA_Auckland_219.pdf,employee_win,employer_win,yes,yes
2015,2015 NZERA Wellington 18,https://determinations.era.govt.nz/assets/elawpdf/2015/52f91df0e6/2015_NZERA_Wellington_18.pdf,employee_win,employer_win,yes,yes
2015,2015 NZERA Auckland 33,https://determinations.era.govt.nz/assets/elawpdf/2015/53e98b41f5/2015_NZERA_Auckland_33.pdf,employer_win,employee_win,yes,yes
2015,2015 NZERA Christchurch 77,https://determinations.era.govt.nz/assets/elawpdf/2015/54352f7c73/2015_NZERA_Christchurch_77.pdf,employee_win,employee_win,yes,no
2015,2015 NZERA Christchurch 186,https://determinations.era.govt.nz/assets/elawpdf/2015/54e7422639/2015_NZERA_Christchurch_186.pdf,employee_win,employee_win,yes,no
2015,2015 NZERA Auckland 311,https://determinations.era.govt.nz/assets/elawpdf/2015/55478b31ab/2015_NZERA_Auckland_311.pdf,employer_win,employer_win,yes,no
2015,2015 NZERA Christchurch 149,https://determinations.era.govt.nz/assets/elawpdf/2015/57286ba220/2015_NZERA_Christchurch_149.pdf,employee_win,employer_win,yes,yes
2015,2015 NZERA Wellington 44,https://determinations.era.govt.nz/assets/elawpdf/2015/58e6c06db7/2015_NZERA_Wellington_44.pdf,employee_win,employee_win,yes,no
2015,2015 NZERA Auckland 379,https://determinations.era.govt.nz/assets/elawpdf/2015/5915b59297/2015_NZERA_Auckland_379.pdf,employer_win,employer_win,yes,no
2015,2015 NZERA Auckland 316,https://determinations.era.govt.nz/assets/elawpdf/2015/5964136996/2015_NZERA_Auckland_316.pdf,employee_win,employee_win,yes,no
2015,2015 NZERA Auckland 20,https://determinations.era.govt.nz/assets/elawpdf/2015/59a0188233/2015_NZERA_Auckland_20.pdf,employee_win,employee_win,yes,no
2015,2015 NZERA Auckland 67,https://determinations.era.govt.nz/assets/elawpdf/2015/5c4f98d282/2015_NZERA_Auckland_67.pdf,employee_win,employee_win,yes,no
2015,2015 NZERA Christchurch 168,https://determinations.era.govt.nz/assets/elawpdf/2015/5ced9d1e52/2015_NZERA_Christchurch_168.pdf,employee_win,employee_win,yes,no
2015,2015 NZERA Auckland 223,https://determinations.era.govt.nz/assets/elawpdf/2015/5d0a723250/2015_NZERA_Auckland_223.pdf,employee_win,employee_win,yes,no
2015,2015 NZERA Auckland 93,https://determinations.era.govt.nz/assets/elawpdf/2015/5f1732b293/2015_NZERA_Auckland_93.pdf,employee_win,employee_win,yes,no
2015,2015 NZERA Wellington 88,https://determinations.era.govt.nz/assets/elawpdf/2015/61bc20382c/2015_NZERA_Wellington_88.pdf,employee_win,employee_win,yes,no
2015,2015 NZERA Wellington 109,https://determinations.era.govt.nz/assets/elawpdf/2015/645f92189d/2015_NZERA_Wellington_109.pdf,employer_win,employer_win,yes,no
2015,2015 NZERA Christchurch 124,https://determinations.era.govt.nz/assets/elawpdf/2015/655288683f/2015_NZERA_Christchurch_124.pdf,employee_win,employee_win,yes,no
2015,2015 NZERA Christchurch 18,https://determinations.era.govt.nz/assets/elawpdf/2015/6686f007d8/2015_NZERA_Christchurch_18.pdf,employee_win,employee_win,yes,no
2015,2015 NZERA Christchurch 193,https://determinations.era.govt.nz/assets/elawpdf/2015/66895e4e0b/2015_NZERA_Christchurch_193.pdf,employer_win,employer_win,yes,no
2015,2015 NZERA Auckland 331,https://determinations.era.govt.nz/assets/elawpdf/2015/6788b2a8ff/2015_NZERA_Auckland_331.pdf,employer_win,employee_win,yes,yes
2015,2015 NZERA Christchurch 41,https://determinations.era.govt.nz/assets/elawpdf/2015/67cc002ebc/2015_NZERA_Christchurch_41.pdf,employer_win,employee_win,yes,yes
2015,2015 NZERA Auckland 133,https://determinations.era.govt.nz/assets/elawpdf/2015/6836e85c23/2015_NZERA_Auckland_133.pdf,employee_win,employee_win,yes,no
2015,2015 NZERA Auckland 32,https://determinations.era.govt.nz/assets/elawpdf/2015/6ad741d042/2015_NZERA_Auckland_32.pdf,employee_win,employee_win,yes,no
2015,2015 NZERA Christchurch 70,https://determinations.era.govt.nz/assets/elawpdf/2015/6c8e03f6ec/2015_NZERA_Christchurch_70.pdf,employee_win,employee_win,yes,no
2015,2015 NZERA Christchurch 38,https://determinations.era.govt.nz/assets/elawpdf/2015/6dae1ae9df/2015_NZERA_Christchurch_38.pdf,employer_win,employer_win,yes,no
2015,2015 NZERA Auckland 232,https://determinations.era.govt.nz/assets/elawpdf/2015/718221534c/2015_NZERA_Auckland_232.pdf,employee_win,employee_win,yes,no
2015,2015 NZERA Auckland 325,https://determinations.era.govt.nz/assets/elawpdf/2015/7377b9e755/2015_NZERA_Auckland_325.pdf,employee_win,employee_win,yes,no
2015,2015 NZERA Wellington 75,https://determinations.era.govt.nz/assets/elawpdf/2015/74eddd64d0/2015_NZERA_Wellington_75.pdf,employee_win,employee_win,yes,no
2015,2015 NZERA Christchurch 152,https://determinations.era.govt.nz/assets/elawpdf/2015/751318ad5e/2015_NZERA_Christchurch_152.pdf,employee_win,employee_win,yes,no
2015,2015 NZERA Christchurch 24,https://determinations.era.govt.nz/assets/elawpdf/2015/7602b75231/2015_NZERA_Christchurch_24.pdf,employee_win,employee_win,yes,no
2015,2015 NZERA Auckland 388,https://determinations.era.govt.nz/assets/elawpdf/2015/76b04f60ab/2015_NZERA_Auckland_388.pdf,employer_win,employer_win,yes,no
2015,2015 NZERA Auckland 287,https://determinations.era.govt.nz/assets/elawpdf/2015/77cc28b93f/2015_NZERA_Auckland_287.pdf,employer_win,employer_win,yes,no
2015,2015 NZERA Auckland 318,https://determinations.era.govt.nz/assets/elawpdf/2015/78778080ab/2015_NZERA_Auckland_318.pdf,employee_win,employee_win,yes,no
2015,2015 NZERA Christchurch 120,https://determinations.era.govt.nz/assets/elawpdf/2015/7c48c7c37a/2015_NZERA_Christchurch_120.pdf,employee_win,employee_win,yes,no
2015,2015 NZERA Christchurch 112,https://determinations.era.govt.nz/assets/elawpdf/2015/7c78c3ae2a/2015_NZERA_Christchurch_112.pdf,employee_win,employee_win,yes,no
2015,2015 NZERA Auckland 321,https://determinations.era.govt.nz/assets/elawpdf/2015/7cd357cb28/2015_NZERA_Auckland_321.pdf,employer_win,employer_win,yes,no
2015,2015 NZERA Auckland 167,https://determinations.era.govt.nz/assets/elawpdf/2015/823a531cdb/2015_NZERA_Auckland_167.pdf,employee_win,employee_win,yes,no
2015,2015 NZERA Christchurch 89,https://determinations.era.govt.nz/assets/elawpdf/2015/82a2d63f3a/2015_NZERA_Christchurch_89.pdf,employee_win,employee_win,yes,no
2015,2015 NZERA Auckland 34,https://determinations.era.govt.nz/assets/elawpdf/2015/840d4e4d62/2015_NZERA_Auckland_34.pdf,employee_win,employee_win,yes,no
2015,2015 NZERA Auckland 221,https://determinations.era.govt.nz/assets/elawpdf/2015/87b9d48140/2015_NZERA_Auckland_221.pdf,employee_win,employee_win,yes,no
2015,2015 NZERA Christchurch 163,https://determinations.era.govt.nz/assets/elawpdf/2015/89aa0a8bbf/2015_NZERA_Christchurch_163.pdf,employee_win,employee_win,yes,no
2015,2015 NZERA Auckland 288,https://determinations.era.govt.nz/assets/elawpdf/2015/8ac05675a7/2015_NZERA_Auckland_288.pdf,employee_win,employer_win,yes,yes
2015,2015 NZERA Auckland 123,https://determinations.era.govt.nz/assets/elawpdf/2015/8bd3cc5094/2015_NZERA_Auckland_123.pdf,employee_win,employee_win,yes,no
2015,2015 NZERA Auckland 245,https://determinations.era.govt.nz/assets/elawpdf/2015/8bd748b0c6/2015_NZERA_Auckland_245.pdf,employee_win,employee_win,yes,no
2015,2015 NZERA Auckland 393,https://determinations.era.govt.nz/assets/elawpdf/2015/8dec03db1b/2015_NZERA_Auckland_393.pdf,employer_win,employer_win,yes,no
2015,2015 NZERA Auckland 291,https://determinations.era.govt.nz/assets/elawpdf/2015/8e818c26f0/2015_NZERA_Auckland_291.pdf,employee_win,employee_win,yes,no
2015,2015 NZERA Christchurch 201,https://determinations.era.govt.nz/assets/elawpdf/2015/8edabec820/2015_NZERA_Christchurch_201.pdf,employee_win,employee_win,yes,no
2015,2015 NZERA Auckland 68,https://determinations.era.govt.nz/assets/elawpdf/2015/908eac5a2b/2015_NZERA_Auckland_68.pdf,employee_win,employee_win,yes,no
2015,2015 NZERA Auckland 3,https://determinations.era.govt.nz/assets/elawpdf/2015/90c0c7fa01/2015_NZERA_Auckland_3.pdf,employee_win,employee_win,yes,no
2015,2015 NZERA Christchurch 109,https://determinations.era.govt.nz/assets/elawpdf/2015/918f2a5785/2015_NZERA_Christchurch_109.pdf,employee_win,employee_win,yes,no
2015,2015 NZERA Auckland 344,https://determinations.era.govt.nz/assets/elawpdf/2015/922d0a03ed/2015_NZERA_Auckland_344.pdf,employee_win,employee_win,yes,no
2015,2015 NZERA Christchurch 82,https://determinations.era.govt.nz/assets/elawpdf/2015/92efcbff70/2015_NZERA_Christchurch_82.pdf,employer_win,employer_win,yes,no
2015,2015 NZERA Christchurch 39,https://determinations.era.govt.nz/assets/elawpdf/2015/9517451d86/2015_NZERA_Christchurch_39.pdf,employer_win,employee_win,yes,yes
2015,2015 NZERA Auckland 134,https://determinations.era.govt.nz/assets/elawpdf/2015/95ab53c1f1/2015_NZERA_Auckland_134.pdf,employer_win,employer_win,yes,no
2015,2015 NZERA Christchurch 78,https://determinations.era.govt.nz/assets/elawpdf/2015/97a9d8a448/2015_NZERA_Christchurch_78.pdf,employee_win,employer_win,yes,yes
2015,2015 NZERA Wellington 36,https://determinations.era.govt.nz/assets/elawpdf/2015/983b7a6c92/2015_NZERA_Wellington_36.pdf,employee_win,employee_win,yes,no
2015,2015 NZERA Auckland 76,https://determinations.era.govt.nz/assets/elawpdf/2015/98c48f3407/2015_NZERA_Auckland_76.pdf,employer_win,employee_win,yes,yes
2015,2015 NZERA Auckland 365,https://determinations.era.govt.nz/assets/elawpdf/2015/98dc6a577e/2015_NZERA_Auckland_365.pdf,employee_win,employee_win,yes,no
2015,2015 NZERA Christchurch 153,https://determinations.era.govt.nz/assets/elawpdf/2015/98fd28fdb1/2015_NZERA_Christchurch_153.pdf,employee_win,employee_win,yes,no
2015,[2015] NZERA 360,https://determinations.era.govt.nz/assets/elawpdf/2015/991f87a0d1/2015_NZERA_Auckland_360.pdf,employee_win,employee_win,yes,no
2015,2015 NZERA Wellington 87,https://determinations.era.govt.nz/assets/elawpdf/2015/9b68fdcdc4/2015_NZERA_Wellington_87.pdf,employee_win,employer_win,yes,yes
2015,2015 NZERA Auckland 56,https://determinations.era.govt.nz/assets/elawpdf/2015/9e963ddd28/2015_NZERA_Auckland_56.pdf,employer_win,employer_win,yes,no
2015,2015 NZERA Christchurch 58,https://determinations.era.govt.nz/assets/elawpdf/2015/9eeb18a7f5/2015_NZERA_Christchurch_58.pdf,employee_win,employer_win,yes,yes
2015,2015 NZERA Auckland 335,https://determinations.era.govt.nz/assets/elawpdf/2015/a078474f5a/2015_NZERA_Auckland_335.pdf,employee_win,employee_win,yes,no
2015,2015 NZERA Auckland 9,https://determinations.era.govt.nz/assets/elawpdf/2015/a0d0c13ede/2015_NZERA_Auckland_9.pdf,employee_win,employer_win,yes,yes
2015,2015 NZERA Auckland 69,https://determinations.era.govt.nz/assets/elawpdf/2015/a2df096e47/2015_NZERA_Auckland_69.pdf,employee_win,employer_win,yes,yes
2015,2015 NZERA Wellington 92,https://determinations.era.govt.nz/assets/elawpdf/2015/a312afad40/2015_NZERA_Wellington_92.pdf,employee_win,employee_win,yes,no
2015,2015 NZERA Christchurch 16,https://determinations.era.govt.nz/assets/elawpdf/2015/a324cfa40c/2015_NZERA_Christchurch_16.pdf,employee_win,employee_win,yes,no
2015,2015 NZERA Christchurch 190,https://determinations.era.govt.nz/assets/elawpdf/2015/a61666b0c1/2015_NZERA_Christchurch_190.pdf,employee_win,employee_win,yes,no
2015,2015 NZERA Auckland 383,https://determinations.era.govt.nz/assets/elawpdf/2015/a658e70150/2015_NZERA_Auckland_383.pdf,employer_win,employer_win,yes,no
2015,2015 NZERA Christchurch 177,https://determinations.era.govt.nz/assets/elawpdf/2015/a71e954b21/2015_NZERA_Christchurch_177.pdf,employee_win,employee_win,yes,no
2015,2015 NZERA Auckland 84,https://determinations.era.govt.nz/assets/elawpdf/2015/a8a0805e31/2015_NZERA_Auckland_84.pdf,employer_win,employer_win,yes,no
2015,2015 NZERA Auckland 40,https://determinations.era.govt.nz/assets/elawpdf/2015/a941a04f66/2015_NZERA_Auckland_40.pdf,employer_win,employer_win,yes,no
2015,2015 NZERA Christchurch 6,https://determinations.era.govt.nz/assets/elawpdf/2015/ac4e069521/2015_NZERA_Christchurch_6.pdf,employer_win,employer_win,yes,no
2015,2015 NZERA Christchurch 151,https://determinations.era.govt.nz/assets/elawpdf/2015/acdb8ce6dc/2015_NZERA_Christchurch_151.pdf,employee_win,employee_win,yes,no
2015,2015 NZERA Christchurch 147,https://determinations.era.govt.nz/assets/elawpdf/2015/ad6f66bdca/2015_NZERA_Christchurch_147.pdf,employer_win,employee_win,yes,yes
2015,2015 NZERA Auckland 355,https://determinations.era.govt.nz/assets/elawpdf/2015/ae75093059/2015_NZERA_Auckland_355.pdf,employee_win,employee_win,yes,no
2015,2015 NZERA Auckland 347,https://determinations.era.govt.nz/assets/elawpdf/2015/b0149bf968/2015_NZERA_Auckland_347.pdf,employer_win,employer_win,yes,no
2015,2015 NZERA Auckland 378,https://determinations.era.govt.nz/assets/elawpdf/2015/b0ea937306/2015_NZERA_Auckland_378.pdf,employee_win,employee_win,yes,no
2015,2015 NZERA Auckland 127,https://determinations.era.govt.nz/assets/elawpdf/2015/b210f76161/2015_NZERA_Auckland_127.pdf,employer_win,employer_win,yes,no
2015,2015 NZERA Auckland 305,https://determinations.era.govt.nz/assets/elawpdf/2015/b2c7513f0c/2015_NZERA_Auckland_305.pdf,employer_win,employer_win,yes,no
2015,2015 NZERA Auckland 72,https://determinations.era.govt.nz/assets/elawpdf/2015/b2f2d40c54/2015_NZERA_Auckland_72.pdf,employee_win,employee_win,yes,no
2015,2015 NZERA Christchurch 166,https://determinations.era.govt.nz/assets/elawpdf/2015/b38343438b/2015_NZERA_Christchurch_166.pdf,employer_win,employee_win,yes,yes
2015,2015 NZERA Auckland 46,https://determinations.era.govt.nz/assets/elawpdf/2015/b3c758dffe/2015_NZERA_Auckland_46.pdf,employee_win,employer_win,yes,yes
2015,2015 NZERA Auckland 83,https://determinations.era.govt.nz/assets/elawpdf/2015/b47c93be8e/2015_NZERA_Auckland_83.pdf,employer_win,employer_win,yes,no
2015,2015 NZERA Christchurch 104,https://determinations.era.govt.nz/assets/elawpdf/2015/b6adbfe012/2015_NZERA_Christchurch_104.pdf,employee_win,employer_win,yes,yes
2015,2015 NZERA Auckland 57,https://determinations.era.govt.nz/assets/elawpdf/2015/bb382c5f78/2015_NZERA_Auckland_57.pdf,employer_win,employer_win,yes,no
2015,2015 NZERA Christchurch 90,https://determinations.era.govt.nz/assets/elawpdf/2015/c188e8f916/2015_NZERA_Christchurch_90.pdf,employee_win,employee_win,yes,no
2015,2015 NZERA Christchurch 125,https://determinations.era.govt.nz/assets/elawpdf/2015/c3292bbfaf/2015_NZERA_Christchurch_125.pdf,employee_win,employee_win,yes,no
2015,2015 NZERA Christchurch 195,https://determinations.era.govt.nz/assets/elawpdf/2015/c8da35f5d4/2015_NZERA_Christchurch_195.pdf,employer_win,employee_win,yes,yes
2015,2015 NZERA Christchurch 35,https://determinations.era.govt.nz/assets/elawpdf/2015/cba546666c/2015_NZERA_Christchurch_35.pdf,employee_win,employee_win,yes,no
2015,2015 NZERA Auckland 473,https://determinations.era.govt.nz/assets/elawpdf/2015/cce01c7a2a/2015_NZERA_Auckland_473.pdf,employee_win,employee_win,yes,no
2015,2015 NZERA Wellington 22,https://determinations.era.govt.nz/assets/elawpdf/2015/cd8725a5d6/2015_NZERA_Wellington_22.pdf,employer_win,employee_win,yes,yes
2015,2015 NZERA Auckland 51,https://determinations.era.govt.nz/assets/elawpdf/2015/d067e828cb/2015_NZERA_Auckland_51.pdf,employee_win,employer_win,yes,yes
2015,2015 NZERA Wellington 11,https://determinations.era.govt.nz/assets/elawpdf/2015/d09a186cc1/2015_NZERA_Wellington_11.pdf,employer_win,employer_win,yes,no
2015,2015 NZERA Christchurch 159,https://determinations.era.govt.nz/assets/elawpdf/2015/d0a8daa93e/2015_NZERA_Christchurch_159.pdf,employee_win,employee_win,yes,no
2015,2015 NZERA Auckland 276,https://determinations.era.govt.nz/assets/elawpdf/2015/d19bd41b16/2015_NZERA_Auckland_276.pdf,employer_win,employee_win,yes,yes
2015,2015 NZERA Auckland 398,https://determinations.era.govt.nz/assets/elawpdf/2015/d255272940/2015_NZERA_Auckland_398.pdf,employer_win,employer_win,yes,no
2015,2015 NZERA Auckland 29,https://determinations.era.govt.nz/assets/elawpdf/2015/d409661a12/2015_NZERA_Auckland_29.pdf,employee_win,employee_win,yes,no
2015,2015 NZERA Wellington 114,https://determinations.era.govt.nz/assets/elawpdf/2015/d43f9b9cb0/2015_NZERA_Wellington_114.pdf,employee_win,employee_win,yes,no
2015,2015 NZERA Auckland 16,https://determinations.era.govt.nz/assets/elawpdf/2015/d4b421d409/2015_NZERA_Auckland_16.pdf,employee_win,employer_win,yes,yes
2015,2015 NZERA Auckland 204,https://determinations.era.govt.nz/assets/elawpdf/2015/d6da1633fb/2015_NZERA_Auckland_204.pdf,employee_win,employee_win,yes,no
2015,2015 NZERA Auckland 249,https://determinations.era.govt.nz/assets/elawpdf/2015/d70d9e5188/2015_NZERA_Auckland_249.pdf,employer_win,employer_win,yes,no
2015,2015 NZERA Christchurch 49,https://determinations.era.govt.nz/assets/elawpdf/2015/d8c545cfe5/2015_NZERA_Christchurch_49.pdf,employee_win,employee_win,yes,no
2015,2015 NZERA Christchurch 94,https://determinations.era.govt.nz/assets/elawpdf/2015/d8f91cc230/2015_NZERA_Christchurch_94.pdf,employer_win,employer_win,yes,no
2015,2015 NZERA Christchurch 199,https://determinations.era.govt.nz/assets/elawpdf/2015/da66c486a3/2015_NZERA_Christchurch_199.pdf,employee_win,employee_win,yes,no
2015,2015 NZERA Wellington 93,https://determinations.era.govt.nz/assets/elawpdf/2015/da6f410fb3/2015_NZERA_Wellington_93.pdf,employee_win,employee_win,yes,no
2015,2015 NZERA Auckland 354,https://determinations.era.govt.nz/assets/elawpdf/2015/dac08cc9d4/2015_NZERA_Auckland_354.pdf,employer_win,employer_win,yes,no
2015,2015 NZERA Christchurch 21,https://determinations.era.govt.nz/assets/elawpdf/2015/db93f5ea17/2015_NZERA_Christchurch_21.pdf,employer_win,employee_win,yes,yes
2015,2015 NZERA Auckland 106,https://determinations.era.govt.nz/assets/elawpdf/2015/dc72a28c67/2015_NZERA_Auckland_106.pdf,employee_win,employee_win,yes,no
2015,2015 NZERA Auckland 330,https://determinations.era.govt.nz/assets/elawpdf/2015/ddae8c7fc0/2015_NZERA_Auckland_330.pdf,employer_win,employee_win,yes,yes
2015,2015 NZERA Auckland 195,https://determinations.era.govt.nz/assets/elawpdf/2015/e14a7d4038/2015_NZERA_Auckland_195.pdf,employee_win,employee_win,yes,no
2015,2015 NZERA Auckland 116,https://determinations.era.govt.nz/assets/elawpdf/2015/e1c39033f0/2015_NZERA_Auckland_116.pdf,employer_win,employer_win,yes,no
2015,2015 NZERA Auckland 111,https://determinations.era.govt.nz/assets/elawpdf/2015/e21280c64d/2015_NZERA_Auckland_111.pdf,employee_win,employer_win,yes,yes
2015,2015 NZERA Auckland 239,https://determinations.era.govt.nz/assets/elawpdf/2015/e2df9300ff/2015_NZERA_Auckland_239.pdf,employee_win,employee_win,yes,no
2015,2015 NZERA Christchurch 172,https://determinations.era.govt.nz/assets/elawpdf/2015/e46c283221/2015_NZERA_Christchurch_172.pdf,employee_win,employee_win,yes,no
2015,2015 NZERA Auckland 10,https://determinations.era.govt.nz/assets/elawpdf/2015/e46fdbc1ae/2015_NZERA_Auckland_10.pdf,employee_win,employee_win,yes,no
2015,2015 NZERA Auckland 165,https://determinations.era.govt.nz/assets/elawpdf/2015/e93dab45bb/2015_NZERA_Auckland_165.pdf,employer_win,employee_win,yes,yes
2015,2015 NZERA Wellington 1,https://determinations.era.govt.nz/assets/elawpdf/2015/e9645299a0/2015_NZERA_Wellington_1.pdf,employee_win,employee_win,yes,no
2015,2015 NZERA Christchurch 146,https://determinations.era.govt.nz/assets/elawpdf/2015/eb86de1d26/2015_NZERA_Christchurch_146.pdf,employee_win,employee_win,yes,no
2015,2015 NZERA Christchurch 14,https://determinations.era.govt.nz/assets/elawpdf/2015/ec59d4b2ad/2015_NZERA_Christchurch_14.pdf,employee_win,employee_win,yes,no
2015,2015 NZERA Auckland 222,https://determinations.era.govt.nz/assets/elawpdf/2015/ecbe59b1d3/2015_NZERA_Auckland_222.pdf,employer_win,employee_win,yes,yes
2015,2015 NZERA Christchurch 62,https://determinations.era.govt.nz/assets/elawpdf/2015/ed5c305b8e/2015_NZERA_Christchurch_62.pdf,employee_win,employee_win,yes,no
2015,2015 NZERA Auckland 164,https://determinations.era.govt.nz/assets/elawpdf/2015/edcc1babac/2015_NZERA_Auckland_164.pdf,employer_win,employer_win,yes,no
2015,2015 NZERA Wellington 13,https://determinations.era.govt.nz/assets/elawpdf/2015/ee8cd9ff16/2015_NZERA_Wellington_13.pdf,employee_win,employee_win,yes,no
2015,2015 NZERA Auckland 206,https://determinations.era.govt.nz/assets/elawpdf/2015/f04451d860/2015_NZERA_Auckland_206.pdf,employer_win,employee_win,yes,yes
2015,2015 NZERA Christchurch 11,https://determinations.era.govt.nz/assets/elawpdf/2015/f2bfc756d4/2015_NZERA_Christchurch_11.pdf,employer_win,employer_win,yes,no
2015,2015 NZERA Wellington 39,https://determinations.era.govt.nz/assets/elawpdf/2015/f2ed8995e2/2015_NZERA_Wellington_39.pdf,employee_win,employee_win,yes,no
2015,2015 NZERA Christchurch 85,https://determinations.era.govt.nz/assets/elawpdf/2015/f3c70460b3/2015_NZERA_Christchurch_85.pdf,employee_win,employee_win,yes,no
2015,2015 NZERA Christchurch 100,https://determinations.era.govt.nz/assets/elawpdf/2015/f6f1ce4f60/2015_NZERA_Christchurch_100.pdf,employer_win,employee_win,yes,yes
2015,2015 NZERA Christchurch 34,https://determinations.era.govt.nz/assets/elawpdf/2015/f7a43eff4e/2015_NZERA_Christchurch_34.pdf,employer_win,employee_win,yes,yes
2015,2015 NZERA Auckland 22,https://determinations.era.govt.nz/assets/elawpdf/2015/f8e4e8cfa6/2015_NZERA_Auckland_22.pdf,employer_win,employer_win,yes,no
2015,2015 NZERA Wellington 81,https://determinations.era.govt.nz/assets/elawpdf/2015/fa384ece43/2015_NZERA_Wellington_81.pdf,employee_win,employee_win,yes,no
2015,2015 NZERA Christchurch 126,https://determinations.era.govt.nz/assets/elawpdf/2015/fa9a9153f0/2015_NZERA_Christchurch_126.pdf,employee_win,employer_win,yes,yes
2015,2015 NZERA Auckland 313,https://determinations.era.govt.nz/assets/elawpdf/2015/fab22017ef/2015_NZERA_Auckland_313.pdf,employee_win,employee_win,yes,no
2015,2015 NZERA Auckland 396,https://determinations.era.govt.nz/assets/elawpdf/2015/fba22aa3fb/2015_NZERA_Auckland_396.pdf,employer_win,employer_win,yes,no
2015,2015 NZERA Christchurch 194,https://determinations.era.govt.nz/assets/elawpdf/2015/fe19c3e792/2015_NZERA_Christchurch_194.pdf,employee_win,employee_win,yes,no
2015,2015 NZERA Wellington 120,https://determinations.era.govt.nz/assets/elawpdf/2015/fe9888c309/2015_NZERA_Wellington_120.pdf,employee_win,employee_win,yes,no
2015,2015 NZERA Auckland 375,https://determinations.era.govt.nz/assets/elawpdf/2015/ffc7927dde/2015_NZERA_Auckland_375.pdf,employer_win,employer_win,yes,no
2015,2015 NZERA Wellington 42,https://determinations.era.govt.nz/assets/elawpdf/2015/ffdb596115/2015_NZERA_Wellington_42.pdf,employee_win,employee_win,yes,no
2016,2016 NZERA Auckland 46,https://determinations.era.govt.nz/assets/elawpdf/2016/01e62950b6/2016_NZERA_Auckland_46.pdf,employee_win,employee_win,yes,no
2016,2016 NZERA Christchurch 72,https://determinations.era.govt.nz/assets/elawpdf/2016/03d6703e6d/2016_NZERA_Christchurch_72.pdf,employee_win,employee_win,yes,no
2016,2016 NZERA Auckland 300,https://determinations.era.govt.nz/assets/elawpdf/2016/06ad128498/2016_NZERA_Auckland_300.pdf,employer_win,employer_win,yes,no
2016,2016 NZERA Wellington 132,https://determinations.era.govt.nz/assets/elawpdf/2016/06fffa811e/2016_NZERA_Wellington_132.pdf,employer_win,employee_win,yes,yes
2016,2016 NZERA Christchurch 124,https://determinations.era.govt.nz/assets/elawpdf/2016/08e16d8efd/2016_NZERA_Christchurch_124.pdf,employee_win,employee_win,yes,no
2016,2016 NZERA Christchurch 118,https://determinations.era.govt.nz/assets/elawpdf/2016/0fd1ee0410/2016_NZERA_Christchurch_118.pdf,employee_win,employee_win,yes,no
2016,2016 NZERA Auckland 319,https://determinations.era.govt.nz/assets/elawpdf/2016/11894b8a3e/2016_NZERA_Auckland_319.pdf,employee_win,employee_win,yes,no
2016,2016 NZERA Auckland 35,https://determinations.era.govt.nz/assets/elawpdf/2016/12c6b507a7/2016_NZERA_Auckland_35.pdf,employee_win,employee_win,yes,no
2016,2016 NZERA Auckland 295,https://determinations.era.govt.nz/assets/elawpdf/2016/1382ea0b23/2016_NZERA_Auckland_295.pdf,employee_win,employee_win,yes,no
2016,2016 NZERA Auckland 375,https://determinations.era.govt.nz/assets/elawpdf/2016/160f4655ea/2016_NZERA_Auckland_375.pdf,employer_win,employee_win,yes,yes
2016,2016 NZERA Auckland 114,https://determinations.era.govt.nz/assets/elawpdf/2016/161ff88778/2016_NZERA_Auckland_114.pdf,employee_win,employer_win,yes,yes
2016,2016 NZERA Wellington 61,https://determinations.era.govt.nz/assets/elawpdf/2016/1684896499/2016_NZERA_Wellington_61.pdf,employee_win,employee_win,yes,no
2016,2016 NZERA Auckland 164,https://determinations.era.govt.nz/assets/elawpdf/2016/1743306dcf/2016_NZERA_Auckland_164.pdf,employee_win,employee_win,yes,no
2016,2016 NZERA Christchurch 76,https://determinations.era.govt.nz/assets/elawpdf/2016/189a5170a0/2016_NZERA_Christchurch_76.pdf,employee_win,employee_win,yes,no
2016,2016 NZERA Auckland 391,https://determinations.era.govt.nz/assets/elawpdf/2016/1a424bdbbf/2016_NZERA_Auckland_391.pdf,employee_win,employee_win,yes,no
2016,2016 NZERA Christchurch 60,https://determinations.era.govt.nz/assets/elawpdf/2016/1ab48f82c0/2016_NZERA_Christchurch_60.pdf,employee_win,employee_win,yes,no
2016,2016 NZERA Auckland 266,https://determinations.era.govt.nz/assets/elawpdf/2016/1b04d67f85/2016_NZERA_Auckland_266.pdf,employee_win,employee_win,yes,no
2016,2016 NZERA Christchurch 152,https://determinations.era.govt.nz/assets/elawpdf/2016/2014d39a40/2016_NZERA_Christchurch_152.pdf,employer_win,employer_win,yes,no
2016,2016 NZERA Auckland 82,https://determinations.era.govt.nz/assets/elawpdf/2016/202e7af09f/2016_NZERA_Auckland_82.pdf,employee_win,employee_win,yes,no
2016,2016 NZERA Auckland 188,https://determinations.era.govt.nz/assets/elawpdf/2016/21624790eb/2016_NZERA_Auckland_188.pdf,employee_win,employee_win,yes,no
2016,2016 NZERA Auckland 197,https://determinations.era.govt.nz/assets/elawpdf/2016/21ea4a3382/2016_NZERA_Auckland_197.pdf,employee_win,employee_win,yes,no
2016,2016 NZERA  Auckland  253,https://determinations.era.govt.nz/assets/elawpdf/2016/22caf305e3/2016_NZERA_-Auckland_-253.pdf,employee_win,employer_win,yes,yes
2016,2016 NZERA Christchurch 17,https://determinations.era.govt.nz/assets/elawpdf/2016/2578be9fef/2016_NZERA_Christchurch_17.pdf,employee_win,employee_win,yes,no
2016,2016 NZERA Auckland 354,https://determinations.era.govt.nz/assets/elawpdf/2016/26bb4b4b87/2016_NZERA_Auckland_354.pdf,employee_win,employee_win,yes,no
2016,2016 NZERA Wellington 58,https://determinations.era.govt.nz/assets/elawpdf/2016/275cf00095/2016_NZERA_Wellington_58.pdf,employee_win,employee_win,yes,no
2016,2016 NZERA Auckland 81,https://determinations.era.govt.nz/assets/elawpdf/2016/291a51ac68/2016_NZERA_Auckland_81.pdf,employee_win,employee_win,yes,no
2016,2016 NZERA Auckland 10,https://determinations.era.govt.nz/assets/elawpdf/2016/2a3a9ac40c/2016_NZERA_Auckland_10.pdf,employee_win,employee_win,yes,no
2016,2016 NZERA Wellington 51,https://determinations.era.govt.nz/assets/elawpdf/2016/2b86212926/2016_NZERA_Wellington_51.pdf,employee_win,employee_win,yes,no
2016,2016  NZERA  Auckland  259,https://determinations.era.govt.nz/assets/elawpdf/2016/2babfa7aa0/2016_-NZERA_-Auckland_-259.pdf,employee_win,employee_win,yes,no
2016,2016 NZERA Auckland 83,https://determinations.era.govt.nz/assets/elawpdf/2016/2bd4112d4f/2016_NZERA_Auckland_83.pdf,employee_win,employee_win,yes,no
2016,2016 NZERA Christchurch 150,https://determinations.era.govt.nz/assets/elawpdf/2016/2f87459e14/2016_NZERA_Christchurch_150.pdf,employee_win,employee_win,yes,no
2016,2016 NZERA Auckland 288,https://determinations.era.govt.nz/assets/elawpdf/2016/31a1d7862c/2016_NZERA_Auckland_288.pdf,employee_win,employee_win,yes,no
2016,2016 NZERA Auckland 322,https://determinations.era.govt.nz/assets/elawpdf/2016/32d223fefe/2016_NZERA_Auckland_322.pdf,employer_win,employer_win,yes,no
2016,2016 NZERA Auckland 223,https://determinations.era.govt.nz/assets/elawpdf/2016/34713945d9/2016_NZERA_Auckland_223.pdf,employer_win,employer_win,yes,no
2016,2016  NZERA  Wellington 91,https://determinations.era.govt.nz/assets/elawpdf/2016/35185db802/2016_-NZERA_-Wellington_91.pdf,employee_win,employee_win,yes,no
2016,2016 NZERA Auckland 73,https://determinations.era.govt.nz/assets/elawpdf/2016/368950bff9/2016_NZERA_Auckland_73.pdf,employee_win,employee_win,yes,no
2016,2016 NZERA Christchurch 191,https://determinations.era.govt.nz/assets/elawpdf/2016/3696dbae2d/2016_NZERA_Christchurch_191.pdf,employee_win,employee_win,yes,no
2016,2016 NZERA Christchurch 113,https://determinations.era.govt.nz/assets/elawpdf/2016/39f88de3a2/2016_NZERA_Christchurch_113.pdf,employee_win,employee_win,yes,no
2016,2016 NZERA Auckland 402,https://determinations.era.govt.nz/assets/elawpdf/2016/3b3707e761/2016_NZERA_Auckland_402.pdf,employer_win,employer_win,yes,no
2016,2016 NZERA Auckland 49,https://determinations.era.govt.nz/assets/elawpdf/2016/3b87cad577/2016_NZERA_Auckland_49.pdf,employer_win,employee_win,yes,yes
2016,2016 NZERA Christchurch 129,https://determinations.era.govt.nz/assets/elawpdf/2016/3d012582b1/2016_NZERA_Christchurch_129.pdf,employee_win,employee_win,yes,no
2016,2016 NZERA Auckland 171,https://determinations.era.govt.nz/assets/elawpdf/2016/3efe5867be/2016_NZERA_Auckland_171.pdf,employee_win,employee_win,yes,no
2016,2016 NZERA Christchurch 71,https://determinations.era.govt.nz/assets/elawpdf/2016/3fe4a4d8c3/2016_NZERA_Christchurch_71.pdf,employee_win,employee_win,yes,no
2016,2016 NZERA Auckland 359,https://determinations.era.govt.nz/assets/elawpdf/2016/4117ccd74c/2016_NZERA_Auckland_359.pdf,employee_win,employee_win,yes,no
2016,2016 NZERA Auckland 28,https://determinations.era.govt.nz/assets/elawpdf/2016/4125eff1b5/2016_NZERA_Auckland_28.pdf,employer_win,employee_win,yes,yes
2016,2016 NZERA Auckland 66,https://determinations.era.govt.nz/assets/elawpdf/2016/41b5665283/2016_NZERA_Auckland_66.pdf,employer_win,employee_win,yes,yes
2016,2016 NZERA Auckland 71,https://determinations.era.govt.nz/assets/elawpdf/2016/422860d6d5/2016_NZERA_Auckland_71.pdf,employee_win,employee_win,yes,no
2016,2016  NZERA  Wellington 90,https://determinations.era.govt.nz/assets/elawpdf/2016/425139078c/2016_-NZERA_-Wellington_90.pdf,employer_win,employer_win,yes,no
2016,2016 NZERA Auckland 353,https://determinations.era.govt.nz/assets/elawpdf/2016/42b2005381/2016_NZERA_Auckland_353.pdf,employer_win,employee_win,yes,yes
2016,2016 NZERA Christchurch 69,https://determinations.era.govt.nz/assets/elawpdf/2016/43c4de5011/2016_NZERA_Christchurch_69.pdf,employee_win,employee_win,yes,no
2016,2016 NZERA Auckland 70,https://determinations.era.govt.nz/assets/elawpdf/2016/441a89091a/2016_NZERA_Auckland_70.pdf,employee_win,employee_win,yes,no
2016,2016 NZERA Auckland 16,https://determinations.era.govt.nz/assets/elawpdf/2016/458589ef88/2016_NZERA_Auckland_16.pdf,employee_win,employee_win,yes,no
2016,2016 NZERA Christchurch 201,https://determinations.era.govt.nz/assets/elawpdf/2016/47dae7ba50/2016_NZERA_Christchurch_201.pdf,employee_win,employee_win,yes,no
2016,2016 NZERA Wellington 28,https://determinations.era.govt.nz/assets/elawpdf/2016/4831db9770/2016_NZERA_Wellington_28.pdf,employee_win,employee_win,yes,no
2016,2016 NZERA Auckland 48,https://determinations.era.govt.nz/assets/elawpdf/2016/48d8e4d0aa/2016_NZERA_Auckland_48.pdf,employer_win,employer_win,yes,no
2016,2016 NZERA Auckland 9,https://determinations.era.govt.nz/assets/elawpdf/2016/4933a31180/2016_NZERA_Auckland_9.pdf,employer_win,employer_win,yes,no
2016,2016 NZERA Auckland 95,https://determinations.era.govt.nz/assets/elawpdf/2016/496588b472/2016_NZERA_Auckland_95.pdf,employer_win,employer_win,yes,no
2016,2016 NZERA Auckland 64,https://determinations.era.govt.nz/assets/elawpdf/2016/4ba582c324/2016_NZERA_Auckland_64.pdf,employer_win,employee_win,yes,yes
2016,2016 NZERA Christchurch 70,https://determinations.era.govt.nz/assets/elawpdf/2016/4cc9bac9c2/2016_NZERA_Christchurch_70.pdf,employee_win,employee_win,yes,no
2016,2016 NZERA Christchurch 40,https://determinations.era.govt.nz/assets/elawpdf/2016/4dca66cf45/2016_NZERA_Christchurch_40.pdf,employee_win,employee_win,yes,no
2016,2016 NZERA Auckland 115,https://determinations.era.govt.nz/assets/elawpdf/2016/4ec4138ef1/2016_NZERA_Auckland_115.pdf,employee_win,employee_win,yes,no
2016,2016 NZERA Christchurch 159,https://determinations.era.govt.nz/assets/elawpdf/2016/4f01c69090/2016_NZERA_Christchurch_159.pdf,employee_win,employee_win,yes,no
2016,2016 NZERA Wellington 69,https://determinations.era.govt.nz/assets/elawpdf/2016/511c710893/2016_NZERA_Wellington_69.pdf,employee_win,employee_win,yes,no
2016,2016 NZERA Wellington 75,https://determinations.era.govt.nz/assets/elawpdf/2016/517bd6776e/2016_NZERA_Wellington_75.pdf,employer_win,employer_win,yes,no
2016,2016 NZERA Christchurch 27,https://determinations.era.govt.nz/assets/elawpdf/2016/535634d580/2016_NZERA_Christchurch_27.pdf,employee_win,employee_win,yes,no
2016,2016 NZERA Auckland 122,https://determinations.era.govt.nz/assets/elawpdf/2016/53db402491/2016_NZERA_Auckland_122.pdf,employee_win,employee_win,yes,no
2016,2016  NZERA  Wellington 89,https://determinations.era.govt.nz/assets/elawpdf/2016/54b2a06a74/2016_-NZERA_-Wellington_89.pdf,employee_win,employee_win,yes,no
2016,2016 NZERA Auckland 346,https://determinations.era.govt.nz/assets/elawpdf/2016/5806ba2be8/2016_NZERA_Auckland_346.pdf,employer_win,employer_win,yes,no
2016,2016 NZERA Auckland 406 amended,https://determinations.era.govt.nz/assets/elawpdf/2016/5bb8a08980/2016_NZERA_Auckland_406_amended.pdf,employee_win,employee_win,yes,no
2016,2016 NZERA Christchurch 109,https://determinations.era.govt.nz/assets/elawpdf/2016/5cb3981f62/2016_NZERA_Christchurch_109.pdf,employer_win,employee_win,yes,yes
2016,2016 NZERA Christchurch 19,https://determinations.era.govt.nz/assets/elawpdf/2016/5d3d99d98f/2016_NZERA_Christchurch_19.pdf,employee_win,employee_win,yes,no
2016,2016 NZERA Auckland 302,https://determinations.era.govt.nz/assets/elawpdf/2016/5daca0f3d6/2016_NZERA_Auckland_302.pdf,employee_win,employee_win,yes,no
2016,2016 NZERA Auckland 189,https://determinations.era.govt.nz/assets/elawpdf/2016/5e1516b876/2016_NZERA_Auckland_189.pdf,employer_win,employee_win,yes,yes
2016,2016 NZERA Christchurch 97,https://determinations.era.govt.nz/assets/elawpdf/2016/5e5babb623/2016_NZERA_Christchurch_97.pdf,employee_win,employer_win,yes,yes
2016,2016 NZERA Christchurch 46,https://determinations.era.govt.nz/assets/elawpdf/2016/5fb357dca4/2016_NZERA_Christchurch_46.pdf,employer_win,employer_win,yes,no
2016,2016 NZERA Auckland 135 amended,https://determinations.era.govt.nz/assets/elawpdf/2016/60b467fb88/2016_NZERA_Auckland_135_amended.pdf,employee_win,employer_win,yes,yes
2016,2016 NZERA Auckland 218,https://determinations.era.govt.nz/assets/elawpdf/2016/611948981a/2016_NZERA_Auckland_218.pdf,employee_win,employee_win,yes,no
2016,2016 NZERA Christchurch 63,https://determinations.era.govt.nz/assets/elawpdf/2016/618efde01b/2016_NZERA_Christchurch_63.pdf,employee_win,employee_win,yes,no
2016,2016 NZERA Auckland 330,https://determinations.era.govt.nz/assets/elawpdf/2016/61cc1c9378/2016_NZERA_Auckland_330.pdf,employee_win,employee_win,yes,no
2016,2016 NZERA Christchurch 29,https://determinations.era.govt.nz/assets/elawpdf/2016/642b9b574a/2016_NZERA_Christchurch_29.pdf,employer_win,employer_win,yes,no
2016,2016 NZERA Auckland 212,https://determinations.era.govt.nz/assets/elawpdf/2016/657e4e1149/2016_NZERA_Auckland_212.pdf,employee_win,employee_win,yes,no
2016,2016 NZERA Christchurch 202,https://determinations.era.govt.nz/assets/elawpdf/2016/673b1556eb/2016_NZERA_Christchurch_202.pdf,employee_win,employee_win,yes,no
2016,2016 NZERA Wellington 42,https://determinations.era.govt.nz/assets/elawpdf/2016/69d9a62e8c/2016_NZERA_Wellington_42.pdf,employer_win,employer_win,yes,no
2016,2016 NZERA Auckland 381,https://determinations.era.govt.nz/assets/elawpdf/2016/6a01ee03a5/2016_NZERA_Auckland_381.pdf,employee_win,employer_win,yes,yes
2016,2016 NZERA Christchurch 206,https://determinations.era.govt.nz/assets/elawpdf/2016/6b1a0fd400/2016_NZERA_Christchurch_206.pdf,employer_win,employee_win,yes,yes
2016,2016 NZERA Auckland 102,https://determinations.era.govt.nz/assets/elawpdf/2016/6b4d15042c/2016_NZERA_Auckland_102.pdf,employee_win,employer_win,yes,yes
2016,2016 NZERA Wellington 125,https://determinations.era.govt.nz/assets/elawpdf/2016/6dae592ed8/2016_NZERA_Wellington_125.pdf,employee_win,employee_win,yes,no
2016,2016 NZERA Auckland 11,https://determinations.era.govt.nz/assets/elawpdf/2016/6f878103aa/2016_NZERA_Auckland_11.pdf,employer_win,employer_win,yes,no
2016,2016 NZERA Christchurch 114,https://determinations.era.govt.nz/assets/elawpdf/2016/6f88cfee8a/2016_NZERA_Christchurch_114.pdf,employee_win,employee_win,yes,no
2016,2016 NZERA Christchurch 112,https://determinations.era.govt.nz/assets/elawpdf/2016/72db83f2c3/2016_NZERA_Christchurch_112.pdf,employer_win,employer_win,yes,no
2016,2016 NZERA Auckland 98,https://determinations.era.govt.nz/assets/elawpdf/2016/7381c32b78/2016_NZERA_Auckland_98.pdf,employer_win,employer_win,yes,no
2016,2016 NZERA Christchurch 44,https://determinations.era.govt.nz/assets/elawpdf/2016/750cceec75/2016_NZERA_Christchurch_44.pdf,employer_win,employee_win,yes,yes
2016,2016 NZERA Auckland 232,https://determinations.era.govt.nz/assets/elawpdf/2016/7661bdaf85/2016_NZERA_Auckland_232.pdf,employee_win,employee_win,yes,no
2016,2016 NZERA Christchurch 42,https://determinations.era.govt.nz/assets/elawpdf/2016/7664358ab1/2016_NZERA_Christchurch_42.pdf,employer_win,employer_win,yes,no
2016,2016 NZERA Auckland 76,https://determinations.era.govt.nz/assets/elawpdf/2016/7723913f09/2016_NZERA_Auckland_76.pdf,employee_win,employee_win,yes,no
2016,2016 NZERA Auckland 133,https://determinations.era.govt.nz/assets/elawpdf/2016/781f8695c8/2016_NZERA_Auckland_133.pdf,employee_win,employer_win,yes,yes
2016,2016 NZERA Christchurch 56,https://determinations.era.govt.nz/assets/elawpdf/2016/78b3f48d30/2016_NZERA_Christchurch_56.pdf,employer_win,employer_win,yes,no
2016,2016 NZERA Christchurch 43,https://determinations.era.govt.nz/assets/elawpdf/2016/7906e71ac6/2016_NZERA_Christchurch_43.pdf,employee_win,employer_win,yes,yes
2016,2016 NZERA Auckland 150,https://determinations.era.govt.nz/assets/elawpdf/2016/79d30e005e/2016_NZERA_Auckland_150.pdf,employee_win,employee_win,yes,no
2016,2016 NZERA Auckland 162,https://determinations.era.govt.nz/assets/elawpdf/2016/7b59ccbe60/2016_NZERA_Auckland_162.pdf,employer_win,employee_win,yes,yes
2016,2016 NZERA Auckland 404,https://determinations.era.govt.nz/assets/elawpdf/2016/7dc6065480/2016_NZERA_Auckland_404.pdf,employer_win,employee_win,yes,yes
2016,2016 NZERA Wellington 137,https://determinations.era.govt.nz/assets/elawpdf/2016/7f21e19043/2016_NZERA_Wellington_137.pdf,employer_win,employer_win,yes,no
2016,2016 NZERA Christchurch 23,https://determinations.era.govt.nz/assets/elawpdf/2016/7f86c36c98/2016_NZERA_Christchurch_23.pdf,employee_win,employee_win,yes,no
2016,2016 NZERA Wellington 80,https://determinations.era.govt.nz/assets/elawpdf/2016/7fceeb72ac/2016_NZERA_Wellington_80.pdf,employer_win,employer_win,yes,no
2016,2016 NZERA Christchurch 139,https://determinations.era.govt.nz/assets/elawpdf/2016/800585c41b/2016_NZERA_Christchurch_139.pdf,employer_win,employer_win,yes,no
2016,2016 NZERA Christchurch 88,https://determinations.era.govt.nz/assets/elawpdf/2016/8172dec26a/2016_NZERA_Christchurch_88.pdf,employer_win,employer_win,yes,no
2016,2016 NZERA Wellington 19,https://determinations.era.govt.nz/assets/elawpdf/2016/848e3967c1/2016_NZERA_Wellington_19.pdf,employee_win,employee_win,yes,no
2016,2016 NZERA Auckland 111,https://determinations.era.govt.nz/assets/elawpdf/2016/874f395f60/2016_NZERA_Auckland_111.pdf,employee_win,employee_win,yes,no
2016,2016 NZERA Auckland 272,https://determinations.era.govt.nz/assets/elawpdf/2016/8853799f4b/2016_NZERA_Auckland_272.pdf,employer_win,employer_win,yes,no
2016,2016 NZERA Auckland 23,https://determinations.era.govt.nz/assets/elawpdf/2016/88a8537578/2016_NZERA_Auckland_23.pdf,employee_win,employer_win,yes,yes
2016,2016 NZERA Wellington 5,https://determinations.era.govt.nz/assets/elawpdf/2016/88d9026c92/2016_NZERA_Wellington_5.pdf,employee_win,employee_win,yes,no
2016,2016 NZERA Christchurch 86,https://determinations.era.govt.nz/assets/elawpdf/2016/8a42e57320/2016_NZERA_Christchurch_86.pdf,employer_win,employer_win,yes,no
2016,2016 NZERA Wellington 30,https://determinations.era.govt.nz/assets/elawpdf/2016/8c43051b35/2016_NZERA_Wellington_30.pdf,employee_win,employee_win,yes,no
2016,2016 NZERA Wellington 33,https://determinations.era.govt.nz/assets/elawpdf/2016/8cc11174ef/2016_NZERA_Wellington_33.pdf,employer_win,employer_win,yes,no
2016,2016 NZERA Auckland 154,https://determinations.era.govt.nz/assets/elawpdf/2016/8d473069d0/2016_NZERA_Auckland_154.pdf,employee_win,employee_win,yes,no
2016,2016 NZERA Christchurch 178,https://determinations.era.govt.nz/assets/elawpdf/2016/8e78087ce0/2016_NZERA_Christchurch_178.pdf,employee_win,employee_win,yes,no
2016,2016 NZERA Auckland 411,https://determinations.era.govt.nz/assets/elawpdf/2016/90d33a4a29/2016_NZERA_Auckland_411.pdf,employer_win,employee_win,yes,yes
2016,2016 NZERA Auckland 184,https://determinations.era.govt.nz/assets/elawpdf/2016/913fd576f2/2016_NZERA_Auckland_184.pdf,employer_win,employer_win,yes,no
2016,2016 NZERA Christchurch 111,https://determinations.era.govt.nz/assets/elawpdf/2016/92be0e4338/2016_NZERA_Christchurch_111.pdf,employer_win,employer_win,yes,no
2016,2016 NZERA Auckland 17,https://determinations.era.govt.nz/assets/elawpdf/2016/944f01014c/2016_NZERA_Auckland_17.pdf,employee_win,employee_win,yes,no
2016,2016 NZERA Auckland 60,https://determinations.era.govt.nz/assets/elawpdf/2016/978563d81d/2016_NZERA_Auckland_60.pdf,employer_win,employer_win,yes,no
2016,2016 NZERA Auckland 131,https://determinations.era.govt.nz/assets/elawpdf/2016/9b559b7a94/2016_NZERA_Auckland_131.pdf,employer_win,employer_win,yes,no
2016,2016 NZERA Auckland 379,https://determinations.era.govt.nz/assets/elawpdf/2016/9bd2cc3001/2016_NZERA_Auckland_379.pdf,employee_win,employee_win,yes,no
2016,2016 NZERA Christchurch 74,https://determinations.era.govt.nz/assets/elawpdf/2016/9e58ff2d35/2016_NZERA_Christchurch_74.pdf,employee_win,employee_win,yes,no
2016,2016 NZERA Wellington 142,https://determinations.era.govt.nz/assets/elawpdf/2016/9f07e248cf/2016_NZERA_Wellington_142.pdf,employer_win,employer_win,yes,no
2016,2016 NZERA Wellington 126,https://determinations.era.govt.nz/assets/elawpdf/2016/a0c2a52b71/2016_NZERA_Wellington_126.pdf,employee_win,employee_win,yes,no
2016,2016 NZERA Auckland 230,https://determinations.era.govt.nz/assets/elawpdf/2016/a2505abf19/2016_NZERA_Auckland_230.pdf,employee_win,employer_win,yes,yes
2016,2016 NZERA Auckland 196,https://determinations.era.govt.nz/assets/elawpdf/2016/a2e26d690e/2016_NZERA_Auckland_196.pdf,employee_win,employee_win,yes,no
2016,2016 NZERA Auckland 55,https://determinations.era.govt.nz/assets/elawpdf/2016/a55d2e348e/2016_NZERA_Auckland_55.pdf,employee_win,employee_win,yes,no
2016,2016 NZERA Christchurch 15,https://determinations.era.govt.nz/assets/elawpdf/2016/a676183a9e/2016_NZERA_Christchurch_15.pdf,employer_win,employee_win,yes,yes
2016,2016 NZERA Christchurch 35,https://determinations.era.govt.nz/assets/elawpdf/2016/a7eb613a81/2016_NZERA_Christchurch_35.pdf,employee_win,employee_win,yes,no
2016,2016 NZERA Auckland 323,https://determinations.era.govt.nz/assets/elawpdf/2016/a8743ee530/2016_NZERA_Auckland_323.pdf,employee_win,employee_win,yes,no
2016,2016 NZERA Wellington 65,https://determinations.era.govt.nz/assets/elawpdf/2016/ab7597864d/2016_NZERA_Wellington_65.pdf,employee_win,employee_win,yes,no
2016,2016 NZERA Auckland 240,https://determinations.era.govt.nz/assets/elawpdf/2016/ad17c61151/2016_NZERA_Auckland_240.pdf,employee_win,employee_win,yes,no
2016,2016  NZERA  Auckland  254,https://determinations.era.govt.nz/assets/elawpdf/2016/ad307573a3/2016_-NZERA_-Auckland_-254.pdf,employee_win,employee_win,yes,no
2016,2016 NZERA Christchurch 75,https://determinations.era.govt.nz/assets/elawpdf/2016/ad5546ff4b/2016_NZERA_Christchurch_75.pdf,employer_win,employee_win,yes,yes
2016,2016 NZERA Wellington 127,https://determinations.era.govt.nz/assets/elawpdf/2016/ae8a392c42/2016_NZERA_Wellington_127.pdf,employee_win,employee_win,yes,no
2016,2016 NZERA Auckland 172,https://determinations.era.govt.nz/assets/elawpdf/2016/b039cfd112/2016_NZERA_Auckland_172.pdf,employee_win,employee_win,yes,no
2016,2016 NZERA Wellington 17,https://determinations.era.govt.nz/assets/elawpdf/2016/b06a32375e/2016_NZERA_Wellington_17.pdf,employer_win,employee_win,yes,yes
2016,2016 NZERA Christchurch 33,https://determinations.era.govt.nz/assets/elawpdf/2016/b07c981472/2016_NZERA_Christchurch_33.pdf,employee_win,employee_win,yes,no
2016,2016 NZERA Auckland 417,https://determinations.era.govt.nz/assets/elawpdf/2016/b0952b1afa/2016_NZERA_Auckland_417.pdf,employee_win,employee_win,yes,no
2016,2016 NZERA Auckland 314,https://determinations.era.govt.nz/assets/elawpdf/2016/b0dd880e04/2016_NZERA_Auckland_314.pdf,employer_win,employee_win,yes,yes
2016,2016 NZERA Wellington 24,https://determinations.era.govt.nz/assets/elawpdf/2016/b7365bf432/2016_NZERA_Wellington_24.pdf,employee_win,employee_win,yes,no
2016,2016 NZERA Auckland 78,https://determinations.era.govt.nz/assets/elawpdf/2016/b7f310cf30/2016_NZERA_Auckland_78.pdf,employer_win,employer_win,yes,no
2016,2016 NZERA Christchurch 59,https://determinations.era.govt.nz/assets/elawpdf/2016/b8611bb13d/2016_NZERA_Christchurch_59.pdf,employer_win,employee_win,yes,yes
2016,2016 NZERA Auckland 107,https://determinations.era.govt.nz/assets/elawpdf/2016/bba8810722/2016_NZERA_Auckland_107.pdf,employer_win,employer_win,yes,no
2016,2016 NZERA Christchurch 98,https://determinations.era.govt.nz/assets/elawpdf/2016/bea211d511/2016_NZERA_Christchurch_98.pdf,employee_win,employee_win,yes,no
2016,2016 NZERA Wellington 36,https://determinations.era.govt.nz/assets/elawpdf/2016/c05da2b7ad/2016_NZERA_Wellington_36.pdf,employee_win,employee_win,yes,no
2016,2016 NZERA Auckland 116,https://determinations.era.govt.nz/assets/elawpdf/2016/c2dcd548af/2016_NZERA_Auckland_116.pdf,employee_win,employee_win,yes,no
2016,2016 NZERA Auckland 91,https://determinations.era.govt.nz/assets/elawpdf/2016/c46806d6fb/2016_NZERA_Auckland_91.pdf,employee_win,employee_win,yes,no
2016,2016 NZERA Auckland 338,https://determinations.era.govt.nz/assets/elawpdf/2016/c5e51d18ea/2016_NZERA_Auckland_338.pdf,employee_win,employee_win,yes,no
2016,2016 NZERA Auckland 372,https://determinations.era.govt.nz/assets/elawpdf/2016/c6f180b9b3/2016_NZERA_Auckland_372.pdf,employer_win,employee_win,yes,yes
2016,2016 NZERA Auckland 364 amended,https://determinations.era.govt.nz/assets/elawpdf/2016/c7f4a39683/2016_NZERA_Auckland_364_amended.pdf,employee_win,employee_win,yes,no
2016,2016 NZERA Auckland 260,https://determinations.era.govt.nz/assets/elawpdf/2016/ca63ba5cc4/2016_NZERA_Auckland_260.pdf,employee_win,employee_win,yes,no
2016,2016 NZERA Wellington 25a,https://determinations.era.govt.nz/assets/elawpdf/2016/cc1c7f9b8c/2016_NZERA_Wellington_25a.pdf,employee_win,employee_win,yes,no
2016,2016 NZERA Auckland 301,https://determinations.era.govt.nz/assets/elawpdf/2016/ccd3794ae7/2016_NZERA_Auckland_301.pdf,employee_win,employee_win,yes,no
2016,2016 NZERA Wellington 146,https://determinations.era.govt.nz/assets/elawpdf/2016/cfc2330bd7/2016_NZERA_Wellington_146.pdf,employer_win,employee_win,yes,yes
2016,2016 NZERA Auckland 26,https://determinations.era.govt.nz/assets/elawpdf/2016/d264e0f919/2016_NZERA_Auckland_26.pdf,employee_win,employer_win,yes,yes
2016,2016 NZERA Christchurch 55,https://determinations.era.govt.nz/assets/elawpdf/2016/d409ad4924/2016_NZERA_Christchurch_55.pdf,employee_win,employee_win,yes,no
2016,2016 NZERA Christchurch 224,https://determinations.era.govt.nz/assets/elawpdf/2016/d6cc677cdd/2016_NZERA_Christchurch_224.pdf,employee_win,employer_win,yes,yes
2016,2016 NZERA Auckland 155,https://determinations.era.govt.nz/assets/elawpdf/2016/d8f287649b/2016_NZERA_Auckland_155.pdf,employee_win,employee_win,yes,no
2016,2016 NZERA Auckland 183,https://determinations.era.govt.nz/assets/elawpdf/2016/d94f592782/2016_NZERA_Auckland_183.pdf,employee_win,employee_win,yes,no
2016,2016 NZERA Wellington 60,https://determinations.era.govt.nz/assets/elawpdf/2016/d9f35d8605/2016_NZERA_Wellington_60.pdf,employee_win,employee_win,yes,no
2016,2016 NZERA Auckland 236,https://determinations.era.govt.nz/assets/elawpdf/2016/da1a57dc63/2016_NZERA_Auckland_236.pdf,employer_win,employer_win,yes,no
2016,2016 NZERA Wellington 154,https://determinations.era.govt.nz/assets/elawpdf/2016/daa2fc3e30/2016_NZERA_Wellington_154.pdf,employer_win,employer_win,yes,no
2016,2016 NZERA Auckland 147,https://determinations.era.govt.nz/assets/elawpdf/2016/dd56277926/2016_NZERA_Auckland_147.pdf,employer_win,employer_win,yes,no
2016,2016 NZERA Wellington 134 amended,https://determinations.era.govt.nz/assets/elawpdf/2016/de96bce017/2016_NZERA_Wellington_134_amended.pdf,employer_win,employee_win,yes,yes
2016,2016 NZERA Christchurch 52,https://determinations.era.govt.nz/assets/elawpdf/2016/dfc12e3643/2016_NZERA_Christchurch_52.pdf,employee_win,employee_win,yes,no
2016,2016 NZERA Auckland 290,https://determinations.era.govt.nz/assets/elawpdf/2016/dfe2443a0a/2016_NZERA_Auckland_290.pdf,employer_win,employee_win,yes,yes
2016,2016 NZERA Wellington 148 amended,https://determinations.era.govt.nz/assets/elawpdf/2016/e4543986bf/2016_NZERA_Wellington_148_amended.pdf,employee_win,employer_win,yes,yes
2016,2016 NZERA Auckland 367,https://determinations.era.govt.nz/assets/elawpdf/2016/e4d51045d3/2016_NZERA_Auckland_367.pdf,employee_win,employer_win,yes,yes
2016,2016 NZERA Wellington 57,https://determinations.era.govt.nz/assets/elawpdf/2016/e577bf7be9/2016_NZERA_Wellington_57.pdf,employee_win,employee_win,yes,no
2016,2016 NZERA Auckland 324,https://determinations.era.govt.nz/assets/elawpdf/2016/e8ab59f452/2016_NZERA_Auckland_324.pdf,employee_win,employee_win,yes,no
2016,2016 NZERA Wellington 3,https://determinations.era.govt.nz/assets/elawpdf/2016/ea158d1914/2016_NZERA_Wellington_3.pdf,employee_win,employee_win,yes,no
2016,2016 NZERA Auckland 374,https://determinations.era.govt.nz/assets/elawpdf/2016/ea7e48bd29/2016_NZERA_Auckland_374.pdf,employer_win,employer_win,yes,no
2016,2016 NZERA Auckland 333,https://determinations.era.govt.nz/assets/elawpdf/2016/ebdfbc6e0f/2016_NZERA_Auckland_333.pdf,employee_win,employer_win,yes,yes
2016,2016 NZERA Auckland 385,https://determinations.era.govt.nz/assets/elawpdf/2016/ed5b77e7f8/2016_NZERA_Auckland_385.pdf,employee_win,employee_win,yes,no
2016,2016 NZERA Auckland 349,https://determinations.era.govt.nz/assets/elawpdf/2016/eefd2880f5/2016_NZERA_Auckland_349.pdf,employee_win,employer_win,yes,yes
2016,2016 NZERA Christchurch 96,https://determinations.era.govt.nz/assets/elawpdf/2016/f07d5ae0ae/2016_NZERA_Christchurch_96.pdf,employee_win,employee_win,yes,no
2016,2016 NZERA Auckland 51,https://determinations.era.govt.nz/assets/elawpdf/2016/f143e31f83/2016_NZERA_Auckland_51.pdf,employee_win,employer_win,yes,yes
2016,2016 NZERA Wellington 43,https://determinations.era.govt.nz/assets/elawpdf/2016/f1c66f24ac/2016_NZERA_Wellington_43.pdf,employee_win,employee_win,yes,no
2016,2016 NZERA Christchurch 138,https://determinations.era.govt.nz/assets/elawpdf/2016/f20dc74d86/2016_NZERA_Christchurch_138.pdf,employee_win,employer_win,yes,yes
2016,2016 NZERA Auckland 124,https://determinations.era.govt.nz/assets/elawpdf/2016/f263878015/2016_NZERA_Auckland_124.pdf,employee_win,employer_win,yes,yes
2016,2016 NZERA Christchurch 160,https://determinations.era.govt.nz/assets/elawpdf/2016/f36ef3d69c/2016_NZERA_Christchurch_160.pdf,employee_win,employee_win,yes,no
2016,2016 NZERA Auckland 31,https://determinations.era.govt.nz/assets/elawpdf/2016/f429cebf3b/2016_NZERA_Auckland_31.pdf,employee_win,employee_win,yes,no
2016,2016 NZERA Wellington 39,https://determinations.era.govt.nz/assets/elawpdf/2016/f6ce34bfb7/2016_NZERA_Wellington_39.pdf,employee_win,employee_win,yes,no
2016,2016 NZERA Christchurch 34,https://determinations.era.govt.nz/assets/elawpdf/2016/f74d0dcb13/2016_NZERA_Christchurch_34.pdf,employee_win,employee_win,yes,no
2016,2016 NZERA Auckland 277,https://determinations.era.govt.nz/assets/elawpdf/2016/fa3e41fe6f/2016_NZERA_Auckland_277.pdf,employee_win,employee_win,yes,no
2016,2016 NZERA Auckland 204,https://determinations.era.govt.nz/assets/elawpdf/2016/fa555fc6da/2016_NZERA_Auckland_204.pdf,employer_win,employer_win,yes,no
2016,2016 NZERA Christchurch 105,https://determinations.era.govt.nz/assets/elawpdf/2016/fbb1c7b5d9/2016_NZERA_Christchurch_105.pdf,employee_win,employee_win,yes,no
2016,2016 NZERA Christchurch 36,https://determinations.era.govt.nz/assets/elawpdf/2016/fe1456e4d2/2016_NZERA_Christchurch_36.pdf,employee_win,employee_win,yes,no
2017,2017 NZERA Auckland 138,https://determinations.era.govt.nz/assets/elawpdf/2017/001ecb80b8/2017_NZERA_Auckland_138.pdf,employee_win,employee_win,yes,no
2017,2017 NZERA Auckland 170,https://determinations.era.govt.nz/assets/elawpdf/2017/01f5f71b6e/2017_NZERA_Auckland_170.pdf,employer_win,employer_win,yes,no
2017,2017 NZERA Auckland 82,https://determinations.era.govt.nz/assets/elawpdf/2017/0276cd59a8/2017_NZERA_Auckland_82.pdf,employee_win,employee_win,yes,no
2017,2017 NZERA Wellington 55,https://determinations.era.govt.nz/assets/elawpdf/2017/04774e036b/2017_NZERA_Wellington_55.pdf,employee_win,employee_win,yes,no
2017,2017 NZERA Auckland 101,https://determinations.era.govt.nz/assets/elawpdf/2017/05c407972d/2017_NZERA_Auckland_101.pdf,employer_win,employer_win,yes,no
2017,2017 NZERA Auckland 145,https://determinations.era.govt.nz/assets/elawpdf/2017/06eba67504/2017_NZERA_Auckland_145.pdf,employee_win,employee_win,yes,no
2017,2017 NZERA Auckland 370,https://determinations.era.govt.nz/assets/elawpdf/2017/0723a4a587/2017_NZERA_Auckland_370.pdf,employee_win,employee_win,yes,no
2017,2017 NZERA Christchurch 110,https://determinations.era.govt.nz/assets/elawpdf/2017/07b3b7ec01/2017_NZERA_Christchurch_110.pdf,employer_win,employer_win,yes,no
2017,2017 NZERA Wellington 71,https://determinations.era.govt.nz/assets/elawpdf/2017/080c0b9a06/2017_NZERA_Wellington_71.pdf,employer_win,employer_win,yes,no
2017,2017 NZERA Christchurch 164,https://determinations.era.govt.nz/assets/elawpdf/2017/0de2a85834/2017_NZERA_Christchurch_164.pdf,employee_win,employee_win,yes,no
2017,2017 NZERA Auckland 159,https://determinations.era.govt.nz/assets/elawpdf/2017/114e7f7ba0/2017_NZERA_Auckland_159.pdf,employer_win,employer_win,yes,no
2017,2017 NZERA Auckland 22 amended,https://determinations.era.govt.nz/assets/elawpdf/2017/1205f1e529/2017_NZERA_Auckland_22_amended.pdf,employer_win,employer_win,yes,no
2017,2017 NZERA Wellington 40,https://determinations.era.govt.nz/assets/elawpdf/2017/1667ebdc12/2017_NZERA_Wellington_40.pdf,employee_win,employer_win,yes,yes
2017,2017 NZERA Auckland 319,https://determinations.era.govt.nz/assets/elawpdf/2017/166e727d4c/2017_NZERA_Auckland_319.pdf,employee_win,employee_win,yes,no
2017,2017 NZERA Wellington 101,https://determinations.era.govt.nz/assets/elawpdf/2017/16c454982b/2017_NZERA_Wellington_101.pdf,employee_win,employee_win,yes,no
2017,2017 NZERA Christchurch 203,https://determinations.era.govt.nz/assets/elawpdf/2017/16ea8eddfa/2017_NZERA_Christchurch_203.pdf,employer_win,employee_win,yes,yes
2017,2017 NZERA Wellington 104,https://determinations.era.govt.nz/assets/elawpdf/2017/16fb852bfa/2017_NZERA_Wellington_104.pdf,employer_win,employee_win,yes,yes
2017,2017 NZERA Wellington 105,https://determinations.era.govt.nz/assets/elawpdf/2017/17ea110f03/2017_NZERA_Wellington_105.pdf,employer_win,employer_win,yes,no
2017,2017 NZERA Auckland 355,https://determinations.era.govt.nz/assets/elawpdf/2017/1862d76afb/2017_NZERA_Auckland_355.pdf,employee_win,employee_win,yes,no
2017,2017 NZERA Christchurch 181,https://determinations.era.govt.nz/assets/elawpdf/2017/19581c432d/2017_NZERA_Christchurch_181.pdf,employee_win,employee_win,yes,no
2017,2017 NZERA Christchurch 183,https://determinations.era.govt.nz/assets/elawpdf/2017/19e440856f/2017_NZERA_Christchurch_183.pdf,employee_win,employer_win,yes,yes
2017,2017 NZERA Auckland 124,https://determinations.era.govt.nz/assets/elawpdf/2017/1afd03f9c4/2017_NZERA_Auckland_124.pdf,employee_win,employee_win,yes,no
2017,2017 NZERA Wellington 86,https://determinations.era.govt.nz/assets/elawpdf/2017/1b397e75c7/2017_NZERA_Wellington_86.pdf,employee_win,employee_win,yes,no
2017,2017 NZERA Auckland 379,https://determinations.era.govt.nz/assets/elawpdf/2017/1bf4aa03cd/2017_NZERA_Auckland_379.pdf,employee_win,employee_win,yes,no
2017,2017 NZERA Auckland 360,https://determinations.era.govt.nz/assets/elawpdf/2017/1e4f31287e/2017_NZERA_Auckland_360.pdf,employee_win,employer_win,yes,yes
2017,2017 NZERA Christchurch 169,https://determinations.era.govt.nz/assets/elawpdf/2017/22a067d7db/2017_NZERA_Christchurch_169.pdf,employer_win,employer_win,yes,no
2017,2017 NZERA Christchurch 129,https://determinations.era.govt.nz/assets/elawpdf/2017/2339e3f7c3/2017_NZERA_Christchurch_129.pdf,employer_win,employer_win,yes,no
2017,2017 NZERA Auckland 310,https://determinations.era.govt.nz/assets/elawpdf/2017/2564c6f56c/2017_NZERA_Auckland_310.pdf,employer_win,employer_win,yes,no
2017,2017 NZERA Wellington 11,https://determinations.era.govt.nz/assets/elawpdf/2017/25e0e8929c/2017_NZERA_Wellington_11.pdf,employee_win,employer_win,yes,yes
2017,2017 NZERA Christchurch 210,https://determinations.era.govt.nz/assets/elawpdf/2017/2610406add/2017_NZERA_Christchurch_210.pdf,employee_win,employee_win,yes,no
2017,2017 NZERA Christchurch 142,https://determinations.era.govt.nz/assets/elawpdf/2017/26173679df/2017_NZERA_Christchurch_142.pdf,employee_win,employee_win,yes,no
2017,2017 NZERA Christchurch 161,https://determinations.era.govt.nz/assets/elawpdf/2017/28225a2c2c/2017_NZERA_Christchurch_161.pdf,employee_win,employee_win,yes,no
2017,2017 NZERA Auckland 245,https://determinations.era.govt.nz/assets/elawpdf/2017/2979c4d3e4/2017_NZERA_Auckland_245.pdf,employee_win,employee_win,yes,no
2017,2017 NZERA Auckland 282,https://determinations.era.govt.nz/assets/elawpdf/2017/2b501fe259/2017_NZERA_Auckland_282.pdf,employee_win,employee_win,yes,no
2017,2017 NZERA Auckland 278,https://determinations.era.govt.nz/assets/elawpdf/2017/2c22a1c368/2017_NZERA_Auckland_278.pdf,employee_win,employee_win,yes,no
2017,2017 NZERA Auckland 222,https://determinations.era.govt.nz/assets/elawpdf/2017/2c79c63862/2017_NZERA_Auckland_222.pdf,employee_win,employee_win,yes,no
2017,2017 NZERA Christchurch 206,https://determinations.era.govt.nz/assets/elawpdf/2017/2d4fb694d0/2017_NZERA_Christchurch_206.pdf,employer_win,employer_win,yes,no
2017,2017 NZERA Christchurch 99,https://determinations.era.govt.nz/assets/elawpdf/2017/2e2ba24120/2017_NZERA_Christchurch_99.pdf,employer_win,employer_win,yes,no
2017,2017 NZERA Christchurch 138,https://determinations.era.govt.nz/assets/elawpdf/2017/2e989621bc/2017_NZERA_Christchurch_138.pdf,employee_win,employee_win,yes,no
2017,2017 NZERA Christchurch 13,https://determinations.era.govt.nz/assets/elawpdf/2017/2fad7a7064/2017_NZERA_Christchurch_13.pdf,employee_win,employee_win,yes,no
2017,2017 NZERA Auckland 136,https://determinations.era.govt.nz/assets/elawpdf/2017/3319970006/2017_NZERA_Auckland_136.pdf,employer_win,employee_win,yes,yes
2017,2017 NZERA Wellington 93,https://determinations.era.govt.nz/assets/elawpdf/2017/36efde128f/2017_NZERA_Wellington_93.pdf,employee_win,employee_win,yes,no
2017,2017 NZERA Christchurch 215,https://determinations.era.govt.nz/assets/elawpdf/2017/38554c4bdf/2017_NZERA_Christchurch_215.pdf,employee_win,employee_win,yes,no
2017,2017 NZERA Auckland 290,https://determinations.era.govt.nz/assets/elawpdf/2017/392da960fe/2017_NZERA_Auckland_290.pdf,employer_win,employer_win,yes,no
2017,2017 NZERA Auckland 24,https://determinations.era.govt.nz/assets/elawpdf/2017/397f9fc84b/2017_NZERA_Auckland_24.pdf,employee_win,employer_win,yes,yes
2017,2017 NZERA Auckland 400,https://determinations.era.govt.nz/assets/elawpdf/2017/3a046b67a7/2017_NZERA_Auckland_400.pdf,employee_win,employee_win,yes,no
2017,2017 NZERA Auckland 329,https://determinations.era.govt.nz/assets/elawpdf/2017/3b7ad757a7/2017_NZERA_Auckland_329.pdf,employee_win,employee_win,yes,no
2017,2017 NZERA Christchurch 191,https://determinations.era.govt.nz/assets/elawpdf/2017/3cee011a41/2017_NZERA_Christchurch_191.pdf,employee_win,employee_win,yes,no
2017,2017 NZERA Christchurch 103,https://determinations.era.govt.nz/assets/elawpdf/2017/3fb4e793ba/2017_NZERA_Christchurch_103.pdf,employer_win,employee_win,yes,yes
2017,2017 NZERA Auckland 191,https://determinations.era.govt.nz/assets/elawpdf/2017/416fc3d7b1/2017_NZERA_Auckland_191.pdf,employer_win,employee_win,yes,yes
2017,2017 NZERA Christchurch 125,https://determinations.era.govt.nz/assets/elawpdf/2017/42f84fcd57/2017_NZERA_Christchurch_125.pdf,employee_win,employee_win,yes,no
2017,2017 NZERA Wellington 13,https://determinations.era.govt.nz/assets/elawpdf/2017/43e53a4e2c/2017_NZERA_Wellington_13.pdf,employee_win,employee_win,yes,no
2017,2017 NZERA Auckland 281,https://determinations.era.govt.nz/assets/elawpdf/2017/45562c0449/2017_NZERA_Auckland_281.pdf,employee_win,employer_win,yes,yes
2017,2017 NZERA Auckland 15,https://determinations.era.govt.nz/assets/elawpdf/2017/48f268e3ea/2017_NZERA_Auckland_15.pdf,employee_win,employee_win,yes,no
2017,2017 NZERA Auckland 105,https://determinations.era.govt.nz/assets/elawpdf/2017/494d5a9245/2017_NZERA_Auckland_105.pdf,employee_win,employee_win,yes,no
2017,2017 NZERA Wellington 75,https://determinations.era.govt.nz/assets/elawpdf/2017/4ded580c36/2017_NZERA_Wellington_75.pdf,employer_win,employee_win,yes,yes
2017,2017 NZERA Auckland 255,https://determinations.era.govt.nz/assets/elawpdf/2017/4f567f3639/2017_NZERA_Auckland_255.pdf,employer_win,employer_win,yes,no
2017,2017 NZERA Wellington 16 amended,https://determinations.era.govt.nz/assets/elawpdf/2017/4f633a5c6c/2017_NZERA_Wellington_16_amended.pdf,employee_win,employee_win,yes,no
2017,2017 NZERA Christchurch 80,https://determinations.era.govt.nz/assets/elawpdf/2017/5030116360/2017_NZERA_Christchurch_80.pdf,employer_win,employee_win,yes,yes
2017,2017 NZERA Christchurch 55,https://determinations.era.govt.nz/assets/elawpdf/2017/525805f73b/2017_NZERA_Christchurch_55.pdf,employee_win,employee_win,yes,no
2017,2017 NZERA Christchurch 217,https://determinations.era.govt.nz/assets/elawpdf/2017/529fdc9d32/2017_NZERA_Christchurch_217.pdf,employer_win,employer_win,yes,no
2017,2017 NZERA Christchurch 102,https://determinations.era.govt.nz/assets/elawpdf/2017/54ccf37a02/2017_NZERA_Christchurch_102.pdf,employee_win,employee_win,yes,no
2017,2017 NZERA Wellington 35,https://determinations.era.govt.nz/assets/elawpdf/2017/58a6670b46/2017_NZERA_Wellington_35.pdf,employee_win,employee_win,yes,no
2017,2017 NZERA Auckland 144,https://determinations.era.govt.nz/assets/elawpdf/2017/58b1424d6d/2017_NZERA_Auckland_144.pdf,employee_win,employer_win,yes,yes
2017,2017 NZERA Auckland 107,https://determinations.era.govt.nz/assets/elawpdf/2017/5d4ccdfca5/2017_NZERA_Auckland_107.pdf,employee_win,employee_win,yes,no
2017,2017 NZERA Auckland 75,https://determinations.era.govt.nz/assets/elawpdf/2017/653b355704/2017_NZERA_Auckland_75.pdf,employer_win,employer_win,yes,no
2017,2017 NZERA Christchurch 209,https://determinations.era.govt.nz/assets/elawpdf/2017/6599470288/2017_NZERA_Christchurch_209.pdf,employer_win,employer_win,yes,no
2017,2017 NZERA Auckland 235,https://determinations.era.govt.nz/assets/elawpdf/2017/665ddf1878/2017_NZERA_Auckland_235.pdf,employee_win,employee_win,yes,no
2017,2017 NZERA Christchurch 40,https://determinations.era.govt.nz/assets/elawpdf/2017/688664fccc/2017_NZERA_Christchurch_40.pdf,employer_win,employer_win,yes,no
2017,2017 NZERA Auckland 353,https://determinations.era.govt.nz/assets/elawpdf/2017/68a606dc06/2017_NZERA_Auckland_353.pdf,employer_win,employer_win,yes,no
2017,2017 NZERA Auckland 52 amended,https://determinations.era.govt.nz/assets/elawpdf/2017/69b17f8692/2017_NZERA_Auckland_52_amended.pdf,employee_win,employee_win,yes,no
2017,2017 NZERA Auckland 279,https://determinations.era.govt.nz/assets/elawpdf/2017/6a0aa49c6f/2017_NZERA_Auckland_279.pdf,employee_win,employee_win,yes,no
2017,2017 NZERA Christchurch 53,https://determinations.era.govt.nz/assets/elawpdf/2017/6b69c4efa9/2017_NZERA_Christchurch_53.pdf,employee_win,employee_win,yes,no
2017,2017 NZERA Christchurch 170,https://determinations.era.govt.nz/assets/elawpdf/2017/6df280e6fe/2017_NZERA_Christchurch_170.pdf,employee_win,employee_win,yes,no
2017,2017 NZERA Auckland 10 amended,https://determinations.era.govt.nz/assets/elawpdf/2017/6f2d7e8f1d/2017_NZERA_Auckland_10_amended.pdf,employer_win,employer_win,yes,no
2017,2017 NZERA Auckland 389,https://determinations.era.govt.nz/assets/elawpdf/2017/6fa490fc9d/2017_NZERA_Auckland_389.pdf,employee_win,employee_win,yes,no
2017,2017 NZERA Wellington 63,https://determinations.era.govt.nz/assets/elawpdf/2017/713154d503/2017_NZERA_Wellington_63.pdf,employer_win,employer_win,yes,no
2017,2017 NZERA Auckland 26,https://determinations.era.govt.nz/assets/elawpdf/2017/731b611d18/2017_NZERA_Auckland_26.pdf,employee_win,employee_win,yes,no
2017,2017 NZERA Christchurch 223,https://determinations.era.govt.nz/assets/elawpdf/2017/742a177d26/2017_NZERA_Christchurch_223.pdf,employee_win,employee_win,yes,no
2017,2017 NZERA Auckland 347,https://determinations.era.govt.nz/assets/elawpdf/2017/74488ac935/2017_NZERA_Auckland_347.pdf,employee_win,employee_win,yes,no
2017,[2017] NZERA 216,https://determinations.era.govt.nz/assets/elawpdf/2017/75c16e1af3/2017_NZERA_Auckland_225.pdf,employee_win,employer_win,yes,yes
2017,2017 NZERA Auckland 323,https://determinations.era.govt.nz/assets/elawpdf/2017/7662f8483b/2017_NZERA_Auckland_323.pdf,employee_win,employee_win,yes,no
2017,2017 NZERA Christchurch 162,https://determinations.era.govt.nz/assets/elawpdf/2017/7765f6873e/2017_NZERA_Christchurch_162.pdf,employer_win,employer_win,yes,no
2017,2017 NZERA Auckland 374,https://determinations.era.govt.nz/assets/elawpdf/2017/788afea8f9/2017_NZERA_Auckland_374.pdf,employee_win,employee_win,yes,no
2017,2017 NZERA Auckland 283,https://determinations.era.govt.nz/assets/elawpdf/2017/78eaa4b61c/2017_NZERA_Auckland_283.pdf,employee_win,employee_win,yes,no
2017,2017 NZERA Auckland 328,https://determinations.era.govt.nz/assets/elawpdf/2017/7902898929/2017_NZERA_Auckland_328.pdf,employer_win,employer_win,yes,no
2017,2017 NZERA Auckland 73,https://determinations.era.govt.nz/assets/elawpdf/2017/7b16cd0eb6/2017_NZERA_Auckland_73.pdf,employee_win,employer_win,yes,yes
2017,2017 NZERA Christchurch 141,https://determinations.era.govt.nz/assets/elawpdf/2017/7c8adcd6c1/2017_NZERA_Christchurch_141.pdf,employer_win,employee_win,yes,yes
2017,2017 NZERA Auckland 190,https://determinations.era.govt.nz/assets/elawpdf/2017/7f5b6d2a5b/2017_NZERA_Auckland_190.pdf,employee_win,employee_win,yes,no
2017,2017 NZERA Auckland 51,https://determinations.era.govt.nz/assets/elawpdf/2017/80619ee299/2017_NZERA_Auckland_51.pdf,employee_win,employee_win,yes,no
2017,2017 NZERA Auckland 393,https://determinations.era.govt.nz/assets/elawpdf/2017/80a533158f/2017_NZERA_Auckland_393.pdf,employee_win,employee_win,yes,no
2017,2017 NZERA Auckland 129,https://determinations.era.govt.nz/assets/elawpdf/2017/82b1c6a91e/2017_NZERA_Auckland_129.pdf,employee_win,employee_win,yes,no
2017,2017 NZERA Auckland 343,https://determinations.era.govt.nz/assets/elawpdf/2017/848527db48/2017_NZERA_Auckland_343.pdf,employee_win,employee_win,yes,no
2017,2017 NZERA Auckland 150,https://determinations.era.govt.nz/assets/elawpdf/2017/8576eea918/2017_NZERA_Auckland_150.pdf,employee_win,employee_win,yes,no
2017,2017 NZERA Auckland 335,https://determinations.era.govt.nz/assets/elawpdf/2017/86487dd297/2017_NZERA_Auckland_335.pdf,employer_win,employee_win,yes,yes
2017,2017 NZERA Auckland 368,https://determinations.era.govt.nz/assets/elawpdf/2017/868ec7d42d/2017_NZERA_Auckland_368.pdf,employee_win,employee_win,yes,no
2017,2017 NZERA Auckland 349 amended,https://determinations.era.govt.nz/assets/elawpdf/2017/868f8a5061/2017_NZERA_Auckland_349_amended.pdf,employee_win,employee_win,yes,no
2017,2017 NZERA Christchurch 12,https://determinations.era.govt.nz/assets/elawpdf/2017/8738099094/2017_NZERA_Christchurch_12.pdf,employer_win,employer_win,yes,no
2017,2017 NZERA Auckland 233,https://determinations.era.govt.nz/assets/elawpdf/2017/894a47186f/2017_NZERA_Auckland_233.pdf,employer_win,employer_win,yes,no
2017,2017 NZERA Christchurch 148,https://determinations.era.govt.nz/assets/elawpdf/2017/898639f8f4/2017_NZERA_Christchurch_148.pdf,employee_win,employee_win,yes,no
2017,2017 NZERA Wellington 3,https://determinations.era.govt.nz/assets/elawpdf/2017/8a3fc1f497/2017_NZERA_Wellington_3.pdf,employer_win,employee_win,yes,yes
2017,2017 NZERA Auckland 212,https://determinations.era.govt.nz/assets/elawpdf/2017/8c48fae6ee/2017_NZERA_Auckland_212.pdf,employer_win,employer_win,yes,no
2017,2017 NZERA Auckland 312,https://determinations.era.govt.nz/assets/elawpdf/2017/8d5bf1bfff/2017_NZERA_Auckland_312.pdf,employee_win,employee_win,yes,no
2017,2017 NZERA Christchurch 119,https://determinations.era.govt.nz/assets/elawpdf/2017/8e6c293296/2017_NZERA_Christchurch_119.pdf,employee_win,employee_win,yes,no
2017,2017 NZERA Wellington 100,https://determinations.era.govt.nz/assets/elawpdf/2017/8ff2841a76/2017_NZERA_Wellington_100.pdf,employee_win,employer_win,yes,yes
2017,2017 NZERA Wellington 8,https://determinations.era.govt.nz/assets/elawpdf/2017/902cf347ea/2017_NZERA_Wellington_8.pdf,employer_win,employer_win,yes,no
2017,2017 NZERA Christchurch 186,https://determinations.era.govt.nz/assets/elawpdf/2017/91be107b8a/2017_NZERA_Christchurch_186.pdf,employee_win,employee_win,yes,no
2017,2017 NZERA Auckland 202,https://determinations.era.govt.nz/assets/elawpdf/2017/969bac754d/2017_NZERA_Auckland_202.pdf,employee_win,employee_win,yes,no
2017,2017 NZERA Christchurch 150,https://determinations.era.govt.nz/assets/elawpdf/2017/9866bb3259/2017_NZERA_Christchurch_150.pdf,employee_win,employee_win,yes,no
2017,2017 NZERA Auckland 341,https://determinations.era.govt.nz/assets/elawpdf/2017/98c1cfb675/2017_NZERA_Auckland_341.pdf,employee_win,employee_win,yes,no
2017,2017 NZERA Auckland 214,https://determinations.era.govt.nz/assets/elawpdf/2017/99708316e8/2017_NZERA_Auckland_214.pdf,employee_win,employee_win,yes,no
2017,2017 NZERA Wellington 45,https://determinations.era.govt.nz/assets/elawpdf/2017/9af3f06eef/2017_NZERA_Wellington_45.pdf,employee_win,employee_win,yes,no
2017,2017 NZERA Auckland 397,https://determinations.era.govt.nz/assets/elawpdf/2017/9b0ffa63f9/2017_NZERA_Auckland_397.pdf,employee_win,employee_win,yes,no
2017,2017 NZERA Auckland 256,https://determinations.era.govt.nz/assets/elawpdf/2017/9babe8b699/2017_NZERA_Auckland_256.pdf,employee_win,employee_win,yes,no
2017,2017 NZERA Auckland 273,https://determinations.era.govt.nz/assets/elawpdf/2017/9bd96de5e6/2017_NZERA_Auckland_273.pdf,employee_win,employer_win,yes,yes
2017,2017 NZERA Auckland 309,https://determinations.era.govt.nz/assets/elawpdf/2017/9c4f0eaedb/2017_NZERA_Auckland_309.pdf,employer_win,employer_win,yes,no
2017,2017 NZERA Auckland 359,https://determinations.era.govt.nz/assets/elawpdf/2017/9d63ffa3c1/2017_NZERA_Auckland_359.pdf,employee_win,employee_win,yes,no
2017,2017 NZERA Auckland 260,https://determinations.era.govt.nz/assets/elawpdf/2017/9d8cafae6e/2017_NZERA_Auckland_260.pdf,employer_win,employer_win,yes,no
2017,2017 NZERA Auckland 155,https://determinations.era.govt.nz/assets/elawpdf/2017/a0cc4166eb/2017_NZERA_Auckland_155.pdf,employee_win,employee_win,yes,no
2017,2017 NZERA Wellington 74,https://determinations.era.govt.nz/assets/elawpdf/2017/a166b5c262/2017_NZERA_Wellington_74.pdf,employer_win,employer_win,yes,no
2017,2017 NZERA Wellington 135,https://determinations.era.govt.nz/assets/elawpdf/2017/a30e7b5e1d/2017_NZERA_Wellington_135.pdf,employer_win,employee_win,yes,yes
2017,2017 NZERA Wellington 96,https://determinations.era.govt.nz/assets/elawpdf/2017/a4f86f889f/2017_NZERA_Wellington_96.pdf,employer_win,employee_win,yes,yes
2017,2017 NZERA Christchurch 146,https://determinations.era.govt.nz/assets/elawpdf/2017/a5a0604c32/2017_NZERA_Christchurch_146.pdf,employee_win,employer_win,yes,yes
2017,2017 NZERA Wellington 130,https://determinations.era.govt.nz/assets/elawpdf/2017/a6a11d5524/2017_NZERA_Wellington_130.pdf,employer_win,employer_win,yes,no
2017,2017 NZERA Wellington 47,https://determinations.era.govt.nz/assets/elawpdf/2017/a6daf20a43/2017_NZERA_Wellington_47.pdf,employer_win,employer_win,yes,no
2017,2017 NZERA Wellington 7,https://determinations.era.govt.nz/assets/elawpdf/2017/ab56158222/2017_NZERA_Wellington_7.pdf,employee_win,employee_win,yes,no
2017,2017 NZERA Christchurch 8,https://determinations.era.govt.nz/assets/elawpdf/2017/acb7ac39a4/2017_NZERA_Christchurch_8.pdf,employee_win,employer_win,yes,yes
2017,2017 NZERA Auckland 187,https://determinations.era.govt.nz/assets/elawpdf/2017/ae621d017c/2017_NZERA_Auckland_187.pdf,employee_win,employee_win,yes,no
2017,2017 NZERA Wellington 18,https://determinations.era.govt.nz/assets/elawpdf/2017/b215497fde/2017_NZERA_Wellington_18.pdf,employer_win,employee_win,yes,yes
2017,2017 NZERA Christchurch 10,https://determinations.era.govt.nz/assets/elawpdf/2017/b286843605/2017_NZERA_Christchurch_10.pdf,employee_win,employee_win,yes,no
2017,2017 NZERA Auckland 11,https://determinations.era.govt.nz/assets/elawpdf/2017/b469724e26/2017_NZERA_Auckland_11.pdf,employee_win,employee_win,yes,no
2017,2017 NZERA Wellington 103,https://determinations.era.govt.nz/assets/elawpdf/2017/b57c91c9fc/2017_NZERA_Wellington_103.pdf,employer_win,employer_win,yes,no
2017,2017 NZERA Auckland 321,https://determinations.era.govt.nz/assets/elawpdf/2017/b86f11599c/2017_NZERA_Auckland_321.pdf,employee_win,employee_win,yes,no
2017,2017 NZERA Auckland 135 amended,https://determinations.era.govt.nz/assets/elawpdf/2017/b906428036/2017_NZERA_Auckland_135_amended.pdf,employer_win,employee_win,yes,yes
2017,2017 NZERA Auckland 375,https://determinations.era.govt.nz/assets/elawpdf/2017/c1b18cb188/2017_NZERA_Auckland_375.pdf,employee_win,employee_win,yes,no
2017,2017 NZERA Auckland 382,https://determinations.era.govt.nz/assets/elawpdf/2017/c2a66a081b/2017_NZERA_Auckland_382.pdf,employee_win,employee_win,yes,no
2017,2017 NZERA Auckland 9,https://determinations.era.govt.nz/assets/elawpdf/2017/c2e6bbdcd5/2017_NZERA_Auckland_9.pdf,employee_win,employee_win,yes,no
2017,2017 NZERA Auckland 266,https://determinations.era.govt.nz/assets/elawpdf/2017/c318879ae0/2017_NZERA_Auckland_266.pdf,employee_win,employer_win,yes,yes
2017,2017 NZERA Wellington 38,https://determinations.era.govt.nz/assets/elawpdf/2017/c346abfad8/2017_NZERA_Wellington_38.pdf,employee_win,employer_win,yes,yes
2017,2017 NZERA Auckland 182,https://determinations.era.govt.nz/assets/elawpdf/2017/c4b8b6cdae/2017_NZERA_Auckland_182.pdf,employee_win,employee_win,yes,no
2017,2017 NZERA Christchurch 1,https://determinations.era.govt.nz/assets/elawpdf/2017/c90baeaa89/2017_NZERA_Christchurch_1.pdf,employee_win,employee_win,yes,no
2017,2017 NZERA Christchurch 192,https://determinations.era.govt.nz/assets/elawpdf/2017/c9be9c9d71/2017_NZERA_Christchurch_192.pdf,employer_win,employer_win,yes,no
2017,2017 NZERA Auckland 313,https://determinations.era.govt.nz/assets/elawpdf/2017/c9eab50adb/2017_NZERA_Auckland_313.pdf,employee_win,employee_win,yes,no
2017,2017 NZERA Christchurch 207,https://determinations.era.govt.nz/assets/elawpdf/2017/cb9b84fa98/2017_NZERA_Christchurch_207.pdf,employer_win,employee_win,yes,yes
2017,2017 NZERA Auckland 234 amended,https://determinations.era.govt.nz/assets/elawpdf/2017/cc23b27098/2017_NZERA_Auckland_234_amended.pdf,employee_win,employee_win,yes,no
2017,2017 NZERA Auckland 184,https://determinations.era.govt.nz/assets/elawpdf/2017/cd9e0cee73/2017_NZERA_Auckland_184.pdf,employee_win,employee_win,yes,no
2017,2017 NZERA Christchurch 36,https://determinations.era.govt.nz/assets/elawpdf/2017/ceb40724d4/2017_NZERA_Christchurch_36.pdf,employee_win,employee_win,yes,no
2017,2017 NZERA Auckland 179,https://determinations.era.govt.nz/assets/elawpdf/2017/d02c5c5190/2017_NZERA_Auckland_179.pdf,employee_win,employee_win,yes,no
2017,2017 NZERA Christchurch 158,https://determinations.era.govt.nz/assets/elawpdf/2017/d071a6a15c/2017_NZERA_Christchurch_158.pdf,employee_win,employee_win,yes,no
2017,2017 NZERA Auckland 25,https://determinations.era.govt.nz/assets/elawpdf/2017/d0a7979480/2017_NZERA_Auckland_25.pdf,employer_win,employer_win,yes,no
2017,2017 NZERA Wellington 24,https://determinations.era.govt.nz/assets/elawpdf/2017/d144c8bea8/2017_NZERA_Wellington_24.pdf,employee_win,employee_win,yes,no
2017,2017 NZERA Christchurch 78,https://determinations.era.govt.nz/assets/elawpdf/2017/d2263ad0a0/2017_NZERA_Christchurch_78.pdf,employee_win,employee_win,yes,no
2017,2017 NZERA Wellington 36,https://determinations.era.govt.nz/assets/elawpdf/2017/d2c339ecd8/2017_NZERA_Wellington_36.pdf,employee_win,employee_win,yes,no
2017,2017 NZERA Auckland 53,https://determinations.era.govt.nz/assets/elawpdf/2017/d4aee9153c/2017_NZERA_Auckland_53.pdf,employee_win,employee_win,yes,no
2017,2017 NZERA Auckland 45,https://determinations.era.govt.nz/assets/elawpdf/2017/d606097057/2017_NZERA_Auckland_45.pdf,employer_win,employer_win,yes,no
2017,2017 NZERA Christchurch 20,https://determinations.era.govt.nz/assets/elawpdf/2017/d6456d82e7/2017_NZERA_Christchurch_20.pdf,employer_win,employee_win,yes,yes
2017,2017 NZERA Auckland 204,https://determinations.era.govt.nz/assets/elawpdf/2017/d65a28fab0/2017_NZERA_Auckland_204.pdf,employee_win,employee_win,yes,no
2017,2017 NZERA Christchurch 98,https://determinations.era.govt.nz/assets/elawpdf/2017/d6da5d4c5f/2017_NZERA_Christchurch_98.pdf,employee_win,employee_win,yes,no
2017,2017 NZERA Christchurch 62,https://determinations.era.govt.nz/assets/elawpdf/2017/d79ffa8855/2017_NZERA_Christchurch_62.pdf,employee_win,employee_win,yes,no
2017,2017 NZERA Christchurch 163,https://determinations.era.govt.nz/assets/elawpdf/2017/d8c1a531b4/2017_NZERA_Christchurch_163.pdf,employee_win,employee_win,yes,no
2017,2017 NZERA Christchurch 97,https://determinations.era.govt.nz/assets/elawpdf/2017/d900bc71a9/2017_NZERA_Christchurch_97.pdf,employee_win,employee_win,yes,no
2017,2017 NZERA Wellington 39,https://determinations.era.govt.nz/assets/elawpdf/2017/dcfb949f67/2017_NZERA_Wellington_39.pdf,employer_win,employer_win,yes,no
2017,2017 NZERA Wellington 49,https://determinations.era.govt.nz/assets/elawpdf/2017/df8ee8218e/2017_NZERA_Wellington_49.pdf,employee_win,employee_win,yes,no
2017,2017 NZERA Wellington 56,https://determinations.era.govt.nz/assets/elawpdf/2017/e03cce1e73/2017_NZERA_Wellington_56.pdf,employer_win,employer_win,yes,no
2017,2017 NZERA Auckland 298,https://determinations.era.govt.nz/assets/elawpdf/2017/e185851036/2017_NZERA_Auckland_298.pdf,employee_win,employee_win,yes,no
2017,2017 NZERA Auckland 398,https://determinations.era.govt.nz/assets/elawpdf/2017/e2b7d7a82a/2017_NZERA_Auckland_398.pdf,employer_win,employer_win,yes,no
2017,2017 NZERA Auckland 113,https://determinations.era.govt.nz/assets/elawpdf/2017/e30fd882e5/2017_NZERA_Auckland_113.pdf,employer_win,employee_win,yes,yes
2017,2017 NZERA Christchurch 224,https://determinations.era.govt.nz/assets/elawpdf/2017/e461f99891/2017_NZERA_Christchurch_224.pdf,employee_win,employee_win,yes,no
2017,2017 NZERA Auckland 261,https://determinations.era.govt.nz/assets/elawpdf/2017/e49a41a7aa/2017_NZERA_Auckland_261.pdf,employee_win,employee_win,yes,no
2017,2017 NZERA Christchurch 201,https://determinations.era.govt.nz/assets/elawpdf/2017/e501c2a9f8/2017_NZERA_Christchurch_201.pdf,employer_win,employee_win,yes,yes
2017,2017 NZERA Auckland 109,https://determinations.era.govt.nz/assets/elawpdf/2017/e58ee5364e/2017_NZERA_Auckland_109.pdf,employee_win,employee_win,yes,no
2017,2017 NZERA Auckland 21,https://determinations.era.govt.nz/assets/elawpdf/2017/e5cfcaf30e/2017_NZERA_Auckland_21.pdf,employer_win,employee_win,yes,yes
2017,2017 NZERA Christchurch 178,https://determinations.era.govt.nz/assets/elawpdf/2017/e6b116c1a2/2017_NZERA_Christchurch_178.pdf,employer_win,employee_win,yes,yes
2017,2017 NZERA Christchurch 154,https://determinations.era.govt.nz/assets/elawpdf/2017/e945d58993/2017_NZERA_Christchurch_154.pdf,employee_win,employee_win,yes,no
2017,2017 NZERA Auckland 324,https://determinations.era.govt.nz/assets/elawpdf/2017/e9f64c037b/2017_NZERA_Auckland_324.pdf,employee_win,employee_win,yes,no
2017,2017 NZERA Christchurch 52,https://determinations.era.govt.nz/assets/elawpdf/2017/eb563a5d12/2017_NZERA_Christchurch_52.pdf,employee_win,employer_win,yes,yes
2017,2017 NZERA Auckland 317,https://determinations.era.govt.nz/assets/elawpdf/2017/eccd1dcc22/2017_NZERA_Auckland_317.pdf,employee_win,employer_win,yes,yes
2017,2017 NZERA Wellington 31,https://determinations.era.govt.nz/assets/elawpdf/2017/f1bc930f8a/2017_NZERA_Wellington_31.pdf,employee_win,employee_win,yes,no
2017,2017 NZERA Auckland 18,https://determinations.era.govt.nz/assets/elawpdf/2017/f41ed29cc5/2017_NZERA_Auckland_18.pdf,employee_win,employee_win,yes,no
2017,2017 NZERA Auckland 252,https://determinations.era.govt.nz/assets/elawpdf/2017/f5f2245b92/2017_NZERA_Auckland_252.pdf,employer_win,employer_win,yes,no
2017,2017 NZERA Christchurch 75,https://determinations.era.govt.nz/assets/elawpdf/2017/f7bad10b37/2017_NZERA_Christchurch_75.pdf,employee_win,employee_win,yes,no
2017,2017 NZERA Auckland 60,https://determinations.era.govt.nz/assets/elawpdf/2017/f8c266969d/2017_NZERA_Auckland_60.pdf,employee_win,employee_win,yes,no
2017,2017 NZERA Christchurch 23,https://determinations.era.govt.nz/assets/elawpdf/2017/f9f51585aa/2017_NZERA_Christchurch_23.pdf,employee_win,employee_win,yes,no
2017,2017 NZERA Auckland 287 amended,https://determinations.era.govt.nz/assets/elawpdf/2017/fc37ec3c57/2017_NZERA_Auckland_287_amended.pdf,employee_win,employee_win,yes,no
2017,2017 NZERA Wellington 26,https://determinations.era.govt.nz/assets/elawpdf/2017/fc7556750f/2017_NZERA_Wellington_26.pdf,employee_win,employee_win,yes,no
2017,2017 NZERA Auckland 50,https://determinations.era.govt.nz/assets/elawpdf/2017/fee4d12c2d/2017_NZERA_Auckland_50.pdf,employer_win,employer_win,yes,no
2017,2017 NZERA Christchurch 195,https://determinations.era.govt.nz/assets/elawpdf/2017/ff136fc5d0/2017_NZERA_Christchurch_195.pdf,employee_win,employee_win,yes,no
2018,2018 NZERA Wellington 85,https://determinations.era.govt.nz/assets/elawpdf/2018/0217790fa2/2018-NZERA-Wellington-85.pdf,employer_win,employer_win,yes,no
2018,2018 NZERA Auckland 36,https://determinations.era.govt.nz/assets/elawpdf/2018/024f907b3c/2018_NZERA_Auckland_36.pdf,employee_win,employee_win,yes,no
2018,2018 NZERA Christchurch 51,https://determinations.era.govt.nz/assets/elawpdf/2018/02c99882c7/2018_NZERA_Christchurch_51.pdf,employer_win,employee_win,yes,yes
2018,2018 NZERA Wellington 74,https://determinations.era.govt.nz/assets/elawpdf/2018/035f6938b0/2018-NZERA-Wellington-74.pdf,employer_win,employer_win,yes,no
2018,2018 NZERA Auckland 154,https://determinations.era.govt.nz/assets/elawpdf/2018/085179903c/2018_NZERA_Auckland_154.pdf,employee_win,employee_win,yes,no
2018,2018 NZERA Auckland 108,https://determinations.era.govt.nz/assets/elawpdf/2018/08b6d46fb5/2018_NZERA_Auckland_108.pdf,employee_win,employee_win,yes,no
2018,2018 NZERA Christchurch 38,https://determinations.era.govt.nz/assets/elawpdf/2018/0a9f6dac52/2018_NZERA_Christchurch_38.pdf,employee_win,employee_win,yes,no
2018,2018 NZERA Auckland 390,https://determinations.era.govt.nz/assets/elawpdf/2018/0acc6bc0d3/2018-NZERA-Auckland-390.pdf,employer_win,employer_win,yes,no
2018,2018 NZERA Christchurch 155,https://determinations.era.govt.nz/assets/elawpdf/2018/0c5a14ee22/2018-NZERA-Christchurch-155.pdf,employee_win,employee_win,yes,no
2018,2018 NZERA Auckland 9,https://determinations.era.govt.nz/assets/elawpdf/2018/0dd4cace7c/2018_NZERA_Auckland_9.pdf,employer_win,employee_win,yes,yes
2018,2018 NZERA Auckland 404,https://determinations.era.govt.nz/assets/elawpdf/2018/0f77350126/2018-NZERA-Auckland-404.pdf,employee_win,employee_win,yes,no
2018,2018 NZERA Auckland 214,https://determinations.era.govt.nz/assets/elawpdf/2018/1090475707/2018-NZERA-Auckland-214.pdf,employer_win,employee_win,yes,yes
2018,2018 NZERA Auckland 140,https://determinations.era.govt.nz/assets/elawpdf/2018/11a35f4ffe/2018_NZERA_Auckland_140.pdf,employee_win,employee_win,yes,no
2018,2018 NZERA Auckland 89,https://determinations.era.govt.nz/assets/elawpdf/2018/1229a249a8/2018_NZERA_Auckland_89.pdf,employee_win,employee_win,yes,no
2018,2018 NZERA Auckland 242,https://determinations.era.govt.nz/assets/elawpdf/2018/1235f1cd5a/2018-NZERA-Auckland-242.pdf,employee_win,employer_win,yes,yes
2018,2018 NZERA Auckland 7,https://determinations.era.govt.nz/assets/elawpdf/2018/13669f59d4/2018_NZERA_Auckland_7.pdf,employer_win,employer_win,yes,no
2018,2018 NZERA Christchurch 130,https://determinations.era.govt.nz/assets/elawpdf/2018/19a6e314e8/2018-NZERA-Christchurch-130.pdf,employee_win,employee_win,yes,no
2018,2018 NZERA Auckland 367,https://determinations.era.govt.nz/assets/elawpdf/2018/1aa0920510/2018-NZERA-Auckland-367.pdf,employee_win,employee_win,yes,no
2018,2018 NZERA Christchurch 181,https://determinations.era.govt.nz/assets/elawpdf/2018/1b24e569cf/2018-NZERA-Christchurch-181.pdf,employee_win,employee_win,yes,no
2018,2018 NZERA Christchurch 139,https://determinations.era.govt.nz/assets/elawpdf/2018/1ec910fe6e/2018-NZERA-Christchurch-139.pdf,employee_win,employee_win,yes,no
2018,2018 NZERA Wellington 53,https://determinations.era.govt.nz/assets/elawpdf/2018/1f757bde4e/2018-NZERA-Wellington-53.pdf,employee_win,employee_win,yes,no
2018,2018 NZERA Auckland 339,https://determinations.era.govt.nz/assets/elawpdf/2018/1fb7b2c1d9/2018-NZERA-Auckland-339.pdf,employee_win,employee_win,yes,no
2018,2018 NZERA Christchurch 150,https://determinations.era.govt.nz/assets/elawpdf/2018/209939bb24/2018-NZERA-Christchurch-150.pdf,employee_win,employee_win,yes,no
2018,2018 NZERA Auckland 107,https://determinations.era.govt.nz/assets/elawpdf/2018/23a1faff4b/2018_NZERA_Auckland_107.pdf,employer_win,employer_win,yes,no
2018,2018 NZERA Auckland 265,https://determinations.era.govt.nz/assets/elawpdf/2018/242cfd4cae/2018-NZERA-Auckland-265.pdf,employee_win,employer_win,yes,yes
2018,2018 NZERA Christchurch 65,https://determinations.era.govt.nz/assets/elawpdf/2018/243d3704a5/2018_NZERA_Christchurch_65.pdf,employer_win,employee_win,yes,yes
2018,2018 NZERA Wellington 114,https://determinations.era.govt.nz/assets/elawpdf/2018/25cc8cfe6c/2018-NZERA-Wellington-114.pdf,employer_win,employer_win,yes,no
2018,2018 NZERA Auckland 408,https://determinations.era.govt.nz/assets/elawpdf/2018/26ac1028e5/2018-NZERA-Auckland-408.pdf,employer_win,employee_win,yes,yes
2018,2018 NZERA Auckland 232,https://determinations.era.govt.nz/assets/elawpdf/2018/2728d861d0/2018-NZERA-Auckland-232.pdf,employee_win,employee_win,yes,no
2018,2018 NZERA Wellington 40,https://determinations.era.govt.nz/assets/elawpdf/2018/2787895aab/2018_NZERA_Wellington_40.pdf,employee_win,employee_win,yes,no
2018,2018 NZERA Wellington 58,https://determinations.era.govt.nz/assets/elawpdf/2018/28192b56b7/2018-NZERA-Wellington-58.pdf,employee_win,employer_win,yes,yes
2018,2018 NZERA Auckland 412,https://determinations.era.govt.nz/assets/elawpdf/2018/28db71f6c1/2018-NZERA-Auckland-412.pdf,employee_win,employer_win,yes,yes
2018,2018 NZERA Wellington 5,https://determinations.era.govt.nz/assets/elawpdf/2018/2c15ee5cc6/2018_NZERA_Wellington_5.pdf,employee_win,employee_win,yes,no
2018,2018 NZERA Auckland 234,https://determinations.era.govt.nz/assets/elawpdf/2018/2ca9ed1159/2018-NZERA-Auckland-234.pdf,employer_win,employee_win,yes,yes
2018,2018 NZERA Christchurch 164,https://determinations.era.govt.nz/assets/elawpdf/2018/2cd35789b8/2018-NZERA-Christchurch-164.pdf,employer_win,employer_win,yes,no
2018,2018 NZERA Wellington 1,https://determinations.era.govt.nz/assets/elawpdf/2018/2ee572ae88/2018_NZERA_Wellington_1.pdf,employee_win,employee_win,yes,no
2018,2018 NZERA Christchurch 88,https://determinations.era.govt.nz/assets/elawpdf/2018/329d199302/2018-NZERA-Christchurch-88.pdf,employer_win,employer_win,yes,no
2018,2018 NZERA Auckland 388,https://determinations.era.govt.nz/assets/elawpdf/2018/346737ffed/2018-NZERA-Auckland-388.pdf,employer_win,employer_win,yes,no
2018,2018 NZERA Auckland 271,https://determinations.era.govt.nz/assets/elawpdf/2018/34e9d981a8/2018-NZERA-Auckland-271.pdf,employee_win,employee_win,yes,no
2018,2018 NZERA Auckland 369,https://determinations.era.govt.nz/assets/elawpdf/2018/3515d57892/2018-NZERA-Auckland-369.pdf,employee_win,employee_win,yes,no
2018,2018 NZERA Christchurch 128,https://determinations.era.govt.nz/assets/elawpdf/2018/3592d35450/2018-NZERA-Christchurch-128.pdf,employee_win,employer_win,yes,yes
2018,2018 NZERA Wellington 4,https://determinations.era.govt.nz/assets/elawpdf/2018/3641eb6bb9/2018_NZERA_Wellington_4.pdf,employee_win,employee_win,yes,no
2018,2018 NZERA Christchurch 124,https://determinations.era.govt.nz/assets/elawpdf/2018/379c8ddf5d/2018-NZERA-Christchurch-124.pdf,employer_win,employer_win,yes,no
2018,2018 NZERA Auckland 49,https://determinations.era.govt.nz/assets/elawpdf/2018/37f22ea8c6/2018_NZERA_Auckland_49.pdf,employee_win,employer_win,yes,yes
2018,2018 NZERA Auckland 190,https://determinations.era.govt.nz/assets/elawpdf/2018/38873dced4/2018-NZERA-Auckland-190.pdf,employee_win,employee_win,yes,no
2018,2018 NZERA Auckland 187,https://determinations.era.govt.nz/assets/elawpdf/2018/3b19bb3011/2018-NZERA-Auckland-187.pdf,employee_win,employer_win,yes,yes
2018,2018 NZERA Auckland 83,https://determinations.era.govt.nz/assets/elawpdf/2018/3b5e691bc5/2018_NZERA_Auckland_83.pdf,employee_win,employee_win,yes,no
2018,2018 NZERA Auckland 246,https://determinations.era.govt.nz/assets/elawpdf/2018/3beeb2a6d9/2018-NZERA-Auckland-246.pdf,employee_win,employee_win,yes,no
2018,2018 NZERA Auckland 1,https://determinations.era.govt.nz/assets/elawpdf/2018/3c891b8a3c/2018_NZERA_Auckland_1.pdf,employee_win,employee_win,yes,no
2018,2018 NZERA Auckland 30,https://determinations.era.govt.nz/assets/elawpdf/2018/3dd755bcbe/2018_NZERA_Auckland_30.pdf,employer_win,employee_win,yes,yes
2018,2018 NZERA Auckland 205,https://determinations.era.govt.nz/assets/elawpdf/2018/3e67f39a0b/2018-NZERA-Auckland-205.pdf,employee_win,employer_win,yes,yes
2018,2018 NZERA Christchurch 39,https://determinations.era.govt.nz/assets/elawpdf/2018/42a1b1a6a1/2018_NZERA_Christchurch_39.pdf,employer_win,employer_win,yes,no
2018,2018 NZERA Auckland 316,https://determinations.era.govt.nz/assets/elawpdf/2018/44b8b5a297/2018-NZERA-Auckland-316.pdf,employer_win,employee_win,yes,yes
2018,2018 NZERA Wellington 112,https://determinations.era.govt.nz/assets/elawpdf/2018/455b402b12/2018-NZERA-Wellington-112.pdf,employee_win,employee_win,yes,no
2018,2018 NZERA Auckland 157,https://determinations.era.govt.nz/assets/elawpdf/2018/46210b5c11/2018_NZERA_Auckland_157.pdf,employee_win,employer_win,yes,yes
2018,2018 NZERA Christchurch 119,https://determinations.era.govt.nz/assets/elawpdf/2018/480f694251/2018-NZERA-Christchurch-119.pdf,employer_win,employee_win,yes,yes
2018,2018 NZERA Auckland 58,https://determinations.era.govt.nz/assets/elawpdf/2018/49e32120f5/2018_NZERA_Auckland_58.pdf,employee_win,employee_win,yes,no
2018,2018 NZERA Wellington 70,https://determinations.era.govt.nz/assets/elawpdf/2018/4a75a78ed4/2018-NZERA-Wellington-70.pdf,employer_win,employer_win,yes,no
2018,2018 NZERA Auckland 337,https://determinations.era.govt.nz/assets/elawpdf/2018/4b1f7e1224/2018-NZERA-Auckland-337.pdf,employee_win,employee_win,yes,no
2018,2018 NZERA Auckland 149,https://determinations.era.govt.nz/assets/elawpdf/2018/4b71a483e9/2018_NZERA_Auckland_149.pdf,employee_win,employee_win,yes,no
2018,2018 NZERA Auckland 225,https://determinations.era.govt.nz/assets/elawpdf/2018/4e37066753/2018-NZERA-Auckland-225.pdf,employee_win,employer_win,yes,yes
2018,2018 NZERA Christchurch 114,https://determinations.era.govt.nz/assets/elawpdf/2018/4fcebadefc/2018-NZERA-Christchurch-114.pdf,employer_win,employer_win,yes,no
2018,2018 NZERA Wellington 80,https://determinations.era.govt.nz/assets/elawpdf/2018/50003ca786/2018-NZERA-Wellington-80.pdf,employer_win,employee_win,yes,yes
2018,2018 NZERA Auckland 77,https://determinations.era.govt.nz/assets/elawpdf/2018/5410b92f61/2018_NZERA_Auckland_77.pdf,employer_win,employer_win,yes,no
2018,2018 NZERA Auckland 23,https://determinations.era.govt.nz/assets/elawpdf/2018/54bcedd100/2018_NZERA_Auckland_23.pdf,employer_win,employer_win,yes,no
2018,2018 NZERA Auckland 128,https://determinations.era.govt.nz/assets/elawpdf/2018/54c93f3f19/2018_NZERA_Auckland_128.pdf,employee_win,employee_win,yes,no
2018,2018 NZERA Auckland 26,https://determinations.era.govt.nz/assets/elawpdf/2018/59cf991598/2018_NZERA_Auckland_26.pdf,employer_win,employee_win,yes,yes
2018,2018 NZERA Wellington 79,https://determinations.era.govt.nz/assets/elawpdf/2018/5d2b771f80/2018-NZERA-Wellington-79.pdf,employer_win,employer_win,yes,no
2018,2018 NZERA Auckland 220,https://determinations.era.govt.nz/assets/elawpdf/2018/5f721f26c5/2018-NZERA-Auckland-220.pdf,employer_win,employee_win,yes,yes
2018,2018 NZERA Auckland 28,https://determinations.era.govt.nz/assets/elawpdf/2018/5fa96b1eca/2018_NZERA_Auckland_28.pdf,employee_win,employee_win,yes,no
2018,2018 NZERA Christchurch 134,https://determinations.era.govt.nz/assets/elawpdf/2018/60b3046303/2018-NZERA-Christchurch-134.pdf,employer_win,employee_win,yes,yes
2018,2018 NZERA Auckland 248,https://determinations.era.govt.nz/assets/elawpdf/2018/62fecab513/2018-NZERA-Auckland-248.pdf,employee_win,employee_win,yes,no
2018,2018 NZERA Christchurch 127,https://determinations.era.govt.nz/assets/elawpdf/2018/654b3308d6/2018-NZERA-Christchurch-127.pdf,employee_win,employee_win,yes,no
2018,2018 NZERA Auckland 308,https://determinations.era.govt.nz/assets/elawpdf/2018/6794a7d931/2018-NZERA-Auckland-308.pdf,employee_win,employee_win,yes,no
2018,2018 NZERA Christchurch 101,https://determinations.era.govt.nz/assets/elawpdf/2018/67b22e8918/2018-NZERA-Christchurch-101.pdf,employer_win,employer_win,yes,no
2018,2018 NZERA Christchurch 138,https://determinations.era.govt.nz/assets/elawpdf/2018/67cf4ba4b6/2018-NZERA-Christchurch-138.pdf,employee_win,employee_win,yes,no
2018,2018 NZERA Wellington 93,https://determinations.era.govt.nz/assets/elawpdf/2018/6c3a55760b/2018-NZERA-Wellington-93.pdf,employee_win,employee_win,yes,no
2018,2018 NZERA Wellington 105,https://determinations.era.govt.nz/assets/elawpdf/2018/71e1227124/2018-NZERA-Wellington-105.pdf,employee_win,employer_win,yes,yes
2018,2018 NZERA Auckland 45,https://determinations.era.govt.nz/assets/elawpdf/2018/72be40703a/2018_NZERA_Auckland_45.pdf,employer_win,employer_win,yes,no
2018,2018 NZERA Christchurch 1,https://determinations.era.govt.nz/assets/elawpdf/2018/72dba75b67/2018_NZERA_Christchurch_1.pdf,employee_win,employee_win,yes,no
2018,2018 NZERA Auckland 4,https://determinations.era.govt.nz/assets/elawpdf/2018/72ec991d53/2018_NZERA_Auckland_4.pdf,employer_win,employer_win,yes,no
2018,2018 NZERA Auckland 396,https://determinations.era.govt.nz/assets/elawpdf/2018/747b186886/2018-NZERA-Auckland-396.pdf,employee_win,employee_win,yes,no
2018,2018 NZERA Auckland 277,https://determinations.era.govt.nz/assets/elawpdf/2018/74fe17bb2e/2018-NZERA-Auckland-277.pdf,employer_win,employee_win,yes,yes
2018,2018 NZERA Christchurch 146,https://determinations.era.govt.nz/assets/elawpdf/2018/7541813616/2018-NZERA-Christchurch-146.pdf,employer_win,employer_win,yes,no
2018,2018 NZERA Christchurch 75,https://determinations.era.govt.nz/assets/elawpdf/2018/78d7d2f081/2018_NZERA_Christchurch_75.pdf,employee_win,employee_win,yes,no
2018,2018 NZERA Christchurch 110,https://determinations.era.govt.nz/assets/elawpdf/2018/7c45a4e5d6/2018-NZERA-Christchurch-110.pdf,employee_win,employee_win,yes,no
2018,2018 NZERA Auckland 101,https://determinations.era.govt.nz/assets/elawpdf/2018/7df251a57d/2018_NZERA_Auckland_101.pdf,employee_win,employee_win,yes,no
2018,2018 NZERA Auckland 130,https://determinations.era.govt.nz/assets/elawpdf/2018/7f26940301/2018_NZERA_Auckland_130.pdf,employee_win,employee_win,yes,no
2018,2018 NZERA Wellington 71,https://determinations.era.govt.nz/assets/elawpdf/2018/801559d6ec/2018-NZERA-Wellington-71.pdf,employee_win,employer_win,yes,yes
2018,2018 NZERA Auckland 174,https://determinations.era.govt.nz/assets/elawpdf/2018/80709b0b59/2018_NZERA_Auckland_174.pdf,employer_win,employer_win,yes,no
2018,2018 NZERA Wellington 62,https://determinations.era.govt.nz/assets/elawpdf/2018/811c79b0f1/2018-NZERA-Wellington-62.pdf,employer_win,employee_win,yes,yes
2018,2018 NZERA Auckland 193,https://determinations.era.govt.nz/assets/elawpdf/2018/818bf3673e/2018-NZERA-Auckland-193.pdf,employee_win,employee_win,yes,no
2018,2018 NZERA Auckland 215,https://determinations.era.govt.nz/assets/elawpdf/2018/84b2c35213/2018-NZERA-Auckland-215.pdf,employee_win,employee_win,yes,no
2018,2018 NZERA Auckland 37,https://determinations.era.govt.nz/assets/elawpdf/2018/84c5a367d8/2018_NZERA_Auckland_37.pdf,employee_win,employee_win,yes,no
2018,2018 NZERA Auckland 341,https://determinations.era.govt.nz/assets/elawpdf/2018/8504a8d1c7/2018-NZERA-Auckland-341.pdf,employee_win,employer_win,yes,yes
2018,2018 NZERA Auckland 355,https://determinations.era.govt.nz/assets/elawpdf/2018/855ff9d9fc/2018-NZERA-Auckland-355.pdf,employee_win,employee_win,yes,no
2018,2018 NZERA Auckland 296,https://determinations.era.govt.nz/assets/elawpdf/2018/876edeee67/2018-NZERA-Auckland-296.pdf,employee_win,employee_win,yes,no
2018,2018 NZERA Auckland 347,https://determinations.era.govt.nz/assets/elawpdf/2018/8805d4b89c/2018-NZERA-Auckland-347.pdf,employee_win,employee_win,yes,no
2018,2018 NZERA Auckland 16,https://determinations.era.govt.nz/assets/elawpdf/2018/8938590105/2018_NZERA_Auckland_16.pdf,employee_win,employer_win,yes,yes
2018,2018 NZERA Christchurch 7,https://determinations.era.govt.nz/assets/elawpdf/2018/8a3816c20f/2018_NZERA_Christchurch_7.pdf,employer_win,employer_win,yes,no
2018,2018 NZERA Auckland 323,https://determinations.era.govt.nz/assets/elawpdf/2018/8a841aa3b6/2018-NZERA-Auckland-323.pdf,employee_win,employee_win,yes,no
2018,2018 NZERA Auckland 19,https://determinations.era.govt.nz/assets/elawpdf/2018/8b8310e921/2018_NZERA_Auckland_19.pdf,employee_win,employer_win,yes,yes
2018,2018 NZERA Auckland 395,https://determinations.era.govt.nz/assets/elawpdf/2018/8c6c7e42d3/2018-NZERA-Auckland-395.pdf,employer_win,employer_win,yes,no
2018,2018 NZERA Christchurch 60,https://determinations.era.govt.nz/assets/elawpdf/2018/8de14c76b6/2018_NZERA_Christchurch_60.pdf,employer_win,employee_win,yes,yes
2018,2018 NZERA Wellington 104,https://determinations.era.govt.nz/assets/elawpdf/2018/8e5cf1c712/2018-NZERA-Wellington-104.pdf,employee_win,employee_win,yes,no
2018,2018 NZERA Wellington 118,https://determinations.era.govt.nz/assets/elawpdf/2018/8e96b6cc47/2018-NZERA-Wellington-118.pdf,employee_win,employee_win,yes,no
2018,2018 NZERA Wellington 7,https://determinations.era.govt.nz/assets/elawpdf/2018/8ee26ada3e/2018_NZERA_Wellington_7.pdf,employee_win,employee_win,yes,no
2018,2018 NZERA Wellington 45,https://determinations.era.govt.nz/assets/elawpdf/2018/90bcf5e469/2018_NZERA_Wellington_45.pdf,employee_win,employee_win,yes,no
2018,2018 NZERA Auckland 375,https://determinations.era.govt.nz/assets/elawpdf/2018/937965e82b/2018-NZERA-Auckland-375.pdf,employee_win,employer_win,yes,yes
2018,2018 NZERA Christchurch 142,https://determinations.era.govt.nz/assets/elawpdf/2018/9776d82adb/2018-NZERA-Christchurch-142.pdf,employee_win,employee_win,yes,no
2018,2018 NZERA Auckland 2,https://determinations.era.govt.nz/assets/elawpdf/2018/9e10aa3c6e/2018_NZERA_Auckland_2.pdf,employee_win,employee_win,yes,no
2018,2018 NZERA Auckland 356,https://determinations.era.govt.nz/assets/elawpdf/2018/9ea58bec19/2018-NZERA-Auckland-356.pdf,employee_win,employee_win,yes,no
2018,2018 NZERA Christchurch 105,https://determinations.era.govt.nz/assets/elawpdf/2018/a02b432aa1/2018-NZERA-Christchurch-105.pdf,employee_win,employee_win,yes,no
2018,2018 NZERA Wellington 90,https://determinations.era.govt.nz/assets/elawpdf/2018/a0ff270ce0/2018-NZERA-Wellington-90.pdf,employee_win,employee_win,yes,no
2018,2018 NZERA Auckland 152,https://determinations.era.govt.nz/assets/elawpdf/2018/a268e44858/2018_NZERA_Auckland_152.pdf,employer_win,employer_win,yes,no
2018,2018 NZERA Auckland 413,https://determinations.era.govt.nz/assets/elawpdf/2018/a8190a0788/2018-NZERA-Auckland-413.pdf,employer_win,employer_win,yes,no
2018,2018 NZERA Auckland 144,https://determinations.era.govt.nz/assets/elawpdf/2018/a8d91c6cd3/2018_NZERA_Auckland_144.pdf,employee_win,employee_win,yes,no
2018,2018 NZERA Christchurch 141,https://determinations.era.govt.nz/assets/elawpdf/2018/ad189a0db7/2018-NZERA-Christchurch-141.pdf,employee_win,employee_win,yes,no
2018,2018 NZERA Auckland 32,https://determinations.era.govt.nz/assets/elawpdf/2018/ad265ba92b/2018_NZERA_Auckland_32.pdf,employee_win,employee_win,yes,no
2018,2018 NZERA Christchurch 143,https://determinations.era.govt.nz/assets/elawpdf/2018/aeef03bfad/2018-NZERA-Christchurch-143.pdf,employer_win,employer_win,yes,no
2018,2018 NZERA Auckland 216,https://determinations.era.govt.nz/assets/elawpdf/2018/b14228f7d6/2018-NZERA-Auckland-216.pdf,employee_win,employee_win,yes,no
2018,2018 NZERA Auckland 213,https://determinations.era.govt.nz/assets/elawpdf/2018/b211a26e60/2018-NZERA-Auckland-213.pdf,employer_win,employer_win,yes,no
2018,2018 NZERA Auckland 346,https://determinations.era.govt.nz/assets/elawpdf/2018/bae20405ad/2018-NZERA-Auckland-346.pdf,employee_win,employee_win,yes,no
2018,2018 NZERA Auckland 350,https://determinations.era.govt.nz/assets/elawpdf/2018/bbab44e468/2018-NZERA-Auckland-350.pdf,employee_win,employee_win,yes,no
2018,2018 NZERA Auckland 72,https://determinations.era.govt.nz/assets/elawpdf/2018/bbe26d4b2c/2018_NZERA_Auckland_72.pdf,employee_win,employee_win,yes,no
2018,2018 NZERA Christchurch 19 amended,https://determinations.era.govt.nz/assets/elawpdf/2018/bd324aed38/2018_NZERA_Christchurch_19_amended.pdf,employer_win,employer_win,yes,no
2018,2018 NZERA Christchurch 191,https://determinations.era.govt.nz/assets/elawpdf/2018/bd66ed527f/2018-NZERA-Christchurch-191.pdf,employee_win,employee_win,yes,no
2018,2018 NZERA Christchurch 135,https://determinations.era.govt.nz/assets/elawpdf/2018/be186bdf54/2018-NZERA-Christchurch-135.pdf,employee_win,employee_win,yes,no
2018,2018 NZERA Auckland 131,https://determinations.era.govt.nz/assets/elawpdf/2018/bf2c31290a/2018_NZERA_Auckland_131.pdf,employee_win,employee_win,yes,no
2018,2018 NZERA Auckland 75,https://determinations.era.govt.nz/assets/elawpdf/2018/bfa8a3e22b/2018_NZERA_Auckland_75.pdf,employer_win,employer_win,yes,no
2018,2018 NZERA Auckland 307,https://determinations.era.govt.nz/assets/elawpdf/2018/bfb07779fb/2018-NZERA-Auckland-307.pdf,employer_win,employer_win,yes,no
2018,2018 NZERA Christchurch 79,https://determinations.era.govt.nz/assets/elawpdf/2018/c1277efbe3/2018_NZERA_Christchurch_79.pdf,employer_win,employee_win,yes,yes
2018,2018 NZERA Auckland 348,https://determinations.era.govt.nz/assets/elawpdf/2018/c16086db54/2018-NZERA-Auckland-348.pdf,employee_win,employer_win,yes,yes
2018,2018 NZERA Christchurch 84,https://determinations.era.govt.nz/assets/elawpdf/2018/c598da94d4/2018-NZERA-Christchurch-84.pdf,employee_win,employee_win,yes,no
2018,2018 NZERA Auckland 378,https://determinations.era.govt.nz/assets/elawpdf/2018/c7504e0aeb/2018-NZERA-Auckland-378.pdf,employee_win,employee_win,yes,no
2018,2018 NZERA Auckland 364,https://determinations.era.govt.nz/assets/elawpdf/2018/cd522f92b2/2018-NZERA-Auckland-364.pdf,employer_win,employee_win,yes,yes
2018,2018 NZERA Auckland 12,https://determinations.era.govt.nz/assets/elawpdf/2018/d00212d85a/2018_NZERA_Auckland_12.pdf,employee_win,employee_win,yes,no
2018,2018 NZERA Auckland 170,https://determinations.era.govt.nz/assets/elawpdf/2018/d0528df238/2018_NZERA_Auckland_170.pdf,employee_win,employee_win,yes,no
2018,2018 NZERA Auckland 94,https://determinations.era.govt.nz/assets/elawpdf/2018/d2374b13ea/2018_NZERA_Auckland_94.pdf,employee_win,employee_win,yes,no
2018,2018 NZERA Christchurch 159,https://determinations.era.govt.nz/assets/elawpdf/2018/d2fb8aa602/2018-NZERA-Christchurch-159.pdf,employee_win,employer_win,yes,yes
2018,2018 NZERA Auckland 321,https://determinations.era.govt.nz/assets/elawpdf/2018/d5f9ee1f80/2018-NZERA-Auckland-321.pdf,employee_win,employee_win,yes,no
2018,2018 NZERA Wellington 65,https://determinations.era.govt.nz/assets/elawpdf/2018/d756ebb379/2018-NZERA-Wellington-65.pdf,employee_win,employee_win,yes,no
2018,2018 NZERA Auckland 370,https://determinations.era.govt.nz/assets/elawpdf/2018/d9ae5c00b5/2018-NZERA-Auckland-370.pdf,employee_win,employee_win,yes,no
2018,2018 NZERA Auckland 164,https://determinations.era.govt.nz/assets/elawpdf/2018/da0cc2e7b2/2018_NZERA_Auckland_164.pdf,employee_win,employee_win,yes,no
2018,2018 NZERA Auckland 270,https://determinations.era.govt.nz/assets/elawpdf/2018/e34c63eefd/2018-NZERA-Auckland-270.pdf,employer_win,employer_win,yes,no
2018,2018 NZERA Christchurch 174,https://determinations.era.govt.nz/assets/elawpdf/2018/e39bd581b8/2018-NZERA-Christchurch-174.pdf,employee_win,employee_win,yes,no
2018,2018 NZERA Auckland 172,https://determinations.era.govt.nz/assets/elawpdf/2018/e3d5a8d604/2018_NZERA_Auckland_172.pdf,employee_win,employee_win,yes,no
2018,2018 NZERA Auckland 257,https://determinations.era.govt.nz/assets/elawpdf/2018/e46278bb03/2018-NZERA-Auckland-257.pdf,employee_win,employee_win,yes,no
2018,2018 NZERA Auckland 305,https://determinations.era.govt.nz/assets/elawpdf/2018/e5528140ec/2018-NZERA-Auckland-305.pdf,employer_win,employee_win,yes,yes
2018,2018 NZERA Auckland 290,https://determinations.era.govt.nz/assets/elawpdf/2018/e798134848/2018-NZERA-Auckland-290.pdf,employee_win,employer_win,yes,yes
2018,2018 NZERA Auckland 88,https://determinations.era.govt.nz/assets/elawpdf/2018/e84a6509cc/2018_NZERA_Auckland_88.pdf,employer_win,employer_win,yes,no
2018,2018 NZERA Auckland 206,https://determinations.era.govt.nz/assets/elawpdf/2018/ebc519184c/2018-NZERA-Auckland-206.pdf,employee_win,employee_win,yes,no
2018,2018 NZERA Auckland 50,https://determinations.era.govt.nz/assets/elawpdf/2018/ed49c4e8a9/2018_NZERA_Auckland_50.pdf,employer_win,employer_win,yes,no
2018,2018 NZERA Auckland 212,https://determinations.era.govt.nz/assets/elawpdf/2018/f0831bb6ff/2018-NZERA-Auckland-212.pdf,employer_win,employee_win,yes,yes
2018,2018 NZERA Auckland 163,https://determinations.era.govt.nz/assets/elawpdf/2018/f27b5d9cc6/2018_NZERA_Auckland_163.pdf,employee_win,employee_win,yes,no
2018,2018 NZERA Auckland 13,https://determinations.era.govt.nz/assets/elawpdf/2018/f4041a6e55/2018_NZERA_Auckland_13.pdf,employer_win,employer_win,yes,no
2018,2018 NZERA Auckland 222,https://determinations.era.govt.nz/assets/elawpdf/2018/f60cb228d6/2018-NZERA-Auckland-222.pdf,employee_win,employee_win,yes,no
2018,2018 NZERA Auckland 126,https://determinations.era.govt.nz/assets/elawpdf/2018/f78ff03a3b/2018_NZERA_Auckland_126.pdf,employee_win,employee_win,yes,no
2018,2018 NZERA Auckland 5,https://determinations.era.govt.nz/assets/elawpdf/2018/f8cb9677f0/2018_NZERA_Auckland_5.pdf,employee_win,employee_win,yes,no
2018,2018 NZERA Christchurch 102,https://determinations.era.govt.nz/assets/elawpdf/2018/fcd2434cb1/2018-NZERA-Christchurch-102.pdf,employer_win,employee_win,yes,yes
2018,2018 NZERA Auckland 69,https://determinations.era.govt.nz/assets/elawpdf/2018/fd2be1a241/2018_NZERA_Auckland_69.pdf,employee_win,employee_win,yes,no
2019,[2019] NZERA 54,https://determinations.era.govt.nz/assets/elawpdf/2019/025e8dd918/2019-NZERA-54.pdf,employer_win,employee_win,yes,yes
2019,[2019] NZERA 234,https://determinations.era.govt.nz/assets/elawpdf/2019/08951438c9/2019_NZERA_234.pdf,employer_win,employer_win,yes,no
2019,[2019] NZERA 390,https://determinations.era.govt.nz/assets/elawpdf/2019/0fb472aeaf/2019_NZERA_390.pdf,employee_win,employee_win,yes,no
2019,[2019] NZERA 313,https://determinations.era.govt.nz/assets/elawpdf/2019/1163d41b09/2019_NZERA_313.pdf,employee_win,employee_win,yes,no
2019,[2019] NZERA 199,https://determinations.era.govt.nz/assets/elawpdf/2019/176e9c7e3b/2019_NZERA_199.pdf,employee_win,employee_win,yes,no
2019,[2019] NZERA 486,https://determinations.era.govt.nz/assets/elawpdf/2019/17da8a9bb8/2019_NZERA_486.pdf,employee_win,employee_win,yes,no
2019,[2019] NZERA 261,https://determinations.era.govt.nz/assets/elawpdf/2019/190824f0c4/2019_NZERA_261.pdf,employee_win,employee_win,yes,no
2019,[2019] NZERA 228,https://determinations.era.govt.nz/assets/elawpdf/2019/1aebca4dc5/2019_NZERA_228.pdf,employer_win,employer_win,yes,no
2019,[2019] NZERA 280,https://determinations.era.govt.nz/assets/elawpdf/2019/1d099451ce/2019_NZERA_280.pdf,employer_win,employee_win,yes,yes
2019,[2019] NZERA 361,https://determinations.era.govt.nz/assets/elawpdf/2019/1e79ecf488/2019_NZERA_361.pdf,employee_win,employee_win,yes,no
2019,[2019] NZERA 53,https://determinations.era.govt.nz/assets/elawpdf/2019/1ef024d8de/2019-NZERA-53.pdf,employee_win,employee_win,yes,no
2019,[2019] NZERA 532,https://determinations.era.govt.nz/assets/elawpdf/2019/2019_NZERA_532.pdf,employee_win,employee_win,yes,no
2019,[2019] NZERA 536,https://determinations.era.govt.nz/assets/elawpdf/2019/2019_NZERA_536.pdf,employee_win,employee_win,yes,no
2019,[2019] NZERA 544,https://determinations.era.govt.nz/assets/elawpdf/2019/2019_NZERA_544.pdf,employer_win,employer_win,yes,no
2019,[2019] NZERA 546,https://determinations.era.govt.nz/assets/elawpdf/2019/2019_NZERA_546.pdf,employer_win,employer_win,yes,no
2019,[2019] NZERA 554,https://determinations.era.govt.nz/assets/elawpdf/2019/2019_NZERA_554.pdf,employer_win,employee_win,yes,yes
2019,[2019] NZERA 565,https://determinations.era.govt.nz/assets/elawpdf/2019/2019_NZERA_565.pdf,employee_win,employee_win,yes,no
2019,[2019] NZERA 566,https://determinations.era.govt.nz/assets/elawpdf/2019/2019_NZERA_566.pdf,employee_win,employee_win,yes,no
2019,[2019] NZERA 567,https://determinations.era.govt.nz/assets/elawpdf/2019/2019_NZERA_567.pdf,employer_win,employer_win,yes,no
2019,[2019] NZERA 571,https://determinations.era.govt.nz/assets/elawpdf/2019/2019_NZERA_571.pdf,employee_win,employee_win,yes,no
2019,[2019] NZERA 582,https://determinations.era.govt.nz/assets/elawpdf/2019/2019_NZERA_582.pdf,employee_win,employer_win,yes,yes
2019,[2019] NZERA 586,https://determinations.era.govt.nz/assets/elawpdf/2019/2019_NZERA_586.pdf,employee_win,employee_win,yes,no
2019,[2019] NZERA 587,https://determinations.era.govt.nz/assets/elawpdf/2019/2019_NZERA_587.pdf,employee_win,employee_win,yes,no
2019,[2019] NZERA 592,https://determinations.era.govt.nz/assets/elawpdf/2019/2019_NZERA_592.pdf,employer_win,employee_win,yes,yes
2019,[2019] NZERA 600,https://determinations.era.govt.nz/assets/elawpdf/2019/2019_NZERA_600.pdf,employee_win,employee_win,yes,no
2019,[2019] NZERA 612,https://determinations.era.govt.nz/assets/elawpdf/2019/2019_NZERA_612.pdf,employee_win,employee_win,yes,no
2019,[2019] NZERA 613,https://determinations.era.govt.nz/assets/elawpdf/2019/2019_NZERA_613.pdf,employer_win,employer_win,yes,no
2019,[2019] NZERA 614,https://determinations.era.govt.nz/assets/elawpdf/2019/2019_NZERA_614.pdf,employee_win,employee_win,yes,no
2019,[2019] NZERA 618,https://determinations.era.govt.nz/assets/elawpdf/2019/2019_NZERA_618.pdf,employee_win,employee_win,yes,no
2019,[2019] NZERA 621,https://determinations.era.govt.nz/assets/elawpdf/2019/2019_NZERA_621.pdf,employee_win,employee_win,yes,no
2019,[2019] NZERA 622,https://determinations.era.govt.nz/assets/elawpdf/2019/2019_NZERA_622.pdf,employer_win,employee_win,yes,yes
2019,[2019] NZERA 627,https://determinations.era.govt.nz/assets/elawpdf/2019/2019_NZERA_627.pdf,employee_win,employee_win,yes,no
2019,[2019] NZERA 630,https://determinations.era.govt.nz/assets/elawpdf/2019/2019_NZERA_630.pdf,employer_win,employee_win,yes,yes
2019,[2019] NZERA 653,https://determinations.era.govt.nz/assets/elawpdf/2019/2019_NZERA_653.pdf,employer_win,employer_win,yes,no
2019,[2019] NZERA 656,https://determinations.era.govt.nz/assets/elawpdf/2019/2019_NZERA_656.pdf,employee_win,employee_win,yes,no
2019,[2019] NZERA 661,https://determinations.era.govt.nz/assets/elawpdf/2019/2019_NZERA_661.pdf,employer_win,employer_win,yes,no
2019,[2019] NZERA 662,https://determinations.era.govt.nz/assets/elawpdf/2019/2019_NZERA_662.pdf,employee_win,employer_win,yes,yes
2019,[2019] NZERA 667,https://determinations.era.govt.nz/assets/elawpdf/2019/2019_NZERA_667.pdf,employee_win,employee_win,yes,no
2019,[2019] NZERA 674,https://determinations.era.govt.nz/assets/elawpdf/2019/2019_NZERA_674.pdf,employer_win,employee_win,yes,yes
2019,[2019] NZERA 681,https://determinations.era.govt.nz/assets/elawpdf/2019/2019_NZERA_681.pdf,employee_win,employee_win,yes,no
2019,[2019] NZERA 693,https://determinations.era.govt.nz/assets/elawpdf/2019/2019_NZERA_693.pdf,employee_win,employee_win,yes,no
2019,[2019] NZERA 696,https://determinations.era.govt.nz/assets/elawpdf/2019/2019_NZERA_696.pdf,employee_win,employee_win,yes,no
2019,[2019] NZERA 698,https://determinations.era.govt.nz/assets/elawpdf/2019/2019_NZERA_698.pdf,employer_win,employer_win,yes,no
2019,[2019] NZERA 699,https://determinations.era.govt.nz/assets/elawpdf/2019/2019_NZERA_699.pdf,employee_win,employee_win,yes,no
2019,[2019] NZERA 711,https://determinations.era.govt.nz/assets/elawpdf/2019/2019_NZERA_711.pdf,employee_win,employee_win,yes,no
2019,[2019] NZERA 713,https://determinations.era.govt.nz/assets/elawpdf/2019/2019_NZERA_713.pdf,employee_win,employee_win,yes,no
2019,[2019] NZERA 714,https://determinations.era.govt.nz/assets/elawpdf/2019/2019_NZERA_714.pdf,employee_win,employee_win,yes,no
2019,[2019] NZERA 727,https://determinations.era.govt.nz/assets/elawpdf/2019/2019_NZERA_727.pdf,employer_win,employee_win,yes,yes
2019,[2019] NZERA 728,https://determinations.era.govt.nz/assets/elawpdf/2019/2019_NZERA_728.pdf,employer_win,employee_win,yes,yes
2019,[2019] NZERA 732,https://determinations.era.govt.nz/assets/elawpdf/2019/2019_NZERA_732.pdf,employee_win,employer_win,yes,yes
2019,[2019] NZERA 734,https://determinations.era.govt.nz/assets/elawpdf/2019/2019_NZERA_734.pdf,employee_win,employer_win,yes,yes
2019,[2019] NZERA 306,https://determinations.era.govt.nz/assets/elawpdf/2019/24206f0f8d/2019_NZERA_306.pdf,employer_win,employer_win,yes,no
2019,[2019] NZERA 10,https://determinations.era.govt.nz/assets/elawpdf/2019/24702a0631/2019-NZERA-10.pdf,employee_win,employer_win,yes,yes
2019,[2019] NZERA 287,https://determinations.era.govt.nz/assets/elawpdf/2019/25de720330/2019_NZERA_287.pdf,employee_win,employee_win,yes,no
2019,[2019] NZERA 162,https://determinations.era.govt.nz/assets/elawpdf/2019/2bab2ba2fd/2019_NZERA_162.pdf,employer_win,employer_win,yes,no
2019,[2019] NZERA 432,https://determinations.era.govt.nz/assets/elawpdf/2019/2bcd08e5de/2019_NZERA_432.pdf,employee_win,employee_win,yes,no
2019,[2019] NZERA 180,https://determinations.era.govt.nz/assets/elawpdf/2019/2f3aafd073/2019_NZERA_180.pdf,employee_win,employee_win,yes,no
2019,[2019] NZERA 89,https://determinations.era.govt.nz/assets/elawpdf/2019/339b434ef6/2019_NZERA_89.pdf,employee_win,employee_win,yes,no
2019,[2019] NZERA 438,https://determinations.era.govt.nz/assets/elawpdf/2019/34e665ed7a/2019_NZERA_438.pdf,employee_win,employee_win,yes,no
2019,[2019] NZERA 331,https://determinations.era.govt.nz/assets/elawpdf/2019/3a01f3c8da/2019_NZERA_331.pdf,employee_win,employee_win,yes,no
2019,[2019] NZERA 18,https://determinations.era.govt.nz/assets/elawpdf/2019/3d25f4e203/2019-NZERA-18.pdf,employee_win,employer_win,yes,yes
2019,[2019] NZERA 235,https://determinations.era.govt.nz/assets/elawpdf/2019/3d26c0c906/2019_NZERA_235.pdf,employee_win,employee_win,yes,no
2019,[2019] NZERA 215,https://determinations.era.govt.nz/assets/elawpdf/2019/3d73ed9aba/2019_NZERA_215.pdf,employer_win,employer_win,yes,no
2019,[2019] NZERA 299,https://determinations.era.govt.nz/assets/elawpdf/2019/424ba30691/2019_NZERA_299.pdf,employer_win,employer_win,yes,no
2019,[2019] NZERA 393,https://determinations.era.govt.nz/assets/elawpdf/2019/428a54d456/2019_NZERA_393.pdf,employee_win,employee_win,yes,no
2019,[2019] NZERA 8,https://determinations.era.govt.nz/assets/elawpdf/2019/4b70859152/2019-NZERA-8.pdf,employer_win,employer_win,yes,no
2019,[2019] NZERA 274,https://determinations.era.govt.nz/assets/elawpdf/2019/50efc47d6b/2019_NZERA_274.pdf,employee_win,employee_win,yes,no
2019,[2019] NZERA 178,https://determinations.era.govt.nz/assets/elawpdf/2019/5403f35556/2019_NZERA_178.pdf,employer_win,employee_win,yes,yes
2019,[2019] NZERA 513,https://determinations.era.govt.nz/assets/elawpdf/2019/59502b07a0/2019_NZERA_513.pdf,employee_win,employee_win,yes,no
2019,[2019] NZERA 203,https://determinations.era.govt.nz/assets/elawpdf/2019/59d49ae1ea/2019_NZERA_203.pdf,employee_win,employer_win,yes,yes
2019,[2019] NZERA 278,https://determinations.era.govt.nz/assets/elawpdf/2019/5b9280aab8/2019_NZERA_278.pdf,employee_win,employee_win,yes,no
2019,[2019] NZERA 449,https://determinations.era.govt.nz/assets/elawpdf/2019/5d9b3c74da/2019_NZERA_449.pdf,employer_win,employer_win,yes,no
2019,[2019] NZERA 266,https://determinations.era.govt.nz/assets/elawpdf/2019/5e9d93bdc9/2019_NZERA_266.pdf,employee_win,employer_win,yes,yes
2019,[2019] NZERA 295,https://determinations.era.govt.nz/assets/elawpdf/2019/5fd5104a1c/2019_NZERA_295.pdf,employer_win,employer_win,yes,no
2019,[2019] NZERA 377,https://determinations.era.govt.nz/assets/elawpdf/2019/6253bf1384/2019_NZERA_377.pdf,employee_win,employee_win,yes,no
2019,[2019] NZERA 76,https://determinations.era.govt.nz/assets/elawpdf/2019/637bd72ae2/2019_NZERA_76.pdf,employee_win,employee_win,yes,no
2019,[2019] NZERA 205,https://determinations.era.govt.nz/assets/elawpdf/2019/646221a55d/2019_NZERA_205.pdf,employer_win,employee_win,yes,yes
2019,[2019] NZERA 240,https://determinations.era.govt.nz/assets/elawpdf/2019/667b82f53c/2019_NZERA_240.pdf,employer_win,employer_win,yes,no
2019,[2019] NZERA 476,https://determinations.era.govt.nz/assets/elawpdf/2019/66c9120830/2019_NZERA_476.pdf,employee_win,employee_win,yes,no
2019,[2019] NZERA 475,https://determinations.era.govt.nz/assets/elawpdf/2019/6a07d46fc6/2019_NZERA_475.pdf,employer_win,employer_win,yes,no
2019,[2019] NZERA 48,https://determinations.era.govt.nz/assets/elawpdf/2019/6c6d4d1728/2019-NZERA-48.pdf,employee_win,employer_win,yes,yes
2019,[2019] NZERA 254,https://determinations.era.govt.nz/assets/elawpdf/2019/6cd39b40b1/2019_NZERA_254.pdf,employee_win,employee_win,yes,no
2019,[2019] NZERA 489,https://determinations.era.govt.nz/assets/elawpdf/2019/6d0941d598/2019_NZERA_489.pdf,employer_win,employer_win,yes,no
2019,[2019] NZERA 469,https://determinations.era.govt.nz/assets/elawpdf/2019/6d3262e583/2019_NZERA_469.pdf,employee_win,employee_win,yes,no
2019,[2019] NZERA 329,https://determinations.era.govt.nz/assets/elawpdf/2019/6da08e8601/2019_NZERA_329.pdf,employee_win,employee_win,yes,no
2019,[2019] NZERA 344,https://determinations.era.govt.nz/assets/elawpdf/2019/76b14a5c1a/2019_NZERA_344.pdf,employer_win,employee_win,yes,yes
2019,[2019] NZERA 141,https://determinations.era.govt.nz/assets/elawpdf/2019/79d96d039f/2019_NZERA_141_Amended.pdf,employer_win,employer_win,yes,no
2019,[2019] NZERA 270,https://determinations.era.govt.nz/assets/elawpdf/2019/7b8af5cac1/2019_NZERA_270.pdf,employee_win,employee_win,yes,no
2019,[2019] NZERA 387,https://determinations.era.govt.nz/assets/elawpdf/2019/7c9b425a11/2019_NZERA_387.pdf,employee_win,employee_win,yes,no
2019,[2019] NZERA 343,https://determinations.era.govt.nz/assets/elawpdf/2019/7f3d775ae8/2019_NZERA_343.pdf,employer_win,employer_win,yes,no
2019,[2019] NZERA 349,https://determinations.era.govt.nz/assets/elawpdf/2019/804a364eb6/2019_NZERA_349.pdf,employee_win,employee_win,yes,no
2019,[2019] NZERA 217,https://determinations.era.govt.nz/assets/elawpdf/2019/8539e78214/2019_NZERA_217.pdf,employee_win,employee_win,yes,no
2019,[2019] NZERA 450,https://determinations.era.govt.nz/assets/elawpdf/2019/86776d4ebb/2019_NZERA_450.pdf,employer_win,employee_win,yes,yes
2019,[2019] NZERA 191,https://determinations.era.govt.nz/assets/elawpdf/2019/8772970c6e/2019_NZERA_191.pdf,employee_win,employee_win,yes,no
2019,[2019] NZERA 64,https://determinations.era.govt.nz/assets/elawpdf/2019/896db4a134/2019-NZERA-64.pdf,employee_win,employer_win,yes,yes
2019,[2019] NZERA 471,https://determinations.era.govt.nz/assets/elawpdf/2019/8a72c65028/2019_NZERA_471.pdf,employer_win,employer_win,yes,no
2019,[2019] NZERA 433,https://determinations.era.govt.nz/assets/elawpdf/2019/8a9c994590/2019_NZERA_433.pdf,employee_win,employee_win,yes,no
2019,[2019] NZERA 420,https://determinations.era.govt.nz/assets/elawpdf/2019/903e8429e9/2019_NZERA_420.pdf,employee_win,employer_win,yes,yes
2019,[2019] NZERA 423,https://determinations.era.govt.nz/assets/elawpdf/2019/92574a2d4c/2019_NZERA_423.pdf,employee_win,employee_win,yes,no
2019,[2019] NZERA 368,https://determinations.era.govt.nz/assets/elawpdf/2019/94da058a43/2019_NZERA_368.pdf,employer_win,employer_win,yes,no
2019,[2019] NZERA 236,https://determinations.era.govt.nz/assets/elawpdf/2019/972d4ed364/2019_NZERA_236.pdf,employer_win,employee_win,yes,yes
2019,[2019] NZERA 12,https://determinations.era.govt.nz/assets/elawpdf/2019/97e679ad35/2019-NZERA-12.pdf,employee_win,employee_win,yes,no
2019,[2019] NZERA 317,https://determinations.era.govt.nz/assets/elawpdf/2019/9cc9886334/2019_NZERA_317.pdf,employer_win,employer_win,yes,no
2019,[2019] NZERA 279,https://determinations.era.govt.nz/assets/elawpdf/2019/9f38902250/2019_NZERA_279.pdf,employee_win,employee_win,yes,no
2019,[2019] NZERA 371,https://determinations.era.govt.nz/assets/elawpdf/2019/a3e1c37e04/2019_NZERA_371.pdf,employee_win,employee_win,yes,no
2019,[2019] NZERA 394,https://determinations.era.govt.nz/assets/elawpdf/2019/a7153e1379/2019_NZERA_394.pdf,employee_win,employee_win,yes,no
2019,[2019] NZERA 194,https://determinations.era.govt.nz/assets/elawpdf/2019/ae6e2160db/2019_NZERA_194.pdf,employer_win,employee_win,yes,yes
2019,[2019] NZERA 209,https://determinations.era.govt.nz/assets/elawpdf/2019/af1cbbb8ef/2019_NZERA_209.pdf,employee_win,employee_win,yes,no
2019,[2019] NZERA 273,https://determinations.era.govt.nz/assets/elawpdf/2019/b0c1020286/2019_NZERA_273.pdf,employee_win,employee_win,yes,no
2019,[2019] NZERA 14,https://determinations.era.govt.nz/assets/elawpdf/2019/b111fbe5d0/2019-NZERA-14.pdf,employer_win,employer_win,yes,no
2019,[2019] NZERA 95,https://determinations.era.govt.nz/assets/elawpdf/2019/badf304097/2019_NZERA_95.pdf,employee_win,employee_win,yes,no
2019,[2019] NZERA 107,https://determinations.era.govt.nz/assets/elawpdf/2019/bc3e9ee606/2019_NZERA_107.pdf,employer_win,employee_win,yes,yes
2019,[2019] NZERA 527,https://determinations.era.govt.nz/assets/elawpdf/2019/bce92b372b/2019_NZERA_527.pdf,employee_win,employee_win,yes,no
2019,[2019] NZERA 392,https://determinations.era.govt.nz/assets/elawpdf/2019/bf35d2125f/2019_NZERA_392.pdf,employee_win,employee_win,yes,no
2019,[2019] NZERA 272,https://determinations.era.govt.nz/assets/elawpdf/2019/c2c1292aab/2019_NZERA_272.pdf,employer_win,employer_win,yes,no
2019,[2019] NZERA 384,https://determinations.era.govt.nz/assets/elawpdf/2019/c83c33262d/2019_NZERA_384.pdf,employer_win,employee_win,yes,yes
2019,[2019] NZERA 467,https://determinations.era.govt.nz/assets/elawpdf/2019/cea07d8c3b/2019_NZERA_467.pdf,employee_win,employee_win,yes,no
2019,[2019] NZERA 487,https://determinations.era.govt.nz/assets/elawpdf/2019/d0b27a87ec/2019_NZERA_487.pdf,employer_win,employer_win,yes,no
2019,[2019] NZERA 474,https://determinations.era.govt.nz/assets/elawpdf/2019/d0f8f8720c/2019_NZERA_474.pdf,employer_win,employer_win,yes,no
2019,[2019] NZERA 148,https://determinations.era.govt.nz/assets/elawpdf/2019/d388808a03/2019_NZERA_148.pdf,employee_win,employee_win,yes,no
2019,[2019] NZERA 436,https://determinations.era.govt.nz/assets/elawpdf/2019/dd87db1c56/2019_NZERA_436.pdf,employee_win,employee_win,yes,no
2019,[2019] NZERA 360,https://determinations.era.govt.nz/assets/elawpdf/2019/dda2d453c1/2019_NZERA_360.pdf,employee_win,employee_win,yes,no
2019,[2019] NZERA 105,https://determinations.era.govt.nz/assets/elawpdf/2019/de4f52d42d/2019_NZERA_105.pdf,employer_win,employee_win,yes,yes
2019,[2019] NZERA 442,https://determinations.era.govt.nz/assets/elawpdf/2019/e24b2a3e83/2019_NZERA_442.pdf,employee_win,employee_win,yes,no
2019,[2019] NZERA 398,https://determinations.era.govt.nz/assets/elawpdf/2019/e32e10b4da/2019_NZERA_398.pdf,employee_win,employee_win,yes,no
2019,[2019] NZERA 468,https://determinations.era.govt.nz/assets/elawpdf/2019/e7f09c27d8/2019_NZERA_468.pdf,employee_win,employee_win,yes,no
2019,[2019] NZERA 137,https://determinations.era.govt.nz/assets/elawpdf/2019/e999036320/2019_NZERA_137.pdf,employee_win,employee_win,yes,no
2019,[2019] NZERA 32,https://determinations.era.govt.nz/assets/elawpdf/2019/ea92a8f386/2019-NZERA-32.pdf,employer_win,employer_win,yes,no
2019,[2019] NZERA 226,https://determinations.era.govt.nz/assets/elawpdf/2019/f2aa7835ce/2019_NZERA_226.pdf,employee_win,employee_win,yes,no
2019,[2019] NZERA 249,https://determinations.era.govt.nz/assets/elawpdf/2019/f4e38336db/2019_NZERA_249.pdf,employee_win,employee_win,yes,no
2019,[2019] NZERA 122,https://determinations.era.govt.nz/assets/elawpdf/2019/f539ab12f4/2019_NZERA_122.pdf,employee_win,employee_win,yes,no
2019,[2019] NZERA 135,https://determinations.era.govt.nz/assets/elawpdf/2019/f5f9ea76ed/2019_NZERA_135.pdf,employee_win,employer_win,yes,yes
2019,[2019] NZERA 453,https://determinations.era.govt.nz/assets/elawpdf/2019/f5f9eb2b8b/2019_NZERA_453.pdf,employee_win,employee_win,yes,no
2019,[2019] NZERA 424,https://determinations.era.govt.nz/assets/elawpdf/2019/f89ec75e77/2019_NZERA_424.pdf,employee_win,employee_win,yes,no
2019,[2019] NZERA 340,https://determinations.era.govt.nz/assets/elawpdf/2019/f9249f58ac/2019_NZERA_340.pdf,employee_win,employee_win,yes,no
2019,[2019] NZERA 221,https://determinations.era.govt.nz/assets/elawpdf/2019/fd4f0c05a8/2019_NZERA_221.pdf,employee_win,employee_win,yes,no
2020,2020 NZERA 74,https://determinations.era.govt.nz/assets/elawpdf/2020/2020-NZERA-74.pdf,,employer_win,no,no
2020,2020_NZERA_100,https://determinations.era.govt.nz/assets/elawpdf/2020/2020_NZERA_100.pdf,,employer_win,no,no
2020,2020_NZERA_108,https://determinations.era.govt.nz/assets/elawpdf/2020/2020_NZERA_108.pdf,,employee_win,no,no
2020,2020_NZERA_109,https://determinations.era.govt.nz/assets/elawpdf/2020/2020_NZERA_109.pdf,,employer_win,no,no
2020,2020_NZERA_112,https://determinations.era.govt.nz/assets/elawpdf/2020/2020_NZERA_112.pdf,,employee_win,no,no
2020,2020_NZERA_114,https://determinations.era.govt.nz/assets/elawpdf/2020/2020_NZERA_114.pdf,employer_win,employee_win,yes,yes
2020,2020_NZERA_115,https://determinations.era.govt.nz/assets/elawpdf/2020/2020_NZERA_115.pdf,employee_win,employee_win,yes,no
2020,2020_NZERA_117,https://determinations.era.govt.nz/assets/elawpdf/2020/2020_NZERA_117.pdf,,employee_win,no,no
2020,2020_NZERA_118,https://determinations.era.govt.nz/assets/elawpdf/2020/2020_NZERA_118.pdf,,employee_win,no,no
2020,2020_NZERA_128,https://determinations.era.govt.nz/assets/elawpdf/2020/2020_NZERA_128.pdf,employee_win,employee_win,yes,no
2020,2020_NZERA_129,https://determinations.era.govt.nz/assets/elawpdf/2020/2020_NZERA_129.pdf,employer_win,employer_win,yes,no
2020,2020_NZERA_140,https://determinations.era.govt.nz/assets/elawpdf/2020/2020_NZERA_140.pdf,employee_win,employer_win,yes,yes
2020,2020_NZERA_143,https://determinations.era.govt.nz/assets/elawpdf/2020/2020_NZERA_143.pdf,,employee_win,no,no
2020,2020_NZERA_146,https://determinations.era.govt.nz/assets/elawpdf/2020/2020_NZERA_146.pdf,,employer_win,no,no
2020,2020_NZERA_147,https://determinations.era.govt.nz/assets/elawpdf/2020/2020_NZERA_147.pdf,,employee_win,no,no
2020,2020_NZERA_151,https://determinations.era.govt.nz/assets/elawpdf/2020/2020_NZERA_151.pdf,,employee_win,no,no
2020,2020_NZERA_155,https://determinations.era.govt.nz/assets/elawpdf/2020/2020_NZERA_155.pdf,employer_win,employer_win,yes,no
2020,2020_NZERA_156,https://determinations.era.govt.nz/assets/elawpdf/2020/2020_NZERA_156.pdf,,employee_win,no,no
2020,2020_NZERA_166,https://determinations.era.govt.nz/assets/elawpdf/2020/2020_NZERA_166.pdf,employee_win,employer_win,yes,yes
2020,2020_NZERA_167,https://determinations.era.govt.nz/assets/elawpdf/2020/2020_NZERA_167.pdf,,employer_win,no,no
2020,2020_NZERA_175,https://determinations.era.govt.nz/assets/elawpdf/2020/2020_NZERA_175.pdf,employer_win,employer_win,yes,no
2020,2020_NZERA_178,https://determinations.era.govt.nz/assets/elawpdf/2020/2020_NZERA_178.pdf,employee_win,employer_win,yes,yes
2020,2020_NZERA_187,https://determinations.era.govt.nz/assets/elawpdf/2020/2020_NZERA_187.pdf,employer_win,employer_win,yes,no
2020,2020_NZERA_191,https://determinations.era.govt.nz/assets/elawpdf/2020/2020_NZERA_191.pdf,employee_win,employee_win,yes,no
2020,2020_NZERA_192,https://determinations.era.govt.nz/assets/elawpdf/2020/2020_NZERA_192.pdf,,employer_win,no,no
2020,2020_NZERA_202,https://determinations.era.govt.nz/assets/elawpdf/2020/2020_NZERA_202.pdf,,employee_win,no,no
2020,2020_NZERA_203,https://determinations.era.govt.nz/assets/elawpdf/2020/2020_NZERA_203.pdf,,employer_win,no,no
2020,2020_NZERA_205,https://determinations.era.govt.nz/assets/elawpdf/2020/2020_NZERA_205.pdf,,employee_win,no,no
2020,2020_NZERA_208,https://determinations.era.govt.nz/assets/elawpdf/2020/2020_NZERA_208.pdf,,employee_win,no,no
2020,2020_NZERA_210,https://determinations.era.govt.nz/assets/elawpdf/2020/2020_NZERA_210.pdf,employee_win,employer_win,yes,yes
2020,2020_NZERA_212,https://determinations.era.govt.nz/assets/elawpdf/2020/2020_NZERA_212.pdf,employee_win,employee_win,yes,no
2020,2020_NZERA_219,https://determinations.era.govt.nz/assets/elawpdf/2020/2020_NZERA_219.pdf,,employer_win,no,no
2020,2020_NZERA_222,https://determinations.era.govt.nz/assets/elawpdf/2020/2020_NZERA_222.pdf,employee_win,employee_win,yes,no
2020,2020_NZERA_225,https://determinations.era.govt.nz/assets/elawpdf/2020/2020_NZERA_225.pdf,employee_win,employer_win,yes,yes
2020,2020_NZERA_227,https://determinations.era.govt.nz/assets/elawpdf/2020/2020_NZERA_227.pdf,,employer_win,no,no
2020,2020_NZERA_23,https://determinations.era.govt.nz/assets/elawpdf/2020/2020_NZERA_23.pdf,,employer_win,no,no
2020,2020_NZERA_234,https://determinations.era.govt.nz/assets/elawpdf/2020/2020_NZERA_234.pdf,,employer_win,no,no
2020,2020_NZERA_238,https://determinations.era.govt.nz/assets/elawpdf/2020/2020_NZERA_238.pdf,,employer_win,no,no
2020,2020_NZERA_243,https://determinations.era.govt.nz/assets/elawpdf/2020/2020_NZERA_243.pdf,,employer_win,no,no
2020,2020_NZERA_244,https://determinations.era.govt.nz/assets/elawpdf/2020/2020_NZERA_244.pdf,,employee_win,no,no
2020,2020_NZERA_255,https://determinations.era.govt.nz/assets/elawpdf/2020/2020_NZERA_255.pdf,,employer_win,no,no
2020,2020_NZERA_262,https://determinations.era.govt.nz/assets/elawpdf/2020/2020_NZERA_262.pdf,employee_win,employee_win,yes,no
2020,2020_NZERA_27,https://determinations.era.govt.nz/assets/elawpdf/2020/2020_NZERA_27.pdf,employee_win,employee_win,yes,no
2020,2020_NZERA_281,https://determinations.era.govt.nz/assets/elawpdf/2020/2020_NZERA_281.pdf,employee_win,employee_win,yes,no
2020,2020_NZERA_284,https://determinations.era.govt.nz/assets/elawpdf/2020/2020_NZERA_284.pdf,,employer_win,no,no
2020,2020_NZERA_29,https://determinations.era.govt.nz/assets/elawpdf/2020/2020_NZERA_29.pdf,,employee_win,no,no
2020,2020_NZERA_293,https://determinations.era.govt.nz/assets/elawpdf/2020/2020_NZERA_293.pdf,employee_win,employee_win,yes,no
2020,2020_NZERA_294,https://determinations.era.govt.nz/assets/elawpdf/2020/2020_NZERA_294.pdf,,employer_win,no,no
2020,2020_NZERA_295,https://determinations.era.govt.nz/assets/elawpdf/2020/2020_NZERA_295.pdf,,employer_win,no,no
2020,2020_NZERA_296,https://determinations.era.govt.nz/assets/elawpdf/2020/2020_NZERA_296.pdf,employee_win,employee_win,yes,no
2020,2020_NZERA_299,https://determinations.era.govt.nz/assets/elawpdf/2020/2020_NZERA_299.pdf,employee_win,employee_win,yes,no
2020,2020_NZERA_306,https://determinations.era.govt.nz/assets/elawpdf/2020/2020_NZERA_306.pdf,,employer_win,no,no
2020,2020_NZERA_314,https://determinations.era.govt.nz/assets/elawpdf/2020/2020_NZERA_314.pdf,,employee_win,no,no
2020,2020_NZERA_322,https://determinations.era.govt.nz/assets/elawpdf/2020/2020_NZERA_322.pdf,employee_win,employee_win,yes,no
2020,2020_NZERA_333,https://determinations.era.govt.nz/assets/elawpdf/2020/2020_NZERA_333.pdf,employee_win,employee_win,yes,no
2020,2020_NZERA_345,https://determinations.era.govt.nz/assets/elawpdf/2020/2020_NZERA_345.pdf,employee_win,employee_win,yes,no
2020,2020_NZERA_347,https://determinations.era.govt.nz/assets/elawpdf/2020/2020_NZERA_347.pdf,employee_win,employee_win,yes,no
2020,2020_NZERA_352,https://determinations.era.govt.nz/assets/elawpdf/2020/2020_NZERA_352.pdf,employee_win,employee_win,yes,no
2020,2020_NZERA_363,https://determinations.era.govt.nz/assets/elawpdf/2020/2020_NZERA_363.pdf,,employee_win,no,no
2020,2020_NZERA_372,https://determinations.era.govt.nz/assets/elawpdf/2020/2020_NZERA_372.pdf,employer_win,employer_win,yes,no
2020,2020_NZERA_38,https://determinations.era.govt.nz/assets/elawpdf/2020/2020_NZERA_38.pdf,,employer_win,no,no
2020,2020_NZERA_384,https://determinations.era.govt.nz/assets/elawpdf/2020/2020_NZERA_384.pdf,,employee_win,no,no
2020,2020_NZERA_39,https://determinations.era.govt.nz/assets/elawpdf/2020/2020_NZERA_39.pdf,,employer_win,no,no
2020,2020_NZERA_390,https://determinations.era.govt.nz/assets/elawpdf/2020/2020_NZERA_390.pdf,employer_win,employer_win,yes,no
2020,2020_NZERA_393,https://determinations.era.govt.nz/assets/elawpdf/2020/2020_NZERA_393.pdf,employee_win,employer_win,yes,yes
2020,2020_NZERA_395,https://determinations.era.govt.nz/assets/elawpdf/2020/2020_NZERA_395.pdf,,employee_win,no,no
2020,2020_NZERA_397,https://determinations.era.govt.nz/assets/elawpdf/2020/2020_NZERA_397.pdf,,employee_win,no,no
2020,2020_NZERA_4,https://determinations.era.govt.nz/assets/elawpdf/2020/2020_NZERA_4.pdf,,employee_win,no,no
2020,2020_NZERA_40,https://determinations.era.govt.nz/assets/elawpdf/2020/2020_NZERA_40.pdf,employee_win,employer_win,yes,yes
2020,2020_NZERA_401,https://determinations.era.govt.nz/assets/elawpdf/2020/2020_NZERA_401.pdf,employee_win,employee_win,yes,no
2020,2020_NZERA_404,https://determinations.era.govt.nz/assets/elawpdf/2020/2020_NZERA_404.pdf,employee_win,employer_win,yes,yes
2020,2020_NZERA_41,https://determinations.era.govt.nz/assets/elawpdf/2020/2020_NZERA_41.pdf,,employee_win,no,no
2020,2020_NZERA_413,https://determinations.era.govt.nz/assets/elawpdf/2020/2020_NZERA_413.pdf,,employer_win,no,no
2020,2020_NZERA_423,https://determinations.era.govt.nz/assets/elawpdf/2020/2020_NZERA_423.pdf,,employer_win,no,no
2020,2020_NZERA_426,https://determinations.era.govt.nz/assets/elawpdf/2020/2020_NZERA_426.pdf,,employee_win,no,no
2020,2020_NZERA_430,https://determinations.era.govt.nz/assets/elawpdf/2020/2020_NZERA_430.pdf,employee_win,employee_win,yes,no
2020,2020_NZERA_434,https://determinations.era.govt.nz/assets/elawpdf/2020/2020_NZERA_434.pdf,employee_win,employee_win,yes,no
2020,2020_NZERA_44,https://determinations.era.govt.nz/assets/elawpdf/2020/2020_NZERA_44.pdf,,employee_win,no,no
2020,2020_NZERA_440,https://determinations.era.govt.nz/assets/elawpdf/2020/2020_NZERA_440.pdf,,employee_win,no,no
2020,2020_NZERA_441,https://determinations.era.govt.nz/assets/elawpdf/2020/2020_NZERA_441.pdf,,employee_win,no,no
2020,2020_NZERA_442,https://determinations.era.govt.nz/assets/elawpdf/2020/2020_NZERA_442.pdf,employer_win,employer_win,yes,no
2020,2020_NZERA_445,https://determinations.era.govt.nz/assets/elawpdf/2020/2020_NZERA_445.pdf,,employer_win,no,no
2020,2020_NZERA_446,https://determinations.era.govt.nz/assets/elawpdf/2020/2020_NZERA_446.pdf,,employer_win,no,no
2020,2020_NZERA_454,https://determinations.era.govt.nz/assets/elawpdf/2020/2020_NZERA_454.pdf,,employee_win,no,no
2020,2020_NZERA_46,https://determinations.era.govt.nz/assets/elawpdf/2020/2020_NZERA_46.pdf,employee_win,employer_win,yes,yes
2020,2020_NZERA_462,https://determinations.era.govt.nz/assets/elawpdf/2020/2020_NZERA_462.pdf,employee_win,employee_win,yes,no
2020,2020_NZERA_468,https://determinations.era.govt.nz/assets/elawpdf/2020/2020_NZERA_468.pdf,,employee_win,no,no
2020,2020_NZERA_469,https://determinations.era.govt.nz/assets/elawpdf/2020/2020_NZERA_469.pdf,,employee_win,no,no
2020,2020_NZERA_480,https://determinations.era.govt.nz/assets/elawpdf/2020/2020_NZERA_480.pdf,,employer_win,no,no
2020,2020_NZERA_485,https://determinations.era.govt.nz/assets/elawpdf/2020/2020_NZERA_485.pdf,,employer_win,no,no
2020,2020_NZERA_487,https://determinations.era.govt.nz/assets/elawpdf/2020/2020_NZERA_487.pdf,employee_win,employee_win,yes,no
2020,2020_NZERA_489,https://determinations.era.govt.nz/assets/elawpdf/2020/2020_NZERA_489.pdf,employee_win,employer_win,yes,yes
2020,2020_NZERA_496,https://determinations.era.govt.nz/assets/elawpdf/2020/2020_NZERA_496.pdf,employee_win,employee_win,yes,no
2020,2020_NZERA_500,https://determinations.era.govt.nz/assets/elawpdf/2020/2020_NZERA_500.pdf,,employee_win,no,no
2020,2020_NZERA_504,https://determinations.era.govt.nz/assets/elawpdf/2020/2020_NZERA_504.pdf,,employee_win,no,no
2020,2020_NZERA_506,https://determinations.era.govt.nz/assets/elawpdf/2020/2020_NZERA_506.pdf,,employee_win,no,no
2020,2020_NZERA_51,https://determinations.era.govt.nz/assets/elawpdf/2020/2020_NZERA_51.pdf,employee_win,employer_win,yes,yes
2020,2020_NZERA_521,https://determinations.era.govt.nz/assets/elawpdf/2020/2020_NZERA_521.pdf,employee_win,employee_win,yes,no
2020,2020_NZERA_522,https://determinations.era.govt.nz/assets/elawpdf/2020/2020_NZERA_522.pdf,employee_win,employer_win,yes,yes
2020,2020_NZERA_527,https://determinations.era.govt.nz/assets/elawpdf/2020/2020_NZERA_527.pdf,employee_win,employee_win,yes,no
2020,2020_NZERA_536,https://determinations.era.govt.nz/assets/elawpdf/2020/2020_NZERA_536.pdf,employee_win,employee_win,yes,no
2020,2020_NZERA_54,https://determinations.era.govt.nz/assets/elawpdf/2020/2020_NZERA_54.pdf,,employer_win,no,no
2020,2020_NZERA_541,https://determinations.era.govt.nz/assets/elawpdf/2020/2020_NZERA_541.pdf,employee_win,employee_win,yes,no
2020,2020_NZERA_57,https://determinations.era.govt.nz/assets/elawpdf/2020/2020_NZERA_57.pdf,employee_win,employee_win,yes,no
2020,2020_NZERA_59,https://determinations.era.govt.nz/assets/elawpdf/2020/2020_NZERA_59.pdf,,employee_win,no,no
2020,2020_NZERA_6,https://determinations.era.govt.nz/assets/elawpdf/2020/2020_NZERA_6.pdf,,employer_win,no,no
2020,2020_NZERA_63,https://determinations.era.govt.nz/assets/elawpdf/2020/2020_NZERA_63.pdf,employee_win,employee_win,yes,no
2020,2020_NZERA_68,https://determinations.era.govt.nz/assets/elawpdf/2020/2020_NZERA_68.pdf,employee_win,employer_win,yes,yes
2020,2020_NZERA_69,https://determinations.era.govt.nz/assets/elawpdf/2020/2020_NZERA_69.pdf,employee_win,employee_win,yes,no
2020,2020_NZERA_73,https://determinations.era.govt.nz/assets/elawpdf/2020/2020_NZERA_73.pdf,employer_win,employee_win,yes,yes
2020,2020_NZERA_79,https://determinations.era.govt.nz/assets/elawpdf/2020/2020_NZERA_79.pdf,,employee_win,no,no
2020,2020_NZERA_8,https://determinations.era.govt.nz/assets/elawpdf/2020/2020_NZERA_8.pdf,employee_win,employee_win,yes,no
2020,2020_NZERA_80,https://determinations.era.govt.nz/assets/elawpdf/2020/2020_NZERA_80.pdf,,employee_win,no,no
2020,2020_NZERA_85,https://determinations.era.govt.nz/assets/elawpdf/2020/2020_NZERA_85.pdf,employee_win,employer_win,yes,yes
2020,2020_NZERA_89,https://determinations.era.govt.nz/assets/elawpdf/2020/2020_NZERA_89.pdf,,employee_win,no,no
2020,2020_NZERA_95,https://determinations.era.govt.nz/assets/elawpdf/2020/2020_NZERA_95.pdf,employee_win,employer_win,yes,yes
2020,2020_NZERA_96,https://determinations.era.govt.nz/assets/elawpdf/2020/2020_NZERA_96.pdf,,employer_win,no,no
2020,2020_NZERA_98,https://determinations.era.govt.nz/assets/elawpdf/2020/2020_NZERA_98.pdf,employee_win,employer_win,yes,yes
2021,2021 NZERA 244,https://determinations.era.govt.nz/assets/elawpdf/2021/2021-NZERA-244.pdf,,employee_win,no,no
2021,2021 NZERA 252,https://determinations.era.govt.nz/assets/elawpdf/2021/2021-NZERA-252.pdf,,employee_win,no,no
2021,2021 NZERA 257,https://determinations.era.govt.nz/assets/elawpdf/2021/2021-NZERA-257.pdf,employee_win,employer_win,yes,yes
2021,2021 NZERA 259,https://determinations.era.govt.nz/assets/elawpdf/2021/2021-NZERA-259.pdf,employer_win,employer_win,yes,no
2021,2021 NZERA 271,https://determinations.era.govt.nz/assets/elawpdf/2021/2021-NZERA-271.pdf,employee_win,employee_win,yes,no
2021,2021 NZERA 276,https://determinations.era.govt.nz/assets/elawpdf/2021/2021-NZERA-276.pdf,employee_win,employee_win,yes,no
2021,2021 NZERA 282,https://determinations.era.govt.nz/assets/elawpdf/2021/2021-NZERA-282.pdf,employee_win,employer_win,yes,yes
2021,2021 NZERA 304,https://determinations.era.govt.nz/assets/elawpdf/2021/2021-NZERA-304.pdf,,employee_win,no,no
2021,2021 NZERA 308,https://determinations.era.govt.nz/assets/elawpdf/2021/2021-NZERA-308.pdf,employee_win,employer_win,yes,yes
2021,2021 NZERA 311,https://determinations.era.govt.nz/assets/elawpdf/2021/2021-NZERA-311.pdf,,employee_win,no,no
2021,2021 NZERA 313,https://determinations.era.govt.nz/assets/elawpdf/2021/2021-NZERA-313.pdf,,employer_win,no,no
2021,2021 NZERA 320,https://determinations.era.govt.nz/assets/elawpdf/2021/2021-NZERA-320.pdf,employee_win,employer_win,yes,yes
2021,2021 NZERA 330,https://determinations.era.govt.nz/assets/elawpdf/2021/2021-NZERA-330.pdf,employee_win,employee_win,yes,no
2021,2021 NZERA 333,https://determinations.era.govt.nz/assets/elawpdf/2021/2021-NZERA-333.pdf,employee_win,employee_win,yes,no
2021,2021 NZERA 334,https://determinations.era.govt.nz/assets/elawpdf/2021/2021-NZERA-334.pdf,,employee_win,no,no
2021,2021 NZERA 335,https://determinations.era.govt.nz/assets/elawpdf/2021/2021-NZERA-335.pdf,,employer_win,no,no
2021,2021 NZERA 336,https://determinations.era.govt.nz/assets/elawpdf/2021/2021-NZERA-336.pdf,,employer_win,no,no
2021,2021 NZERA 345,https://determinations.era.govt.nz/assets/elawpdf/2021/2021-NZERA-345.pdf,,employee_win,no,no
2021,2021 NZERA 369,https://determinations.era.govt.nz/assets/elawpdf/2021/2021-NZERA-369.pdf,,employer_win,no,no
2021,2021 NZERA 382,https://determinations.era.govt.nz/assets/elawpdf/2021/2021-NZERA-382.pdf,employer_win,employer_win,yes,no
2021,2021 NZERA 394,https://determinations.era.govt.nz/assets/elawpdf/2021/2021-NZERA-394.pdf,employee_win,employer_win,yes,yes
2021,2021 NZERA 400,https://determinations.era.govt.nz/assets/elawpdf/2021/2021-NZERA-400.pdf,,employee_win,no,no
2021,2021 NZERA 406,https://determinations.era.govt.nz/assets/elawpdf/2021/2021-NZERA-406.pdf,,employer_win,no,no
2021,2021 NZERA 410,https://determinations.era.govt.nz/assets/elawpdf/2021/2021-NZERA-410.pdf,employee_win,employer_win,yes,yes
2021,2021 NZERA 417,https://determinations.era.govt.nz/assets/elawpdf/2021/2021-NZERA-417.pdf,,employer_win,no,no
2021,2021 NZERA 422,https://determinations.era.govt.nz/assets/elawpdf/2021/2021-NZERA-422.pdf,,employee_win,no,no
2021,2021 NZERA 423,https://determinations.era.govt.nz/assets/elawpdf/2021/2021-NZERA-423.pdf,employee_win,employee_win,yes,no
2021,2021 NZERA 432,https://determinations.era.govt.nz/assets/elawpdf/2021/2021-NZERA-432.pdf,employee_win,employee_win,yes,no
2021,2021 NZERA 433,https://determinations.era.govt.nz/assets/elawpdf/2021/2021-NZERA-433.pdf,,employee_win,no,no
2021,2021 NZERA 438,https://determinations.era.govt.nz/assets/elawpdf/2021/2021-NZERA-438.pdf,employee_win,employee_win,yes,no
2021,2021 NZERA 442,https://determinations.era.govt.nz/assets/elawpdf/2021/2021-NZERA-442.pdf,employee_win,employee_win,yes,no
2021,2021 NZERA 445,https://determinations.era.govt.nz/assets/elawpdf/2021/2021-NZERA-445.pdf,,employee_win,no,no
2021,2021 NZERA 451,https://determinations.era.govt.nz/assets/elawpdf/2021/2021-NZERA-451.pdf,,employee_win,no,no
2021,2021 NZERA 456,https://determinations.era.govt.nz/assets/elawpdf/2021/2021-NZERA-456.pdf,employee_win,employee_win,yes,no
2021,2021 NZERA 457,https://determinations.era.govt.nz/assets/elawpdf/2021/2021-NZERA-457.pdf,employee_win,employer_win,yes,yes
2021,2021 NZERA 463,https://determinations.era.govt.nz/assets/elawpdf/2021/2021-NZERA-463.pdf,employee_win,employee_win,yes,no
2021,2021 NZERA 468,https://determinations.era.govt.nz/assets/elawpdf/2021/2021-NZERA-468.pdf,employee_win,employee_win,yes,no
2021,2021 NZERA 470,https://determinations.era.govt.nz/assets/elawpdf/2021/2021-NZERA-470.pdf,employee_win,employee_win,yes,no
2021,2021 NZERA 473,https://determinations.era.govt.nz/assets/elawpdf/2021/2021-NZERA-473.pdf,employee_win,employer_win,yes,yes
2021,2021 NZERA 476,https://determinations.era.govt.nz/assets/elawpdf/2021/2021-NZERA-476.pdf,employee_win,employee_win,yes,no
2021,2021 NZERA 477,https://determinations.era.govt.nz/assets/elawpdf/2021/2021-NZERA-477.pdf,,employee_win,no,no
2021,2021 NZERA 493,https://determinations.era.govt.nz/assets/elawpdf/2021/2021-NZERA-493.pdf,,employer_win,no,no
2021,2021 NZERA 500,https://determinations.era.govt.nz/assets/elawpdf/2021/2021-NZERA-500.pdf,employee_win,employee_win,yes,no
2021,2021 NZERA 503,https://determinations.era.govt.nz/assets/elawpdf/2021/2021-NZERA-503.pdf,,employee_win,no,no
2021,2021 NZERA 506,https://determinations.era.govt.nz/assets/elawpdf/2021/2021-NZERA-506.pdf,,employee_win,no,no
2021,2021 NZERA 511,https://determinations.era.govt.nz/assets/elawpdf/2021/2021-NZERA-511.pdf,,employer_win,no,no
2021,2021 NZERA 518,https://determinations.era.govt.nz/assets/elawpdf/2021/2021-NZERA-518.pdf,employee_win,employee_win,yes,no
2021,2021 NZERA 519,https://determinations.era.govt.nz/assets/elawpdf/2021/2021-NZERA-519.pdf,,employee_win,no,no
2021,2021 NZERA 520,https://determinations.era.govt.nz/assets/elawpdf/2021/2021-NZERA-520.pdf,,employee_win,no,no
2021,2021 NZERA 525,https://determinations.era.govt.nz/assets/elawpdf/2021/2021-NZERA-525.pdf,,employer_win,no,no
2021,2021 NZERA 532,https://determinations.era.govt.nz/assets/elawpdf/2021/2021-NZERA-532.pdf,,employee_win,no,no
2021,2021 NZERA 540,https://determinations.era.govt.nz/assets/elawpdf/2021/2021-NZERA-540.pdf,,employer_win,no,no
2021,2021 NZERA 545,https://determinations.era.govt.nz/assets/elawpdf/2021/2021-NZERA-545.pdf,employee_win,employer_win,yes,yes
2021,2021 NZERA 563,https://determinations.era.govt.nz/assets/elawpdf/2021/2021-NZERA-563.pdf,,employer_win,no,no
2021,2021 NZERA 566,https://determinations.era.govt.nz/assets/elawpdf/2021/2021-NZERA-566.pdf,employee_win,employee_win,yes,no
2021,2021 NZERA 572,https://determinations.era.govt.nz/assets/elawpdf/2021/2021-NZERA-572.pdf,,employee_win,no,no
2021,2021 NZERA 573,https://determinations.era.govt.nz/assets/elawpdf/2021/2021-NZERA-573.pdf,,employee_win,no,no
2021,2021 NZERA 574,https://determinations.era.govt.nz/assets/elawpdf/2021/2021-NZERA-574.pdf,,employee_win,no,no
2021,2021 NZERA 583,https://determinations.era.govt.nz/assets/elawpdf/2021/2021-NZERA-583.pdf,,employee_win,no,no
2022,2022 NZERA 1,https://determinations.era.govt.nz/assets/elawpdf/2022/2022-NZERA-1.pdf,,employer_win,no,no
2022,2022 NZERA 102,https://determinations.era.govt.nz/assets/elawpdf/2022/2022-NZERA-102.pdf,,employer_win,no,no
2022,2022 NZERA 104,https://determinations.era.govt.nz/assets/elawpdf/2022/2022-NZERA-104.pdf,employee_win,employer_win,yes,yes
2022,2022 NZERA 108,https://determinations.era.govt.nz/assets/elawpdf/2022/2022-NZERA-108.pdf,employee_win,employer_win,yes,yes
2022,2022 NZERA 109,https://determinations.era.govt.nz/assets/elawpdf/2022/2022-NZERA-109.pdf,,employee_win,no,no
2022,2022 NZERA 117,https://determinations.era.govt.nz/assets/elawpdf/2022/2022-NZERA-117.pdf,employee_win,employee_win,yes,no
2022,2022 NZERA 122,https://determinations.era.govt.nz/assets/elawpdf/2022/2022-NZERA-122.pdf,employee_win,employee_win,yes,no
2022,2022 NZERA 125,https://determinations.era.govt.nz/assets/elawpdf/2022/2022-NZERA-125.pdf,employee_win,employee_win,yes,no
2022,2022 NZERA 127,https://determinations.era.govt.nz/assets/elawpdf/2022/2022-NZERA-127.pdf,,employee_win,no,no
2022,2022 NZERA 145,https://determinations.era.govt.nz/assets/elawpdf/2022/2022-NZERA-145.pdf,,employer_win,no,no
2022,2022 NZERA 163,https://determinations.era.govt.nz/assets/elawpdf/2022/2022-NZERA-163.pdf,employee_win,employee_win,yes,no
2022,2022 NZERA 169,https://determinations.era.govt.nz/assets/elawpdf/2022/2022-NZERA-169.pdf,,employee_win,no,no
2022,2022 NZERA 17,https://determinations.era.govt.nz/assets/elawpdf/2022/2022-NZERA-17.pdf,,employer_win,no,no
2022,2022 NZERA 195,https://determinations.era.govt.nz/assets/elawpdf/2022/2022-NZERA-195.pdf,,employee_win,no,no
2022,2022 NZERA 196,https://determinations.era.govt.nz/assets/elawpdf/2022/2022-NZERA-196.pdf,,employer_win,no,no
2022,2022 NZERA 198,https://determinations.era.govt.nz/assets/elawpdf/2022/2022-NZERA-198.pdf,employee_win,employer_win,yes,yes
2022,2022 NZERA 204,https://determinations.era.govt.nz/assets/elawpdf/2022/2022-NZERA-204.pdf,,employer_win,no,no
2022,2022 NZERA 224,https://determinations.era.govt.nz/assets/elawpdf/2022/2022-NZERA-224.pdf,employee_win,employee_win,yes,no
2022,2022 NZERA 240,https://determinations.era.govt.nz/assets/elawpdf/2022/2022-NZERA-240.pdf,,employee_win,no,no
2022,2022 NZERA 244,https://determinations.era.govt.nz/assets/elawpdf/2022/2022-NZERA-244.pdf,,employer_win,no,no
2022,2022 NZERA 248,https://determinations.era.govt.nz/assets/elawpdf/2022/2022-NZERA-248.pdf,,employee_win,no,no
2022,2022 NZERA 255,https://determinations.era.govt.nz/assets/elawpdf/2022/2022-NZERA-255.pdf,employee_win,employee_win,yes,no
2022,2022 NZERA 257,https://determinations.era.govt.nz/assets/elawpdf/2022/2022-NZERA-257.pdf,,employer_win,no,no
2022,2022 NZERA 259,https://determinations.era.govt.nz/assets/elawpdf/2022/2022-NZERA-259.pdf,employer_win,employer_win,yes,no
2022,2022 NZERA 268,https://determinations.era.govt.nz/assets/elawpdf/2022/2022-NZERA-268.pdf,,employer_win,no,no
2022,2022 NZERA 27,https://determinations.era.govt.nz/assets/elawpdf/2022/2022-NZERA-27.pdf,employee_win,employee_win,yes,no
2022,2022 NZERA 281,https://determinations.era.govt.nz/assets/elawpdf/2022/2022-NZERA-281.pdf,employee_win,employee_win,yes,no
2022,2022 NZERA 289,https://determinations.era.govt.nz/assets/elawpdf/2022/2022-NZERA-289.pdf,,employee_win,no,no
2022,2022 NZERA 297,https://determinations.era.govt.nz/assets/elawpdf/2022/2022-NZERA-297.pdf,employee_win,employee_win,yes,no
2022,2022 NZERA 299,https://determinations.era.govt.nz/assets/elawpdf/2022/2022-NZERA-299.pdf,,employee_win,no,no
2022,2022 NZERA 301,https://determinations.era.govt.nz/assets/elawpdf/2022/2022-NZERA-301.pdf,,employee_win,no,no
2022,2022 NZERA 305,https://determinations.era.govt.nz/assets/elawpdf/2022/2022-NZERA-305.pdf,,employee_win,no,no
2022,2022 NZERA 317,https://determinations.era.govt.nz/assets/elawpdf/2022/2022-NZERA-317.pdf,,employee_win,no,no
2022,2022 NZERA 323,https://determinations.era.govt.nz/assets/elawpdf/2022/2022-NZERA-323.pdf,,employer_win,no,no
2022,2022 NZERA 324,https://determinations.era.govt.nz/assets/elawpdf/2022/2022-NZERA-324.pdf,,employee_win,no,no
2022,2022 NZERA 333,https://determinations.era.govt.nz/assets/elawpdf/2022/2022-NZERA-333.pdf,employee_win,employee_win,yes,no
2022,2022 NZERA 336,https://determinations.era.govt.nz/assets/elawpdf/2022/2022-NZERA-336.pdf,employee_win,employee_win,yes,no
2022,2022 NZERA 337,https://determinations.era.govt.nz/assets/elawpdf/2022/2022-NZERA-337.pdf,employee_win,employee_win,yes,no
2022,2022 NZERA 341,https://determinations.era.govt.nz/assets/elawpdf/2022/2022-NZERA-341.pdf,,employer_win,no,no
2022,2022 NZERA 342,https://determinations.era.govt.nz/assets/elawpdf/2022/2022-NZERA-342.pdf,,employer_win,no,no
2022,2022 NZERA 352,https://determinations.era.govt.nz/assets/elawpdf/2022/2022-NZERA-352.pdf,employer_win,employer_win,yes,no
2022,2022 NZERA 353,https://determinations.era.govt.nz/assets/elawpdf/2022/2022-NZERA-353.pdf,,employer_win,no,no
2022,2022 NZERA 360,https://determinations.era.govt.nz/assets/elawpdf/2022/2022-NZERA-360.pdf,employee_win,employee_win,yes,no
2022,2022 NZERA 367,https://determinations.era.govt.nz/assets/elawpdf/2022/2022-NZERA-367.pdf,,employee_win,no,no
2022,2022 NZERA 37,https://determinations.era.govt.nz/assets/elawpdf/2022/2022-NZERA-37.pdf,,employer_win,no,no
2022,2022 NZERA 380,https://determinations.era.govt.nz/assets/elawpdf/2022/2022-NZERA-380.pdf,employee_win,employee_win,yes,no
2022,2022 NZERA 389,https://determinations.era.govt.nz/assets/elawpdf/2022/2022-NZERA-389.pdf,employee_win,employee_win,yes,no
2022,2022 NZERA 394,https://determinations.era.govt.nz/assets/elawpdf/2022/2022-NZERA-394.pdf,,employee_win,no,no
2022,2022 NZERA 395,https://determinations.era.govt.nz/assets/elawpdf/2022/2022-NZERA-395.pdf,,employee_win,no,no
2022,2022 NZERA 397,https://determinations.era.govt.nz/assets/elawpdf/2022/2022-NZERA-397.pdf,,employer_win,no,no
2022,2022 NZERA 399,https://determinations.era.govt.nz/assets/elawpdf/2022/2022-NZERA-399.pdf,,employee_win,no,no
2022,2022 NZERA 407,https://determinations.era.govt.nz/assets/elawpdf/2022/2022-NZERA-407.pdf,,employer_win,no,no
2022,2022 NZERA 409,https://determinations.era.govt.nz/assets/elawpdf/2022/2022-NZERA-409.pdf,employee_win,employer_win,yes,yes
2022,2022 NZERA 43,https://determinations.era.govt.nz/assets/elawpdf/2022/2022-NZERA-43.pdf,,employee_win,no,no
2022,2022 NZERA 432,https://determinations.era.govt.nz/assets/elawpdf/2022/2022-NZERA-432.pdf,,employer_win,no,no
2022,2022 NZERA 434,https://determinations.era.govt.nz/assets/elawpdf/2022/2022-NZERA-434.pdf,,employer_win,no,no
2022,2022 NZERA 437,https://determinations.era.govt.nz/assets/elawpdf/2022/2022-NZERA-437.pdf,employee_win,employer_win,yes,yes
2022,2022 NZERA 44,https://determinations.era.govt.nz/assets/elawpdf/2022/2022-NZERA-44.pdf,employee_win,employee_win,yes,no
2022,2022 NZERA 444,https://determinations.era.govt.nz/assets/elawpdf/2022/2022-NZERA-444.pdf,,employer_win,no,no
2022,2022 NZERA 447,https://determinations.era.govt.nz/assets/elawpdf/2022/2022-NZERA-447.pdf,employee_win,employee_win,yes,no
2022,2022 NZERA 45,https://determinations.era.govt.nz/assets/elawpdf/2022/2022-NZERA-45.pdf,employee_win,employee_win,yes,no
2022,2022 NZERA 461,https://determinations.era.govt.nz/assets/elawpdf/2022/2022-NZERA-461.pdf,,employee_win,no,no
2022,2022 NZERA 471,https://determinations.era.govt.nz/assets/elawpdf/2022/2022-NZERA-471.pdf,,employee_win,no,no
2022,2022 NZERA 481,https://determinations.era.govt.nz/assets/elawpdf/2022/2022-NZERA-481.pdf,employee_win,employee_win,yes,no
2022,2022 NZERA 489,https://determinations.era.govt.nz/assets/elawpdf/2022/2022-NZERA-489.pdf,employee_win,employer_win,yes,yes
2022,2022 NZERA 492,https://determinations.era.govt.nz/assets/elawpdf/2022/2022-NZERA-492.pdf,employee_win,employee_win,yes,no
2022,2022 NZERA 506,https://determinations.era.govt.nz/assets/elawpdf/2022/2022-NZERA-506.pdf,employee_win,employer_win,yes,yes
2022,2022 NZERA 517,https://determinations.era.govt.nz/assets/elawpdf/2022/2022-NZERA-517.pdf,,employee_win,no,no
2022,2022 NZERA 524,https://determinations.era.govt.nz/assets/elawpdf/2022/2022-NZERA-524.pdf,,employer_win,no,no
2022,2022 NZERA 530,https://determinations.era.govt.nz/assets/elawpdf/2022/2022-NZERA-530.pdf,,employee_win,no,no
2022,2022 NZERA 532,https://determinations.era.govt.nz/assets/elawpdf/2022/2022-NZERA-532.pdf,,employee_win,no,no
2022,2022 NZERA 535,https://determinations.era.govt.nz/assets/elawpdf/2022/2022-NZERA-535.pdf,,employee_win,no,no
2022,2022 NZERA 538,https://determinations.era.govt.nz/assets/elawpdf/2022/2022-NZERA-538.pdf,,employee_win,no,no
2022,2022 NZERA 547,https://determinations.era.govt.nz/assets/elawpdf/2022/2022-NZERA-547.pdf,employee_win,employee_win,yes,no
2022,2022 NZERA 563,https://determinations.era.govt.nz/assets/elawpdf/2022/2022-NZERA-563.pdf,,employee_win,no,no
2022,2022 NZERA 565,https://determinations.era.govt.nz/assets/elawpdf/2022/2022-NZERA-565.pdf,employee_win,employee_win,yes,no
2022,2022 NZERA 567,https://determinations.era.govt.nz/assets/elawpdf/2022/2022-NZERA-567.pdf,employer_win,employer_win,yes,no
2022,2022 NZERA 576,https://determinations.era.govt.nz/assets/elawpdf/2022/2022-NZERA-576.pdf,employee_win,employee_win,yes,no
2022,2022 NZERA 584,https://determinations.era.govt.nz/assets/elawpdf/2022/2022-NZERA-584.pdf,employee_win,employee_win,yes,no
2022,2022 NZERA 589,https://determinations.era.govt.nz/assets/elawpdf/2022/2022-NZERA-589.pdf,employee_win,employee_win,yes,no
2022,2022 NZERA 59,https://determinations.era.govt.nz/assets/elawpdf/2022/2022-NZERA-59.pdf,employee_win,employee_win,yes,no
2022,2022 NZERA 594,https://determinations.era.govt.nz/assets/elawpdf/2022/2022-NZERA-594.pdf,employer_win,employee_win,yes,yes
2022,2022 NZERA 598,https://determinations.era.govt.nz/assets/elawpdf/2022/2022-NZERA-598.pdf,,employee_win,no,no
2022,2022 NZERA 599,https://determinations.era.govt.nz/assets/elawpdf/2022/2022-NZERA-599.pdf,employee_win,employee_win,yes,no
2022,2022 NZERA 603,https://determinations.era.govt.nz/assets/elawpdf/2022/2022-NZERA-603.pdf,employee_win,employee_win,yes,no
2022,2022 NZERA 616,https://determinations.era.govt.nz/assets/elawpdf/2022/2022-NZERA-616.pdf,employee_win,employee_win,yes,no
2022,2022 NZERA 622,https://determinations.era.govt.nz/assets/elawpdf/2022/2022-NZERA-622.pdf,employee_win,employee_win,yes,no
2022,2022 NZERA 623,https://determinations.era.govt.nz/assets/elawpdf/2022/2022-NZERA-623.pdf,employee_win,employee_win,yes,no
2022,2022 NZERA 634,https://determinations.era.govt.nz/assets/elawpdf/2022/2022-NZERA-634.pdf,employer_win,employee_win,yes,yes
2022,2022 NZERA 64,https://determinations.era.govt.nz/assets/elawpdf/2022/2022-NZERA-64.pdf,employee_win,employer_win,yes,yes
2022,2022 NZERA 645,https://determinations.era.govt.nz/assets/elawpdf/2022/2022-NZERA-645.pdf,,employee_win,no,no
2022,2022 NZERA 65,https://determinations.era.govt.nz/assets/elawpdf/2022/2022-NZERA-65.pdf,,employee_win,no,no
2022,2022 NZERA 653,https://determinations.era.govt.nz/assets/elawpdf/2022/2022-NZERA-653.pdf,,employee_win,no,no
2022,2022 NZERA 660,https://determinations.era.govt.nz/assets/elawpdf/2022/2022-NZERA-660.pdf,,employee_win,no,no
2022,2022 NZERA 665,https://determinations.era.govt.nz/assets/elawpdf/2022/2022-NZERA-665.pdf,employee_win,employee_win,yes,no
2022,2022 NZERA 666,https://determinations.era.govt.nz/assets/elawpdf/2022/2022-NZERA-666.pdf,employee_win,employee_win,yes,no
2022,2022 NZERA 679,https://determinations.era.govt.nz/assets/elawpdf/2022/2022-NZERA-679.pdf,employee_win,employee_win,yes,no
2022,2022 NZERA 693,https://determinations.era.govt.nz/assets/elawpdf/2022/2022-NZERA-693.pdf,employee_win,employee_win,yes,no
2022,2022 NZERA 72,https://determinations.era.govt.nz/assets/elawpdf/2022/2022-NZERA-72.pdf,employee_win,employee_win,yes,no
2022,2022 NZERA 76,https://determinations.era.govt.nz/assets/elawpdf/2022/2022-NZERA-76.pdf,,employee_win,no,no
2022,2022 NZERA 78,https://determinations.era.govt.nz/assets/elawpdf/2022/2022-NZERA-78.pdf,,employee_win,no,no
2022,2022 NZERA 81,https://determinations.era.govt.nz/assets/elawpdf/2022/2022-NZERA-81.pdf,employee_win,employee_win,yes,no
2022,2022 NZERA 84,https://determinations.era.govt.nz/assets/elawpdf/2022/2022-NZERA-84.pdf,,employer_win,no,no
2022,2022 NZERA 85,https://determinations.era.govt.nz/assets/elawpdf/2022/2022-NZERA-85.pdf,employee_win,employee_win,yes,no
2022,2022 NZERA 91,https://determinations.era.govt.nz/assets/elawpdf/2022/2022-NZERA-91.pdf,,employee_win,no,no
2022,2022 NZERA 94,https://determinations.era.govt.nz/assets/elawpdf/2022/2022-NZERA-94.pdf,employee_win,employer_win,yes,yes
2022,2022 NZERA 96,https://determinations.era.govt.nz/assets/elawpdf/2022/2022-NZERA-96.pdf,employee_win,employee_win,yes,no
2022,2022 NZERA 97,https://determinations.era.govt.nz/assets/elawpdf/2022/2022-NZERA-97.pdf,employee_win,employee_win,yes,no
2022,2022 NZERA 98,https://determinations.era.govt.nz/assets/elawpdf/2022/2022-NZERA-98.pdf,employee_win,employee_win,yes,no
2022,2022 NZERA 99,https://determinations.era.govt.nz/assets/elawpdf/2022/2022-NZERA-99.pdf,,employee_win,no,no
2023,2023 NZERA 10,https://determinations.era.govt.nz/assets/elawpdf/2023/2023-NZERA-10.pdf,,employer_win,no,no
2023,2023 NZERA 11,https://determinations.era.govt.nz/assets/elawpdf/2023/2023-NZERA-11.pdf,,employee_win,no,no
2023,2023 NZERA 110,https://determinations.era.govt.nz/assets/elawpdf/2023/2023-NZERA-110.pdf,,employer_win,no,no
2023,2023 NZERA 124,https://determinations.era.govt.nz/assets/elawpdf/2023/2023-NZERA-124.pdf,,employer_win,no,no
2023,2023 NZERA 136,https://determinations.era.govt.nz/assets/elawpdf/2023/2023-NZERA-136.pdf,,employee_win,no,no
2023,2023 NZERA 149,https://determinations.era.govt.nz/assets/elawpdf/2023/2023-NZERA-149.pdf,employee_win,employer_win,yes,yes
2023,2023 NZERA 15,https://determinations.era.govt.nz/assets/elawpdf/2023/2023-NZERA-15.pdf,,employee_win,no,no
2023,2023 NZERA 161,https://determinations.era.govt.nz/assets/elawpdf/2023/2023-NZERA-161.pdf,,employee_win,no,no
2023,2023 NZERA 165,https://determinations.era.govt.nz/assets/elawpdf/2023/2023-NZERA-165.pdf,employee_win,employee_win,yes,no
2023,2023 NZERA 171,https://determinations.era.govt.nz/assets/elawpdf/2023/2023-NZERA-171.pdf,employee_win,employee_win,yes,no
2023,2023 NZERA 190,https://determinations.era.govt.nz/assets/elawpdf/2023/2023-NZERA-190.pdf,employee_win,employee_win,yes,no
2023,2023 NZERA 198,https://determinations.era.govt.nz/assets/elawpdf/2023/2023-NZERA-198.pdf,,employer_win,no,no
2023,2023 NZERA 211,https://determinations.era.govt.nz/assets/elawpdf/2023/2023-NZERA-211.pdf,employee_win,employee_win,yes,no
2023,2023 NZERA 219,https://determinations.era.govt.nz/assets/elawpdf/2023/2023-NZERA-219.pdf,employee_win,employee_win,yes,no
2023,2023 NZERA 234,https://determinations.era.govt.nz/assets/elawpdf/2023/2023-NZERA-234.pdf,,employer_win,no,no
2023,2023 NZERA 244,https://determinations.era.govt.nz/assets/elawpdf/2023/2023-NZERA-244.pdf,employee_win,employee_win,yes,no
2023,2023 NZERA 249,https://determinations.era.govt.nz/assets/elawpdf/2023/2023-NZERA-249.pdf,employee_win,employee_win,yes,no
2023,2023 NZERA 254,https://determinations.era.govt.nz/assets/elawpdf/2023/2023-NZERA-254.pdf,employee_win,employee_win,yes,no
2023,2023 NZERA 256,https://determinations.era.govt.nz/assets/elawpdf/2023/2023-NZERA-256.pdf,employee_win,employee_win,yes,no
2023,2023 NZERA 266,https://determinations.era.govt.nz/assets/elawpdf/2023/2023-NZERA-266.pdf,,employer_win,no,no
2023,2023 NZERA 271,https://determinations.era.govt.nz/assets/elawpdf/2023/2023-NZERA-271.pdf,,employee_win,no,no
2023,2023 NZERA 275,https://determinations.era.govt.nz/assets/elawpdf/2023/2023-NZERA-275.pdf,employee_win,employer_win,yes,yes
2023,2023 NZERA 282,https://determinations.era.govt.nz/assets/elawpdf/2023/2023-NZERA-282.pdf,employee_win,employee_win,yes,no
2023,2023 NZERA 287,https://determinations.era.govt.nz/assets/elawpdf/2023/2023-NZERA-287.pdf,employee_win,employee_win,yes,no
2023,2023 NZERA 295,https://determinations.era.govt.nz/assets/elawpdf/2023/2023-NZERA-295.pdf,employee_win,employee_win,yes,no
2023,2023 NZERA 296,https://determinations.era.govt.nz/assets/elawpdf/2023/2023-NZERA-296.pdf,,employee_win,no,no
2023,2023 NZERA 307,https://determinations.era.govt.nz/assets/elawpdf/2023/2023-NZERA-307.pdf,,employer_win,no,no
2023,2023 NZERA 308,https://determinations.era.govt.nz/assets/elawpdf/2023/2023-NZERA-308.pdf,,employer_win,no,no
2023,2023 NZERA 314,https://determinations.era.govt.nz/assets/elawpdf/2023/2023-NZERA-314.pdf,employer_win,employee_win,yes,yes
2023,2023 NZERA 316,https://determinations.era.govt.nz/assets/elawpdf/2023/2023-NZERA-316.pdf,employer_win,employer_win,yes,no
2023,2023 NZERA 334,https://determinations.era.govt.nz/assets/elawpdf/2023/2023-NZERA-334.pdf,employee_win,employee_win,yes,no
2023,2023 NZERA 346,https://determinations.era.govt.nz/assets/elawpdf/2023/2023-NZERA-346.pdf,employee_win,employee_win,yes,no
2023,2023 NZERA 347,https://determinations.era.govt.nz/assets/elawpdf/2023/2023-NZERA-347.pdf,employee_win,employee_win,yes,no
2023,2023 NZERA 349,https://determinations.era.govt.nz/assets/elawpdf/2023/2023-NZERA-349.pdf,employee_win,employee_win,yes,no
2023,2023 NZERA 351,https://determinations.era.govt.nz/assets/elawpdf/2023/2023-NZERA-351.pdf,employee_win,employee_win,yes,no
2023,2023 NZERA 364,https://determinations.era.govt.nz/assets/elawpdf/2023/2023-NZERA-364.pdf,employee_win,employer_win,yes,yes
2023,2023 NZERA 365,https://determinations.era.govt.nz/assets/elawpdf/2023/2023-NZERA-365.pdf,employer_win,employee_win,yes,yes
2023,2023 NZERA 370,https://determinations.era.govt.nz/assets/elawpdf/2023/2023-NZERA-370.pdf,,employee_win,no,no
2023,2023 NZERA 387,https://determinations.era.govt.nz/assets/elawpdf/2023/2023-NZERA-387.pdf,employee_win,employee_win,yes,no
2023,2023 NZERA 395,https://determinations.era.govt.nz/assets/elawpdf/2023/2023-NZERA-395.pdf,,employee_win,no,no
2023,2023 NZERA 4,https://determinations.era.govt.nz/assets/elawpdf/2023/2023-NZERA-4.pdf,,employee_win,no,no
2023,2023 NZERA 403,https://determinations.era.govt.nz/assets/elawpdf/2023/2023-NZERA-403.pdf,,employer_win,no,no
2023,2023 NZERA 404,https://determinations.era.govt.nz/assets/elawpdf/2023/2023-NZERA-404.pdf,,employer_win,no,no
2023,2023 NZERA 421,https://determinations.era.govt.nz/assets/elawpdf/2023/2023-NZERA-421.pdf,,employee_win,no,no
2023,2023 NZERA 433,https://determinations.era.govt.nz/assets/elawpdf/2023/2023-NZERA-433.pdf,employee_win,employee_win,yes,no
2023,2023 NZERA 437,https://determinations.era.govt.nz/assets/elawpdf/2023/2023-NZERA-437.pdf,employee_win,employee_win,yes,no
2023,2023 NZERA 451,https://determinations.era.govt.nz/assets/elawpdf/2023/2023-NZERA-451.pdf,,employer_win,no,no
2023,2023 NZERA 46,https://determinations.era.govt.nz/assets/elawpdf/2023/2023-NZERA-46.pdf,,employer_win,no,no
2023,2023 NZERA 463,https://determinations.era.govt.nz/assets/elawpdf/2023/2023-NZERA-463.pdf,,employee_win,no,no
2023,2023 NZERA 481,https://determinations.era.govt.nz/assets/elawpdf/2023/2023-NZERA-481.pdf,employer_win,employee_win,yes,yes
2023,2023 NZERA 493,https://determinations.era.govt.nz/assets/elawpdf/2023/2023-NZERA-493.pdf,,employee_win,no,no
2023,2023 NZERA 505,https://determinations.era.govt.nz/assets/elawpdf/2023/2023-NZERA-505.pdf,employee_win,employer_win,yes,yes
2023,2023 NZERA 512,https://determinations.era.govt.nz/assets/elawpdf/2023/2023-NZERA-512.pdf,,employer_win,no,no
2023,2023 NZERA 519,https://determinations.era.govt.nz/assets/elawpdf/2023/2023-NZERA-519.pdf,employee_win,employee_win,yes,no
2023,2023 NZERA 52,https://determinations.era.govt.nz/assets/elawpdf/2023/2023-NZERA-52.pdf,employee_win,employee_win,yes,no
2023,2023 NZERA 524,https://determinations.era.govt.nz/assets/elawpdf/2023/2023-NZERA-524.pdf,employee_win,employee_win,yes,no
2023,2023 NZERA 525,https://determinations.era.govt.nz/assets/elawpdf/2023/2023-NZERA-525.pdf,employee_win,employee_win,yes,no
2023,2023 NZERA 531,https://determinations.era.govt.nz/assets/elawpdf/2023/2023-NZERA-531.pdf,employee_win,employee_win,yes,no
2023,2023 NZERA 571,https://determinations.era.govt.nz/assets/elawpdf/2023/2023-NZERA-571.pdf,,employee_win,no,no
2023,2023 NZERA 572,https://determinations.era.govt.nz/assets/elawpdf/2023/2023-NZERA-572.pdf,,employee_win,no,no
2023,2023 NZERA 583,https://determinations.era.govt.nz/assets/elawpdf/2023/2023-NZERA-583.pdf,,employee_win,no,no
2023,2023 NZERA 584,https://determinations.era.govt.nz/assets/elawpdf/2023/2023-NZERA-584.pdf,employee_win,employee_win,yes,no
2023,2023 NZERA 587,https://determinations.era.govt.nz/assets/elawpdf/2023/2023-NZERA-587.pdf,,employee_win,no,no
2023,2023 NZERA 60,https://determinations.era.govt.nz/assets/elawpdf/2023/2023-NZERA-60.pdf,,employer_win,no,no
2023,2023 NZERA 605,https://determinations.era.govt.nz/assets/elawpdf/2023/2023-NZERA-605.pdf,,employee_win,no,no
2023,2023 NZERA 62,https://determinations.era.govt.nz/assets/elawpdf/2023/2023-NZERA-62.pdf,employee_win,employer_win,yes,yes
2023,2023 NZERA 620,https://determinations.era.govt.nz/assets/elawpdf/2023/2023-NZERA-620.pdf,,employer_win,no,no
2023,2023 NZERA 630,https://determinations.era.govt.nz/assets/elawpdf/2023/2023-NZERA-630.pdf,employee_win,employee_win,yes,no
2023,2023 NZERA 637,https://determinations.era.govt.nz/assets/elawpdf/2023/2023-NZERA-637.pdf,employee_win,employee_win,yes,no
2023,2023 NZERA 641,https://determinations.era.govt.nz/assets/elawpdf/2023/2023-NZERA-641.pdf,employee_win,employee_win,yes,no
2023,2023 NZERA 65,https://determinations.era.govt.nz/assets/elawpdf/2023/2023-NZERA-65.pdf,employee_win,employee_win,yes,no
2023,2023 NZERA 656,https://determinations.era.govt.nz/assets/elawpdf/2023/2023-NZERA-656.pdf,,employee_win,no,no
2023,2023 NZERA 657,https://determinations.era.govt.nz/assets/elawpdf/2023/2023-NZERA-657.pdf,employee_win,employee_win,yes,no
2023,2023 NZERA 661,https://determinations.era.govt.nz/assets/elawpdf/2023/2023-NZERA-661.pdf,,employee_win,no,no
2023,2023 NZERA 682,https://determinations.era.govt.nz/assets/elawpdf/2023/2023-NZERA-682.pdf,,employee_win,no,no
2023,2023 NZERA 701,https://determinations.era.govt.nz/assets/elawpdf/2023/2023-NZERA-701.pdf,,employee_win,no,no
2023,2023 NZERA 704,https://determinations.era.govt.nz/assets/elawpdf/2023/2023-NZERA-704.pdf,,employee_win,no,no
2023,2023 NZERA 715,https://determinations.era.govt.nz/assets/elawpdf/2023/2023-NZERA-715.pdf,,employer_win,no,no
2023,2023 NZERA 721,https://determinations.era.govt.nz/assets/elawpdf/2023/2023-NZERA-721.pdf,employee_win,employee_win,yes,no
2023,2023 NZERA 737,https://determinations.era.govt.nz/assets/elawpdf/2023/2023-NZERA-737.pdf,employee_win,employee_win,yes,no
2023,2023 NZERA 747,https://determinations.era.govt.nz/assets/elawpdf/2023/2023-NZERA-747.pdf,employer_win,employer_win,yes,no
2023,2023 NZERA 772,https://determinations.era.govt.nz/assets/elawpdf/2023/2023-NZERA-772.pdf,,employee_win,no,no
2023,2023 NZERA 773,https://determinations.era.govt.nz/assets/elawpdf/2023/2023-NZERA-773.pdf,employee_win,employee_win,yes,no
2024,[2024] NZERA 10,https://determinations.era.govt.nz/assets/elawpdf/2024/2024-NZERA-10.pdf,employee_win,employee_win,yes,no
2024,[2024] NZERA 102,https://determinations.era.govt.nz/assets/elawpdf/2024/2024-NZERA-102.pdf,employee_win,employee_win,yes,no
2024,[2024] NZERA 105,https://determinations.era.govt.nz/assets/elawpdf/2024/2024-NZERA-105.pdf,employee_win,employer_win,yes,yes
2024,[2024] NZERA 115,https://determinations.era.govt.nz/assets/elawpdf/2024/2024-NZERA-115.pdf,employee_win,employer_win,yes,yes
2024,[2024] NZERA 127,https://determinations.era.govt.nz/assets/elawpdf/2024/2024-NZERA-127.pdf,,employer_win,no,no
2024,[2024] NZERA 133,https://determinations.era.govt.nz/assets/elawpdf/2024/2024-NZERA-133.pdf,,employer_win,no,no
2024,[2024] NZERA 138,https://determinations.era.govt.nz/assets/elawpdf/2024/2024-NZERA-138.pdf,employee_win,employer_win,yes,yes
2024,[2024] NZERA 14,https://determinations.era.govt.nz/assets/elawpdf/2024/2024-NZERA-14.pdf,employee_win,employee_win,yes,no
2024,[2024] NZERA 162,https://determinations.era.govt.nz/assets/elawpdf/2024/2024-NZERA-162.pdf,employee_win,employee_win,yes,no
2024,[2024] NZERA 169,https://determinations.era.govt.nz/assets/elawpdf/2024/2024-NZERA-169.pdf,employee_win,employee_win,yes,no
2024,[2024] NZERA 17,https://determinations.era.govt.nz/assets/elawpdf/2024/2024-NZERA-17.pdf,,employee_win,no,no
2024,[2024] NZERA 171,https://determinations.era.govt.nz/assets/elawpdf/2024/2024-NZERA-171.pdf,,employer_win,no,no
2024,[2024] NZERA 179,https://determinations.era.govt.nz/assets/elawpdf/2024/2024-NZERA-179.pdf,employee_win,employee_win,yes,no
2024,[2024] NZERA 204,https://determinations.era.govt.nz/assets/elawpdf/2024/2024-NZERA-204.pdf,,employer_win,no,no
2024,[2024] NZERA 21,https://determinations.era.govt.nz/assets/elawpdf/2024/2024-NZERA-21.pdf,,employer_win,no,no
2024,[2024] NZERA 213,https://determinations.era.govt.nz/assets/elawpdf/2024/2024-NZERA-213.pdf,employer_win,employer_win,yes,no
2024,[2024] NZERA 223,https://determinations.era.govt.nz/assets/elawpdf/2024/2024-NZERA-223.pdf,,employer_win,no,no
2024,[2024] NZERA 224,https://determinations.era.govt.nz/assets/elawpdf/2024/2024-NZERA-224.pdf,employee_win,employer_win,yes,yes
2024,[2024] NZERA 230,https://determinations.era.govt.nz/assets/elawpdf/2024/2024-NZERA-230.pdf,,employee_win,no,no
2024,[2024] NZERA 236,https://determinations.era.govt.nz/assets/elawpdf/2024/2024-NZERA-236.pdf,,employer_win,no,no
2024,[2024] NZERA 244,https://determinations.era.govt.nz/assets/elawpdf/2024/2024-NZERA-244.pdf,,employer_win,no,no
2024,[2024] NZERA 249,https://determinations.era.govt.nz/assets/elawpdf/2024/2024-NZERA-249.pdf,,employer_win,no,no
2024,[2024] NZERA 258,https://determinations.era.govt.nz/assets/elawpdf/2024/2024-NZERA-258.pdf,employer_win,employer_win,yes,no
2024,[2024] NZERA 259,https://determinations.era.govt.nz/assets/elawpdf/2024/2024-NZERA-259.pdf,,employee_win,no,no
2024,[2024] NZERA 268,https://determinations.era.govt.nz/assets/elawpdf/2024/2024-NZERA-268.pdf,,employer_win,no,no
2024,[2024] NZERA 269,https://determinations.era.govt.nz/assets/elawpdf/2024/2024-NZERA-269.pdf,,employer_win,no,no
2024,[2024] NZERA 270,https://determinations.era.govt.nz/assets/elawpdf/2024/2024-NZERA-270.pdf,,employer_win,no,no
2024,[2024] NZERA 280,https://determinations.era.govt.nz/assets/elawpdf/2024/2024-NZERA-280.pdf,employee_win,employee_win,yes,no
2024,[2024] NZERA 286,https://determinations.era.govt.nz/assets/elawpdf/2024/2024-NZERA-286.pdf,,employee_win,no,no
2024,[2024] NZERA 296,https://determinations.era.govt.nz/assets/elawpdf/2024/2024-NZERA-296.pdf,,employee_win,no,no
2024,[2024] NZERA 308,https://determinations.era.govt.nz/assets/elawpdf/2024/2024-NZERA-308.pdf,employee_win,employee_win,yes,no
2024,[2024] NZERA 310,https://determinations.era.govt.nz/assets/elawpdf/2024/2024-NZERA-310.pdf,employee_win,employer_win,yes,yes
2024,[2024] NZERA 319,https://determinations.era.govt.nz/assets/elawpdf/2024/2024-NZERA-319.pdf,employer_win,employer_win,yes,no
2024,[2024] NZERA 320,https://determinations.era.govt.nz/assets/elawpdf/2024/2024-NZERA-320.pdf,employer_win,employee_win,yes,yes
2024,[2024] NZERA 323,https://determinations.era.govt.nz/assets/elawpdf/2024/2024-NZERA-323.pdf,employer_win,employer_win,yes,no
2024,[2024] NZERA 326,https://determinations.era.govt.nz/assets/elawpdf/2024/2024-NZERA-326.pdf,employee_win,employee_win,yes,no
2024,[2024] NZERA 327,https://determinations.era.govt.nz/assets/elawpdf/2024/2024-NZERA-327.pdf,,employer_win,no,no
2024,[2024] NZERA 333,https://determinations.era.govt.nz/assets/elawpdf/2024/2024-NZERA-333.pdf,,employee_win,no,no
2024,[2024] NZERA 334,https://determinations.era.govt.nz/assets/elawpdf/2024/2024-NZERA-334.pdf,employee_win,employee_win,yes,no
2024,[2024] NZERA 335,https://determinations.era.govt.nz/assets/elawpdf/2024/2024-NZERA-335.pdf,employee_win,employee_win,yes,no
2024,[2024] NZERA 342,https://determinations.era.govt.nz/assets/elawpdf/2024/2024-NZERA-342.pdf,employee_win,employee_win,yes,no
2024,[2024] NZERA 350,https://determinations.era.govt.nz/assets/elawpdf/2024/2024-NZERA-350.pdf,,employee_win,no,no
2024,[2024] NZERA 357,https://determinations.era.govt.nz/assets/elawpdf/2024/2024-NZERA-357.pdf,employee_win,employee_win,yes,no
2024,[2024] NZERA 358,https://determinations.era.govt.nz/assets/elawpdf/2024/2024-NZERA-358.pdf,employee_win,employee_win,yes,no
2024,[2024] NZERA 362,https://determinations.era.govt.nz/assets/elawpdf/2024/2024-NZERA-362.pdf,,employer_win,no,no
2024,[2024] NZERA 369,https://determinations.era.govt.nz/assets/elawpdf/2024/2024-NZERA-369.pdf,employee_win,employer_win,yes,yes
2024,[2024] NZERA 37,https://determinations.era.govt.nz/assets/elawpdf/2024/2024-NZERA-37.pdf,,employer_win,no,no
2024,[2024] NZERA 374,https://determinations.era.govt.nz/assets/elawpdf/2024/2024-NZERA-374.pdf,,employer_win,no,no
2024,[2024] NZERA 376,https://determinations.era.govt.nz/assets/elawpdf/2024/2024-NZERA-376.pdf,,employee_win,no,no
2024,[2024] NZERA 377,https://determinations.era.govt.nz/assets/elawpdf/2024/2024-NZERA-377.pdf,employee_win,employer_win,yes,yes
2024,[2024] NZERA 380,https://determinations.era.govt.nz/assets/elawpdf/2024/2024-NZERA-380.pdf,employee_win,employee_win,yes,no
2024,[2024] NZERA 384,https://determinations.era.govt.nz/assets/elawpdf/2024/2024-NZERA-384.pdf,employee_win,employee_win,yes,no
2024,[2024] NZERA 405,https://determinations.era.govt.nz/assets/elawpdf/2024/2024-NZERA-405.pdf,employee_win,employer_win,yes,yes
2024,[2024] NZERA 409,https://determinations.era.govt.nz/assets/elawpdf/2024/2024-NZERA-409.pdf,employer_win,employer_win,yes,no
2024,[2024] NZERA 412,https://determinations.era.govt.nz/assets/elawpdf/2024/2024-NZERA-412.pdf,,employee_win,no,no
2024,[2024] NZERA 420,https://determinations.era.govt.nz/assets/elawpdf/2024/2024-NZERA-420.pdf,,employer_win,no,no
2024,[2024] NZERA 422,https://determinations.era.govt.nz/assets/elawpdf/2024/2024-NZERA-422.pdf,,employee_win,no,no
2024,[2024] NZERA 424,https://determinations.era.govt.nz/assets/elawpdf/2024/2024-NZERA-424.pdf,,employer_win,no,no
2024,[2024] NZERA 44,https://determinations.era.govt.nz/assets/elawpdf/2024/2024-NZERA-44.pdf,employer_win,employer_win,yes,no
2024,[2024] NZERA 444,https://determinations.era.govt.nz/assets/elawpdf/2024/2024-NZERA-444.pdf,,employer_win,no,no
2024,[2024] NZERA 447,https://determinations.era.govt.nz/assets/elawpdf/2024/2024-NZERA-447.pdf,,employer_win,no,no
2024,[2024] NZERA 45,https://determinations.era.govt.nz/assets/elawpdf/2024/2024-NZERA-45.pdf,employee_win,employee_win,yes,no
2024,[2024] NZERA 453,https://determinations.era.govt.nz/assets/elawpdf/2024/2024-NZERA-453.pdf,,employee_win,no,no
2024,[2024] NZERA 454,https://determinations.era.govt.nz/assets/elawpdf/2024/2024-NZERA-454.pdf,employee_win,employee_win,yes,no
2024,[2024] NZERA 46,https://determinations.era.govt.nz/assets/elawpdf/2024/2024-NZERA-46.pdf,,employee_win,no,no
2024,[2024] NZERA 473,https://determinations.era.govt.nz/assets/elawpdf/2024/2024-NZERA-473.pdf,employer_win,employer_win,yes,no
2024,[2024] NZERA 476,https://determinations.era.govt.nz/assets/elawpdf/2024/2024-NZERA-476.pdf,employee_win,employee_win,yes,no
2024,[2024] NZERA 478,https://determinations.era.govt.nz/assets/elawpdf/2024/2024-NZERA-478.pdf,employee_win,employer_win,yes,yes
2024,[2024] NZERA 488,https://determinations.era.govt.nz/assets/elawpdf/2024/2024-NZERA-488.pdf,employee_win,employee_win,yes,no
2024,[2024] NZERA 502,https://determinations.era.govt.nz/assets/elawpdf/2024/2024-NZERA-502.pdf,employer_win,employee_win,yes,yes
2024,[2024] NZERA 506,https://determinations.era.govt.nz/assets/elawpdf/2024/2024-NZERA-506.pdf,employee_win,employee_win,yes,no
2024,[2024] NZERA 509,https://determinations.era.govt.nz/assets/elawpdf/2024/2024-NZERA-509.pdf,employee_win,employer_win,yes,yes
2024,[2024] NZERA 534,https://determinations.era.govt.nz/assets/elawpdf/2024/2024-NZERA-534.pdf,employee_win,employee_win,yes,no
2024,[2024] NZERA 536,https://determinations.era.govt.nz/assets/elawpdf/2024/2024-NZERA-536.pdf,,employee_win,no,no
2024,[2024] NZERA 545,https://determinations.era.govt.nz/assets/elawpdf/2024/2024-NZERA-545.pdf,,employee_win,no,no
2024,[2024] NZERA 546,https://determinations.era.govt.nz/assets/elawpdf/2024/2024-NZERA-546.pdf,,employee_win,no,no
2024,[2024] NZERA 548,https://determinations.era.govt.nz/assets/elawpdf/2024/2024-NZERA-548.pdf,employee_win,employer_win,yes,yes
2024,[2024] NZERA 549,https://determinations.era.govt.nz/assets/elawpdf/2024/2024-NZERA-549.pdf,,employer_win,no,no
2024,[2024] NZERA 550,https://determinations.era.govt.nz/assets/elawpdf/2024/2024-NZERA-550.pdf,,employer_win,no,no
2024,[2024] NZERA 552,https://determinations.era.govt.nz/assets/elawpdf/2024/2024-NZERA-552.pdf,,employer_win,no,no
2024,[2024] NZERA 571,https://determinations.era.govt.nz/assets/elawpdf/2024/2024-NZERA-571.pdf,,employer_win,no,no
2024,[2024] NZERA 578,https://determinations.era.govt.nz/assets/elawpdf/2024/2024-NZERA-578.pdf,employee_win,employee_win,yes,no
2024,[2024] NZERA 583,https://determinations.era.govt.nz/assets/elawpdf/2024/2024-NZERA-583.pdf,employee_win,employee_win,yes,no
2024,[2024] NZERA 585,https://determinations.era.govt.nz/assets/elawpdf/2024/2024-NZERA-585.pdf,employer_win,employee_win,yes,yes
2024,[2024] NZERA 592,https://determinations.era.govt.nz/assets/elawpdf/2024/2024-NZERA-592.pdf,employee_win,employee_win,yes,no
2024,[2024] NZERA 595,https://determinations.era.govt.nz/assets/elawpdf/2024/2024-NZERA-595.pdf,employee_win,employee_win,yes,no
2024,[2024] NZERA 599,https://determinations.era.govt.nz/assets/elawpdf/2024/2024-NZERA-599.pdf,employee_win,employer_win,yes,yes
2024,[2024] NZERA 602,https://determinations.era.govt.nz/assets/elawpdf/2024/2024-NZERA-602.pdf,employer_win,employer_win,yes,no
2024,[2024] NZERA 610,https://determinations.era.govt.nz/assets/elawpdf/2024/2024-NZERA-610.pdf,,employer_win,no,no
2024,[2024] NZERA 612,https://determinations.era.govt.nz/assets/elawpdf/2024/2024-NZERA-612.pdf,employee_win,employee_win,yes,no
2024,[2024] NZERA 617,https://determinations.era.govt.nz/assets/elawpdf/2024/2024-NZERA-617.pdf,employee_win,employee_win,yes,no
2024,[2024] NZERA 619,https://determinations.era.govt.nz/assets/elawpdf/2024/2024-NZERA-619.pdf,employee_win,employee_win,yes,no
2024,[2024] NZERA 624,https://determinations.era.govt.nz/assets/elawpdf/2024/2024-NZERA-624.pdf,,employer_win,no,no
2024,[2024] NZERA 63,https://determinations.era.govt.nz/assets/elawpdf/2024/2024-NZERA-63.pdf,employee_win,employee_win,yes,no
2024,[2024] NZERA 636,https://determinations.era.govt.nz/assets/elawpdf/2024/2024-NZERA-636.pdf,employee_win,employer_win,yes,yes
2024,[2024] NZERA 643,https://determinations.era.govt.nz/assets/elawpdf/2024/2024-NZERA-643.pdf,employee_win,employer_win,yes,yes
2024,[2024] NZERA 648,https://determinations.era.govt.nz/assets/elawpdf/2024/2024-NZERA-648.pdf,employee_win,employee_win,yes,no
2024,[2024] NZERA 649,https://determinations.era.govt.nz/assets/elawpdf/2024/2024-NZERA-649.pdf,employee_win,employee_win,yes,no
2024,[2024] NZERA 650,https://determinations.era.govt.nz/assets/elawpdf/2024/2024-NZERA-650.pdf,employee_win,employer_win,yes,yes
2024,[2024] NZERA 665,https://determinations.era.govt.nz/assets/elawpdf/2024/2024-NZERA-665.pdf,employee_win,employee_win,yes,no
2024,[2024] NZERA 668,https://determinations.era.govt.nz/assets/elawpdf/2024/2024-NZERA-668.pdf,employee_win,employer_win,yes,yes
2024,[2024] NZERA 673,https://determinations.era.govt.nz/assets/elawpdf/2024/2024-NZERA-673.pdf,,employee_win,no,no
2024,[2024] NZERA 683,https://determinations.era.govt.nz/assets/elawpdf/2024/2024-NZERA-683.pdf,,employer_win,no,no
2024,[2024] NZERA 689,https://determinations.era.govt.nz/assets/elawpdf/2024/2024-NZERA-689.pdf,,employee_win,no,no
2024,[2024] NZERA 694,https://determinations.era.govt.nz/assets/elawpdf/2024/2024-NZERA-694.pdf,employee_win,employee_win,yes,no
2024,[2024] NZERA 695,https://determinations.era.govt.nz/assets/elawpdf/2024/2024-NZERA-695.pdf,employee_win,employee_win,yes,no
2024,[2024] NZERA 698,https://determinations.era.govt.nz/assets/elawpdf/2024/2024-NZERA-698.pdf,employee_win,employee_win,yes,no
2024,[2024] NZERA 707,https://determinations.era.govt.nz/assets/elawpdf/2024/2024-NZERA-707.pdf,employer_win,employer_win,yes,no
2024,[2024] NZERA 714,https://determinations.era.govt.nz/assets/elawpdf/2024/2024-NZERA-714.pdf,employee_win,employee_win,yes,no
2024,[2024] NZERA 717,https://determinations.era.govt.nz/assets/elawpdf/2024/2024-NZERA-717.pdf,employer_win,employee_win,yes,yes
2024,[2024] NZERA 726,https://determinations.era.govt.nz/assets/elawpdf/2024/2024-NZERA-726.pdf,employee_win,employee_win,yes,no
2024,[2024] NZERA 733,https://determinations.era.govt.nz/assets/elawpdf/2024/2024-NZERA-733.pdf,,employer_win,no,no
2024,[2024] NZERA 735,https://determinations.era.govt.nz/assets/elawpdf/2024/2024-NZERA-735.pdf,employer_win,employee_win,yes,yes
2024,[2024] NZERA 741,https://determinations.era.govt.nz/assets/elawpdf/2024/2024-NZERA-741.pdf,,employee_win,no,no
2024,[2024] NZERA 746,https://determinations.era.govt.nz/assets/elawpdf/2024/2024-NZERA-746.pdf,employee_win,employee_win,yes,no
2024,[2024] NZERA 748,https://determinations.era.govt.nz/assets/elawpdf/2024/2024-NZERA-748.pdf,,employer_win,no,no
2024,[2024] NZERA 750,https://determinations.era.govt.nz/assets/elawpdf/2024/2024-NZERA-750.pdf,,employee_win,no,no
2024,[2024] NZERA 756,https://determinations.era.govt.nz/assets/elawpdf/2024/2024-NZERA-756.pdf,employer_win,employer_win,yes,no
2024,[2024] NZERA 766,https://determinations.era.govt.nz/assets/elawpdf/2024/2024-NZERA-766.pdf,,employer_win,no,no
2024,[2024] NZERA 770,https://determinations.era.govt.nz/assets/elawpdf/2024/2024-NZERA-770.pdf,employer_win,employer_win,yes,no
2024,[2024] NZERA 773,https://determinations.era.govt.nz/assets/elawpdf/2024/2024-NZERA-773.pdf,employee_win,employee_win,yes,no
2024,[2024] NZERA 774,https://determinations.era.govt.nz/assets/elawpdf/2024/2024-NZERA-774.pdf,employee_win,employee_win,yes,no
2024,[2024] NZERA 776,https://determinations.era.govt.nz/assets/elawpdf/2024/2024-NZERA-776.pdf,employee_win,employer_win,yes,yes
2024,[2024] NZERA 778,https://determinations.era.govt.nz/assets/elawpdf/2024/2024-NZERA-778.pdf,employee_win,employee_win,yes,no
2024,[2024] NZERA 78,https://determinations.era.govt.nz/assets/elawpdf/2024/2024-NZERA-78.pdf,employer_win,employer_win,yes,no
2024,[2024] NZERA 781,https://determinations.era.govt.nz/assets/elawpdf/2024/2024-NZERA-781.pdf,employee_win,employee_win,yes,no
2024,[2024] NZERA 83,https://determinations.era.govt.nz/assets/elawpdf/2024/2024-NZERA-83.pdf,employee_win,employee_win,yes,no
2024,[2024] NZERA 86,https://determinations.era.govt.nz/assets/elawpdf/2024/2024-NZERA-86.pdf,employee_win,employee_win,yes,no
2024,[2024] NZERA 91,https://determinations.era.govt.nz/assets/elawpdf/2024/2024-NZERA-91.pdf,,employer_win,no,no
2024,[2024] NZERA 98,https://determinations.era.govt.nz/assets/elawpdf/2024/2024-NZERA-98.pdf,,employee_win,no,no
2025,2025 NZERA 100,https://determinations.era.govt.nz/assets/elawpdf/2025/2025-NZERA-100.pdf,,employee_win,no,no
2025,2025 NZERA 108,https://determinations.era.govt.nz/assets/elawpdf/2025/2025-NZERA-108.pdf,employee_win,employee_win,yes,no
2025,2025 NZERA 111,https://determinations.era.govt.nz/assets/elawpdf/2025/2025-NZERA-111.pdf,employee_win,employee_win,yes,no
2025,2025 NZERA 117,https://determinations.era.govt.nz/assets/elawpdf/2025/2025-NZERA-117.pdf,employee_win,employee_win,yes,no
2025,2025 NZERA 123,https://determinations.era.govt.nz/assets/elawpdf/2025/2025-NZERA-123.pdf,employer_win,employee_win,yes,yes
2025,2025 NZERA 133,https://determinations.era.govt.nz/assets/elawpdf/2025/2025-NZERA-133.pdf,employer_win,employee_win,yes,yes
2025,2025 NZERA 147,https://determinations.era.govt.nz/assets/elawpdf/2025/2025-NZERA-147.pdf,,employee_win,no,no
2025,2025 NZERA 148,https://determinations.era.govt.nz/assets/elawpdf/2025/2025-NZERA-148.pdf,,employee_win,no,no
2025,2025 NZERA 152,https://determinations.era.govt.nz/assets/elawpdf/2025/2025-NZERA-152.pdf,employee_win,employee_win,yes,no
2025,2025 NZERA 160,https://determinations.era.govt.nz/assets/elawpdf/2025/2025-NZERA-160.pdf,,employer_win,no,no
2025,2025 NZERA 163,https://determinations.era.govt.nz/assets/elawpdf/2025/2025-NZERA-163.pdf,,employer_win,no,no
2025,2025 NZERA 187,https://determinations.era.govt.nz/assets/elawpdf/2025/2025-NZERA-187.pdf,employer_win,employer_win,yes,no
2025,2025 NZERA 189,https://determinations.era.govt.nz/assets/elawpdf/2025/2025-NZERA-189.pdf,employer_win,employer_win,yes,no
2025,2025 NZERA 194,https://determinations.era.govt.nz/assets/elawpdf/2025/2025-NZERA-194.pdf,,employee_win,no,no
2025,2025 NZERA 199,https://determinations.era.govt.nz/assets/elawpdf/2025/2025-NZERA-199.pdf,,employee_win,no,no
2025,2025 NZERA 2,https://determinations.era.govt.nz/assets/elawpdf/2025/2025-NZERA-2.pdf,employer_win,employer_win,yes,no
2025,2025 NZERA 20,https://determinations.era.govt.nz/assets/elawpdf/2025/2025-NZERA-20.pdf,,employee_win,no,no
2025,2025 NZERA 214,https://determinations.era.govt.nz/assets/elawpdf/2025/2025-NZERA-214.pdf,employee_win,employee_win,yes,no
2025,2025 NZERA 222,https://determinations.era.govt.nz/assets/elawpdf/2025/2025-NZERA-222.pdf,,employee_win,no,no
2025,2025 NZERA 238,https://determinations.era.govt.nz/assets/elawpdf/2025/2025-NZERA-238.pdf,,employee_win,no,no
2025,2025 NZERA 245,https://determinations.era.govt.nz/assets/elawpdf/2025/2025-NZERA-245.pdf,,employee_win,no,no
2025,2025 NZERA 251,https://determinations.era.govt.nz/assets/elawpdf/2025/2025-NZERA-251.pdf,,employee_win,no,no
2025,2025 NZERA 258,https://determinations.era.govt.nz/assets/elawpdf/2025/2025-NZERA-258.pdf,,employer_win,no,no
2025,2025 NZERA 263,https://determinations.era.govt.nz/assets/elawpdf/2025/2025-NZERA-263.pdf,,employer_win,no,no
2025,[2024] NZERA 668,https://determinations.era.govt.nz/assets/elawpdf/2025/2025-NZERA-266.pdf,,employee_win,no,no
2025,2025 NZERA 267,https://determinations.era.govt.nz/assets/elawpdf/2025/2025-NZERA-267.pdf,employee_win,employer_win,yes,yes
2025,2025 NZERA 275,https://determinations.era.govt.nz/assets/elawpdf/2025/2025-NZERA-275.pdf,employee_win,employee_win,yes,no
2025,2025 NZERA 280,https://determinations.era.govt.nz/assets/elawpdf/2025/2025-NZERA-280.pdf,employee_win,employer_win,yes,yes
2025,2025 NZERA 289,https://determinations.era.govt.nz/assets/elawpdf/2025/2025-NZERA-289.pdf,,employee_win,no,no
2025,2025 NZERA 29,https://determinations.era.govt.nz/assets/elawpdf/2025/2025-NZERA-29.pdf,,employee_win,no,no
2025,2025 NZERA 293,https://determinations.era.govt.nz/assets/elawpdf/2025/2025-NZERA-293.pdf,,employer_win,no,no
2025,2025 NZERA 299,https://determinations.era.govt.nz/assets/elawpdf/2025/2025-NZERA-299.pdf,,employee_win,no,no
2025,2025 NZERA 3,https://determinations.era.govt.nz/assets/elawpdf/2025/2025-NZERA-3.pdf,employee_win,employee_win,yes,no
2025,2025 NZERA 300,https://determinations.era.govt.nz/assets/elawpdf/2025/2025-NZERA-300.pdf,employer_win,employer_win,yes,no
2025,2025 NZERA 301,https://determinations.era.govt.nz/assets/elawpdf/2025/2025-NZERA-301.pdf,,employer_win,no,no
2025,[2024] NZERA 489,https://determinations.era.govt.nz/assets/elawpdf/2025/2025-NZERA-303.pdf,,employee_win,no,no
2025,2025 NZERA 31,https://determinations.era.govt.nz/assets/elawpdf/2025/2025-NZERA-31.pdf,employee_win,employee_win,yes,no
2025,2025 NZERA 311,https://determinations.era.govt.nz/assets/elawpdf/2025/2025-NZERA-311.pdf,,employee_win,no,no
2025,2025 NZERA 312,https://determinations.era.govt.nz/assets/elawpdf/2025/2025-NZERA-312.pdf,,employee_win,no,no
2025,2025 NZERA 317,https://determinations.era.govt.nz/assets/elawpdf/2025/2025-NZERA-317.pdf,,employee_win,no,no
2025,2025 NZERA 319,https://determinations.era.govt.nz/assets/elawpdf/2025/2025-NZERA-319.pdf,,employee_win,no,no
2025,2025 NZERA 321,https://determinations.era.govt.nz/assets/elawpdf/2025/2025-NZERA-321.pdf,,employee_win,no,no
2025,2025 NZERA 330,https://determinations.era.govt.nz/assets/elawpdf/2025/2025-NZERA-330.pdf,employee_win,employee_win,yes,no
2025,2025 NZERA 341,https://determinations.era.govt.nz/assets/elawpdf/2025/2025-NZERA-341.pdf,,employer_win,no,no
2025,2025 NZERA 342,https://determinations.era.govt.nz/assets/elawpdf/2025/2025-NZERA-342.pdf,employee_win,employee_win,yes,no
2025,2025 NZERA 345,https://determinations.era.govt.nz/assets/elawpdf/2025/2025-NZERA-345.pdf,employee_win,employer_win,yes,yes
2025,2025 NZERA 350,https://determinations.era.govt.nz/assets/elawpdf/2025/2025-NZERA-350.pdf,,employer_win,no,no
2025,2025 NZERA 352,https://determinations.era.govt.nz/assets/elawpdf/2025/2025-NZERA-352.pdf,employee_win,employee_win,yes,no
2025,2025 NZERA 373,https://determinations.era.govt.nz/assets/elawpdf/2025/2025-NZERA-373.pdf,,employee_win,no,no
2025,2025 NZERA 376,https://determinations.era.govt.nz/assets/elawpdf/2025/2025-NZERA-376.pdf,employee_win,employer_win,yes,yes
2025,2025 NZERA 38,https://determinations.era.govt.nz/assets/elawpdf/2025/2025-NZERA-38.pdf,,employer_win,no,no
2025,2025 NZERA 381,https://determinations.era.govt.nz/assets/elawpdf/2025/2025-NZERA-381.pdf,,employee_win,no,no
2025,2025 NZERA 384,https://determinations.era.govt.nz/assets/elawpdf/2025/2025-NZERA-384.pdf,,employee_win,no,no
2025,2025 NZERA 385,https://determinations.era.govt.nz/assets/elawpdf/2025/2025-NZERA-385.pdf,employee_win,employee_win,yes,no
2025,2025 NZERA 389,https://determinations.era.govt.nz/assets/elawpdf/2025/2025-NZERA-389.pdf,,employee_win,no,no
2025,2025 NZERA 4,https://determinations.era.govt.nz/assets/elawpdf/2025/2025-NZERA-4.pdf,,employee_win,no,no
2025,2025 NZERA 40,https://determinations.era.govt.nz/assets/elawpdf/2025/2025-NZERA-40.pdf,,employee_win,no,no
2025,2025 NZERA 402,https://determinations.era.govt.nz/assets/elawpdf/2025/2025-NZERA-402.pdf,employer_win,employer_win,yes,no
2025,2025 NZERA 41,https://determinations.era.govt.nz/assets/elawpdf/2025/2025-NZERA-41.pdf,employee_win,employee_win,yes,no
2025,2025 NZERA 412,https://determinations.era.govt.nz/assets/elawpdf/2025/2025-NZERA-412.pdf,,employee_win,no,no
2025,2025 NZERA 413,https://determinations.era.govt.nz/assets/elawpdf/2025/2025-NZERA-413.pdf,employer_win,employee_win,yes,yes
2025,2025 NZERA 427,https://determinations.era.govt.nz/assets/elawpdf/2025/2025-NZERA-427.pdf,employee_win,employee_win,yes,no
2025,2025 NZERA 428,https://determinations.era.govt.nz/assets/elawpdf/2025/2025-NZERA-428.pdf,employee_win,employee_win,yes,no
2025,2025 NZERA 437,https://determinations.era.govt.nz/assets/elawpdf/2025/2025-NZERA-437.pdf,,employee_win,no,no
2025,2025 NZERA 438,https://determinations.era.govt.nz/assets/elawpdf/2025/2025-NZERA-438.pdf,,employer_win,no,no
2025,2025 NZERA 44,https://determinations.era.govt.nz/assets/elawpdf/2025/2025-NZERA-44.pdf,employee_win,employee_win,yes,no
2025,2025 NZERA 442,https://determinations.era.govt.nz/assets/elawpdf/2025/2025-NZERA-442.pdf,employee_win,employee_win,yes,no
2025,2025 NZERA 444,https://determinations.era.govt.nz/assets/elawpdf/2025/2025-NZERA-444.pdf,employee_win,employee_win,yes,no
2025,2025 NZERA 449,https://determinations.era.govt.nz/assets/elawpdf/2025/2025-NZERA-449.pdf,employee_win,employee_win,yes,no
2025,2025 NZERA 453,https://determinations.era.govt.nz/assets/elawpdf/2025/2025-NZERA-453.pdf,,employee_win,no,no
2025,2025 NZERA 454,https://determinations.era.govt.nz/assets/elawpdf/2025/2025-NZERA-454.pdf,employee_win,employee_win,yes,no
2025,2025 NZERA 455,https://determinations.era.govt.nz/assets/elawpdf/2025/2025-NZERA-455.pdf,employee_win,employee_win,yes,no
2025,2025 NZERA 457,https://determinations.era.govt.nz/assets/elawpdf/2025/2025-NZERA-457.pdf,employee_win,employee_win,yes,no
2025,2025 NZERA 466,https://determinations.era.govt.nz/assets/elawpdf/2025/2025-NZERA-466.pdf,,employee_win,no,no
2025,2025 NZERA 468,https://determinations.era.govt.nz/assets/elawpdf/2025/2025-NZERA-468.pdf,,employer_win,no,no
2025,2025 NZERA 469,https://determinations.era.govt.nz/assets/elawpdf/2025/2025-NZERA-469.pdf,employee_win,employee_win,yes,no
2025,2025 NZERA 472,https://determinations.era.govt.nz/assets/elawpdf/2025/2025-NZERA-472.pdf,,employer_win,no,no
2025,2025 NZERA 473,https://determinations.era.govt.nz/assets/elawpdf/2025/2025-NZERA-473.pdf,employee_win,employee_win,yes,no
2025,2025 NZERA 478,https://determinations.era.govt.nz/assets/elawpdf/2025/2025-NZERA-478.pdf,employer_win,employer_win,yes,no
2025,2025 NZERA 480,https://determinations.era.govt.nz/assets/elawpdf/2025/2025-NZERA-480.pdf,,employee_win,no,no
2025,2025 NZERA 483,https://determinations.era.govt.nz/assets/elawpdf/2025/2025-NZERA-483.pdf,,employer_win,no,no
2025,2025 NZERA 485,https://determinations.era.govt.nz/assets/elawpdf/2025/2025-NZERA-485.pdf,employee_win,employee_win,yes,no
2025,2025 NZERA 492,https://determinations.era.govt.nz/assets/elawpdf/2025/2025-NZERA-492.pdf,employee_win,employee_win,yes,no
2025,2025 NZERA 504,https://determinations.era.govt.nz/assets/elawpdf/2025/2025-NZERA-504.pdf,,employer_win,no,no
2025,2025 NZERA 507,https://determinations.era.govt.nz/assets/elawpdf/2025/2025-NZERA-507.pdf,,employee_win,no,no
2025,2025 NZERA 509,https://determinations.era.govt.nz/assets/elawpdf/2025/2025-NZERA-509.pdf,employer_win,employer_win,yes,no
2025,2025 NZERA 513,https://determinations.era.govt.nz/assets/elawpdf/2025/2025-NZERA-513.pdf,employee_win,employer_win,yes,yes
2025,2025 NZERA 519,https://determinations.era.govt.nz/assets/elawpdf/2025/2025-NZERA-519.pdf,,employer_win,no,no
2025,2025 NZERA 523,https://determinations.era.govt.nz/assets/elawpdf/2025/2025-NZERA-523.pdf,employee_win,employee_win,yes,no
2025,2025 NZERA 525,https://determinations.era.govt.nz/assets/elawpdf/2025/2025-NZERA-525.pdf,employee_win,employee_win,yes,no
2025,2025 NZERA 53,https://determinations.era.govt.nz/assets/elawpdf/2025/2025-NZERA-53.pdf,employer_win,employer_win,yes,no
2025,2025 NZERA 54,https://determinations.era.govt.nz/assets/elawpdf/2025/2025-NZERA-54.pdf,employee_win,employee_win,yes,no
2025,2025 NZERA 543,https://determinations.era.govt.nz/assets/elawpdf/2025/2025-NZERA-543.pdf,employee_win,employee_win,yes,no
2025,2025 NZERA 545,https://determinations.era.govt.nz/assets/elawpdf/2025/2025-NZERA-545.pdf,employee_win,employee_win,yes,no
2025,2025 NZERA 546,https://determinations.era.govt.nz/assets/elawpdf/2025/2025-NZERA-546.pdf,employee_win,employee_win,yes,no
2025,2025 NZERA 547,https://determinations.era.govt.nz/assets/elawpdf/2025/2025-NZERA-547.pdf,employee_win,employee_win,yes,no
2025,2025 NZERA 551,https://determinations.era.govt.nz/assets/elawpdf/2025/2025-NZERA-551.pdf,,employer_win,no,no
2025,2025 NZERA 553,https://determinations.era.govt.nz/assets/elawpdf/2025/2025-NZERA-553.pdf,employee_win,employee_win,yes,no
2025,2025 NZERA 554,https://determinations.era.govt.nz/assets/elawpdf/2025/2025-NZERA-554.pdf,employer_win,employer_win,yes,no
2025,2025 NZERA 557,https://determinations.era.govt.nz/assets/elawpdf/2025/2025-NZERA-557.pdf,,employee_win,no,no
2025,2025 NZERA 56,https://determinations.era.govt.nz/assets/elawpdf/2025/2025-NZERA-56.pdf,,employee_win,no,no
2025,2025 NZERA 560,https://determinations.era.govt.nz/assets/elawpdf/2025/2025-NZERA-560.pdf,employee_win,employee_win,yes,no
2025,2025 NZERA 561,https://determinations.era.govt.nz/assets/elawpdf/2025/2025-NZERA-561.pdf,,employee_win,no,no
2025,2025 NZERA 563,https://determinations.era.govt.nz/assets/elawpdf/2025/2025-NZERA-563.pdf,,employer_win,no,no
2025,2025 NZERA 57,https://determinations.era.govt.nz/assets/elawpdf/2025/2025-NZERA-57.pdf,employee_win,employer_win,yes,yes
2025,2025 NZERA 571,https://determinations.era.govt.nz/assets/elawpdf/2025/2025-NZERA-571.pdf,employee_win,employee_win,yes,no
2025,2025 NZERA 577,https://determinations.era.govt.nz/assets/elawpdf/2025/2025-NZERA-577.pdf,,employee_win,no,no
2025,2025 NZERA 586,https://determinations.era.govt.nz/assets/elawpdf/2025/2025-NZERA-586.pdf,,employer_win,no,no
2025,2025 NZERA 59,https://determinations.era.govt.nz/assets/elawpdf/2025/2025-NZERA-59.pdf,,employer_win,no,no
2025,2025 NZERA 592,https://determinations.era.govt.nz/assets/elawpdf/2025/2025-NZERA-592.pdf,employee_win,employee_win,yes,no
2025,2025 NZERA 594,https://determinations.era.govt.nz/assets/elawpdf/2025/2025-NZERA-594.pdf,employee_win,employer_win,yes,yes
2025,2025 NZERA 599,https://determinations.era.govt.nz/assets/elawpdf/2025/2025-NZERA-599.pdf,employee_win,employee_win,yes,no
2025,2025 NZERA 6,https://determinations.era.govt.nz/assets/elawpdf/2025/2025-NZERA-6.pdf,,employer_win,no,no
2025,2025 NZERA 600,https://determinations.era.govt.nz/assets/elawpdf/2025/2025-NZERA-600.pdf,,employer_win,no,no
2025,2025 NZERA 603,https://determinations.era.govt.nz/assets/elawpdf/2025/2025-NZERA-603.pdf,,employee_win,no,no
2025,2025 NZERA 607,https://determinations.era.govt.nz/assets/elawpdf/2025/2025-NZERA-607.pdf,,employer_win,no,no
2025,2025 NZERA 610,https://determinations.era.govt.nz/assets/elawpdf/2025/2025-NZERA-610.pdf,,employer_win,no,no
2025,2025 NZERA 611,https://determinations.era.govt.nz/assets/elawpdf/2025/2025-NZERA-611.pdf,employee_win,employer_win,yes,yes
2025,2025 NZERA 612,https://determinations.era.govt.nz/assets/elawpdf/2025/2025-NZERA-612.pdf,employee_win,employee_win,yes,no
2025,2025 NZERA 616,https://determinations.era.govt.nz/assets/elawpdf/2025/2025-NZERA-616.pdf,,employer_win,no,no
2025,2025 NZERA 621,https://determinations.era.govt.nz/assets/elawpdf/2025/2025-NZERA-621.pdf,employee_win,employee_win,yes,no
2025,2025 NZERA 626,https://determinations.era.govt.nz/assets/elawpdf/2025/2025-NZERA-626.pdf,,employer_win,no,no
2025,2025 NZERA 633,https://determinations.era.govt.nz/assets/elawpdf/2025/2025-NZERA-633.pdf,employee_win,employee_win,yes,no
2025,2025 NZERA 643,https://determinations.era.govt.nz/assets/elawpdf/2025/2025-NZERA-643.pdf,,employer_win,no,no
2025,2025 NZERA 653,https://determinations.era.govt.nz/assets/elawpdf/2025/2025-NZERA-653.pdf,employee_win,employer_win,yes,yes
2025,2025 NZERA 655,https://determinations.era.govt.nz/assets/elawpdf/2025/2025-NZERA-655.pdf,employee_win,employee_win,yes,no
2025,2025 NZERA 656,https://determinations.era.govt.nz/assets/elawpdf/2025/2025-NZERA-656.pdf,,employer_win,no,no
2025,2025 NZERA 658,https://determinations.era.govt.nz/assets/elawpdf/2025/2025-NZERA-658.pdf,,employer_win,no,no
2025,2025 NZERA 659,https://determinations.era.govt.nz/assets/elawpdf/2025/2025-NZERA-659.pdf,,employee_win,no,no
2025,2025 NZERA 665,https://determinations.era.govt.nz/assets/elawpdf/2025/2025-NZERA-665.pdf,employer_win,employer_win,yes,no
2025,2025 NZERA 668,https://determinations.era.govt.nz/assets/elawpdf/2025/2025-NZERA-668.pdf,employer_win,employee_win,yes,yes
2025,2025 NZERA 670,https://determinations.era.govt.nz/assets/elawpdf/2025/2025-NZERA-670.pdf,employer_win,employer_win,yes,no
2025,2025 NZERA 678,https://determinations.era.govt.nz/assets/elawpdf/2025/2025-NZERA-678.pdf,employee_win,employee_win,yes,no
2025,2025 NZERA 68,https://determinations.era.govt.nz/assets/elawpdf/2025/2025-NZERA-68.pdf,employee_win,employee_win,yes,no
2025,2025 NZERA 683,https://determinations.era.govt.nz/assets/elawpdf/2025/2025-NZERA-683.pdf,,employer_win,no,no
2025,2025 NZERA 687,https://determinations.era.govt.nz/assets/elawpdf/2025/2025-NZERA-687.pdf,employee_win,employee_win,yes,no
2025,2025 NZERA 689,https://determinations.era.govt.nz/assets/elawpdf/2025/2025-NZERA-689.pdf,employee_win,employee_win,yes,no
2025,2025 NZERA 69,https://determinations.era.govt.nz/assets/elawpdf/2025/2025-NZERA-69.pdf,employee_win,employee_win,yes,no
2025,2025 NZERA 694,https://determinations.era.govt.nz/assets/elawpdf/2025/2025-NZERA-694.pdf,,employer_win,no,no
2025,2025 NZERA 70,https://determinations.era.govt.nz/assets/elawpdf/2025/2025-NZERA-70.pdf,employee_win,employee_win,yes,no
2025,2025 NZERA 702,https://determinations.era.govt.nz/assets/elawpdf/2025/2025-NZERA-702.pdf,employee_win,employee_win,yes,no
2025,2025 NZERA 706,https://determinations.era.govt.nz/assets/elawpdf/2025/2025-NZERA-706.pdf,,employee_win,no,no
2025,2025 NZERA 709,https://determinations.era.govt.nz/assets/elawpdf/2025/2025-NZERA-709.pdf,employee_win,employee_win,yes,no
2025,2025 NZERA 713,https://determinations.era.govt.nz/assets/elawpdf/2025/2025-NZERA-713.pdf,,employee_win,no,no
2025,2025 NZERA 72,https://determinations.era.govt.nz/assets/elawpdf/2025/2025-NZERA-72.pdf,employee_win,employee_win,yes,no
2025,2025 NZERA 722,https://determinations.era.govt.nz/assets/elawpdf/2025/2025-NZERA-722.pdf,,employer_win,no,no
2025,2025 NZERA 726,https://determinations.era.govt.nz/assets/elawpdf/2025/2025-NZERA-726.pdf,employee_win,employee_win,yes,no
2025,2025 NZERA 73,https://determinations.era.govt.nz/assets/elawpdf/2025/2025-NZERA-73.pdf,employee_win,employee_win,yes,no
2025,2025 NZERA 737,https://determinations.era.govt.nz/assets/elawpdf/2025/2025-NZERA-737.pdf,employee_win,employee_win,yes,no
2025,2025 NZERA 74,https://determinations.era.govt.nz/assets/elawpdf/2025/2025-NZERA-74.pdf,employee_win,employee_win,yes,no
2025,2025 NZERA 75,https://determinations.era.govt.nz/assets/elawpdf/2025/2025-NZERA-75.pdf,employee_win,employee_win,yes,no
2025,2025 NZERA 757,https://determinations.era.govt.nz/assets/elawpdf/2025/2025-NZERA-757.pdf,employee_win,employee_win,yes,no
2025,2025 NZERA 765,https://determinations.era.govt.nz/assets/elawpdf/2025/2025-NZERA-765.pdf,employee_win,employee_win,yes,no
2025,2025 NZERA 767,https://determinations.era.govt.nz/assets/elawpdf/2025/2025-NZERA-767.pdf,,employee_win,no,no
2025,2025 NZERA 768,https://determinations.era.govt.nz/assets/elawpdf/2025/2025-NZERA-768.pdf,employee_win,employer_win,yes,yes
2025,2025 NZERA 777,https://determinations.era.govt.nz/assets/elawpdf/2025/2025-NZERA-777.pdf,employer_win,employer_win,yes,no
2025,2025 NZERA 782,https://determinations.era.govt.nz/assets/elawpdf/2025/2025-NZERA-782.pdf,employee_win,employee_win,yes,no
2025,2025 NZERA 783,https://determinations.era.govt.nz/assets/elawpdf/2025/2025-NZERA-783.pdf,employee_win,employer_win,yes,yes
2025,2025 NZERA 791,https://determinations.era.govt.nz/assets/elawpdf/2025/2025-NZERA-791.pdf,employee_win,employee_win,yes,no
2025,2025 NZERA 795,https://determinations.era.govt.nz/assets/elawpdf/2025/2025-NZERA-795.pdf,,employer_win,no,no
2025,2025 NZERA 798,https://determinations.era.govt.nz/assets/elawpdf/2025/2025-NZERA-798.pdf,,employer_win,no,no
2025,2025 NZERA 819,https://determinations.era.govt.nz/assets/elawpdf/2025/2025-NZERA-819.pdf,,employer_win,no,no
2025,2025 NZERA 829,https://determinations.era.govt.nz/assets/elawpdf/2025/2025-NZERA-829.pdf,employee_win,employer_win,yes,yes
2025,2025 NZERA 832,https://determinations.era.govt.nz/assets/elawpdf/2025/2025-NZERA-832.pdf,,employer_win,no,no
2025,2025 NZERA 835,https://determinations.era.govt.nz/assets/elawpdf/2025/2025-NZERA-835.pdf,employee_win,employee_win,yes,no
2025,2025 NZERA 836,https://determinations.era.govt.nz/assets/elawpdf/2025/2025-NZERA-836.pdf,,employee_win,no,no
2025,2025 NZERA 837,https://determinations.era.govt.nz/assets/elawpdf/2025/2025-NZERA-837.pdf,,employer_win,no,no
2025,2025 NZERA 841,https://determinations.era.govt.nz/assets/elawpdf/2025/2025-NZERA-841.pdf,,employer_win,no,no
2025,2025 NZERA 85,https://determinations.era.govt.nz/assets/elawpdf/2025/2025-NZERA-85.pdf,employee_win,employee_win,yes,no
2025,2025 NZERA 851,https://determinations.era.govt.nz/assets/elawpdf/2025/2025-NZERA-851.pdf,,employer_win,no,no
2025,2025 NZERA 88,https://determinations.era.govt.nz/assets/elawpdf/2025/2025-NZERA-88.pdf,,employee_win,no,no
2025,2025 NZERA 94,https://determinations.era.govt.nz/assets/elawpdf/2025/2025-NZERA-94.pdf,employee_win,employee_win,yes,no
2025,2025 NZERA 95,https://determinations.era.govt.nz/assets/elawpdf/2025/2025-NZERA-95.pdf,,employee_win,no,no
